# MySQL-Front 5.1  (Build 4.13)

/*!40101 SET @OLD_SQL_MODE=@@SQL_MODE */;
/*!40101 SET SQL_MODE='STRICT_TRANS_TABLES,NO_AUTO_CREATE_USER,NO_ENGINE_SUBSTITUTION' */;
/*!40111 SET @OLD_SQL_NOTES=@@SQL_NOTES */;
/*!40103 SET SQL_NOTES='ON' */;


# Host: localhost    Database: berp_db
# ------------------------------------------------------
# Server version 5.5.54

DROP DATABASE IF EXISTS `berp_db`;
CREATE DATABASE `berp_db` /*!40100 DEFAULT CHARACTER SET utf8 */;
USE `berp_db`;

#
# Source for table batch_flow
#

DROP TABLE IF EXISTS `batch_flow`;
CREATE TABLE `batch_flow` (
  `Id` int(11) NOT NULL AUTO_INCREMENT,
  `material_id` int(11) NOT NULL DEFAULT '0',
  `serial` varchar(100) NOT NULL DEFAULT '0',
  `type` tinyint(3) NOT NULL DEFAULT '0' COMMENT '0-采购进货 1-采购退货 2-销售出货 3-销售退货 4-生产下料 5-包装入库 6-盘点报溢 7-盘点报损',
  `status` tinyint(3) NOT NULL DEFAULT '0' COMMENT '0-未审核 1-已审核',
  `num_per_box` double(11,2) DEFAULT NULL,
  `box_num` int(11) DEFAULT NULL,
  `number` double(11,2) NOT NULL DEFAULT '0.00',
  `left_number` double(11,2) DEFAULT NULL,
  `direct` tinyint(3) NOT NULL DEFAULT '1',
  `cir_id` int(11) DEFAULT NULL,
  `plan_id` int(11) DEFAULT NULL,
  `room_id` int(11) DEFAULT NULL,
  `priority` int(11) DEFAULT NULL,
  `parent_id` int(11) DEFAULT NULL,
  `surface_id` int(11) DEFAULT NULL,
  `record_id` int(11) DEFAULT NULL,
  PRIMARY KEY (`Id`),
  KEY `fk_flow_cir` (`cir_id`),
  KEY `fk_flow_plan` (`plan_id`),
  KEY `fk_flow_material` (`material_id`),
  KEY `fk_flow_flow` (`parent_id`),
  KEY `fk_flow_room` (`room_id`),
  KEY `fk_flow_surface` (`surface_id`),
  KEY `fk_flow_record` (`record_id`)
) ENGINE=InnoDB AUTO_INCREMENT=685 DEFAULT CHARSET=utf8;

#
# Dumping data for table batch_flow
#

INSERT INTO `batch_flow` VALUES (88,37,'CGDH-20180127-001',0,1,NULL,NULL,15,15,1,131,NULL,18,0,NULL,NULL,13);
INSERT INTO `batch_flow` VALUES (89,37,'CGDH-20180127-002',0,1,NULL,NULL,5,3,1,132,NULL,18,0,NULL,NULL,14);
INSERT INTO `batch_flow` VALUES (91,38,'CGDH-20180127-003',0,1,NULL,NULL,300,300,1,134,NULL,27,0,NULL,NULL,17);
INSERT INTO `batch_flow` VALUES (96,34,'PDBY-20180127-001',6,1,NULL,NULL,1000,0,1,145,NULL,19,0,NULL,NULL,NULL);
INSERT INTO `batch_flow` VALUES (97,34,'PDBY-20180127-001',2,1,NULL,NULL,1000,0,-1,146,NULL,NULL,0,96,NULL,19);
INSERT INTO `batch_flow` VALUES (98,34,'PDBY-20180223-001',6,1,NULL,NULL,10000,9000,1,147,NULL,19,0,NULL,NULL,NULL);
INSERT INTO `batch_flow` VALUES (99,37,'CGDH-20180127-002',7,1,NULL,NULL,2,0,-1,148,NULL,NULL,0,89,NULL,NULL);
INSERT INTO `batch_flow` VALUES (100,81,'PDBY-20180225-001',6,1,NULL,NULL,600,200,1,149,NULL,39,0,NULL,NULL,NULL);
INSERT INTO `batch_flow` VALUES (101,81,'PDBY-20180225-001',7,1,NULL,NULL,400,0,-1,150,NULL,NULL,0,100,NULL,NULL);
INSERT INTO `batch_flow` VALUES (103,81,'PDBY-20180226-001',6,1,50,20,1000,0,1,152,NULL,38,0,NULL,NULL,NULL);
INSERT INTO `batch_flow` VALUES (105,81,'PDBY-20180226-001',7,1,50,20,1000,0,-1,154,NULL,NULL,0,103,NULL,NULL);
INSERT INTO `batch_flow` VALUES (109,48,'PDBY-20180226-002',6,1,3500,49,171500,171500,1,158,NULL,120,0,NULL,NULL,NULL);
INSERT INTO `batch_flow` VALUES (110,34,'PDBY-20180223-001',2,1,200,5,1000,0,-1,159,NULL,NULL,0,98,NULL,22);
INSERT INTO `batch_flow` VALUES (111,83,'PDBY-20180226-003',6,1,17,50,850,0,1,160,NULL,73,0,NULL,NULL,NULL);
INSERT INTO `batch_flow` VALUES (112,83,'PDBY-20180226-004',6,1,32.6,50,1630,0,1,161,NULL,65,0,NULL,NULL,NULL);
INSERT INTO `batch_flow` VALUES (113,84,'PDBY-20180226-005',6,1,26.86,50,1343,0,1,162,NULL,52,0,NULL,NULL,NULL);
INSERT INTO `batch_flow` VALUES (114,84,'PDBY-20180226-006',6,1,11.66,50,583,0,1,163,NULL,89,0,NULL,NULL,NULL);
INSERT INTO `batch_flow` VALUES (115,85,'PDBY-20180226-007',6,1,50,31,1550,0,1,164,NULL,69,0,NULL,NULL,NULL);
INSERT INTO `batch_flow` VALUES (116,85,'PDBY-20180226-008',6,1,50,17,850,0,1,165,NULL,68,0,NULL,NULL,NULL);
INSERT INTO `batch_flow` VALUES (117,86,'PDBY-20180226-009',6,1,50,24,1200,1200,1,166,NULL,44,0,NULL,NULL,NULL);
INSERT INTO `batch_flow` VALUES (118,85,'PDBY-20180226-007',6,1,47,1,47,0,1,164,NULL,69,1,NULL,NULL,NULL);
INSERT INTO `batch_flow` VALUES (119,87,'PDBY-20180226-010',6,1,50,12,600,600,1,167,NULL,49,0,NULL,NULL,NULL);
INSERT INTO `batch_flow` VALUES (120,87,'PDBY-20180226-010',6,1,35,1,35,35,1,167,NULL,49,1,NULL,NULL,NULL);
INSERT INTO `batch_flow` VALUES (121,86,'PDBY-20180226-011',6,1,50,16,800,800,1,168,NULL,43,0,NULL,NULL,NULL);
INSERT INTO `batch_flow` VALUES (122,88,'PDBY-20180226-012',6,1,50,21,1050,1050,1,169,NULL,48,0,NULL,NULL,NULL);
INSERT INTO `batch_flow` VALUES (123,88,'PDBY-20180226-012',6,1,15,1,15,15,1,169,NULL,48,1,NULL,NULL,NULL);
INSERT INTO `batch_flow` VALUES (124,89,'PDBY-20180226-013',6,1,51.2,8,409.6,409.6,1,170,NULL,45,0,NULL,NULL,NULL);
INSERT INTO `batch_flow` VALUES (125,83,'PDBY-20180226-003',7,1,17,50,850,0,-1,171,NULL,NULL,0,111,NULL,NULL);
INSERT INTO `batch_flow` VALUES (126,34,'KHTH-20180227-001',3,1,200,3,600,600,1,172,NULL,18,0,NULL,NULL,NULL);
INSERT INTO `batch_flow` VALUES (127,83,'PDBY-20180226-004',7,1,32.6,50,1630,0,-1,173,NULL,NULL,0,112,NULL,NULL);
INSERT INTO `batch_flow` VALUES (128,85,'PDBY-20180227-001',6,1,52,6,312,0,1,174,NULL,94,0,NULL,NULL,NULL);
INSERT INTO `batch_flow` VALUES (129,127,'PDBY-20180227-002',6,1,NULL,NULL,416,0,1,175,NULL,98,0,NULL,NULL,NULL);
INSERT INTO `batch_flow` VALUES (130,85,'PDBY-20180227-003',6,1,50,15,750,0,1,176,NULL,100,0,NULL,NULL,NULL);
INSERT INTO `batch_flow` VALUES (131,85,'PDBY-20180227-003',6,1,42,1,42,0,1,176,NULL,100,1,NULL,NULL,NULL);
INSERT INTO `batch_flow` VALUES (132,85,'PDBY-20180227-004',6,1,50,9,450,0,1,177,NULL,102,0,NULL,NULL,NULL);
INSERT INTO `batch_flow` VALUES (133,152,'PDBY-20180227-005',6,1,60,4,240,0,1,178,NULL,106,0,NULL,NULL,NULL);
INSERT INTO `batch_flow` VALUES (134,154,'PDBY-20180227-006',6,1,50,43,2150,2150,1,179,NULL,105,0,NULL,NULL,NULL);
INSERT INTO `batch_flow` VALUES (135,154,'PDBY-20180227-007',6,1,50,47,2350,2350,1,180,NULL,107,0,NULL,NULL,NULL);
INSERT INTO `batch_flow` VALUES (136,154,'PDBY-20180227-008',6,1,50,26,1300,1300,1,181,NULL,108,0,NULL,NULL,NULL);
INSERT INTO `batch_flow` VALUES (137,181,'PDBY-20180228-001',6,1,50,17,850,0,1,182,NULL,42,0,NULL,NULL,NULL);
INSERT INTO `batch_flow` VALUES (138,181,'PDBY-20180228-001',7,1,50,17,850,0,-1,183,NULL,NULL,0,137,NULL,NULL);
INSERT INTO `batch_flow` VALUES (139,83,'PDBY-20180228-002',6,1,50,23,1150,0,1,184,NULL,65,0,NULL,NULL,NULL);
INSERT INTO `batch_flow` VALUES (140,83,'PDBY-20180228-002',6,1,25,1,25,0,1,184,NULL,65,1,NULL,NULL,NULL);
INSERT INTO `batch_flow` VALUES (141,84,'PDBY-20180226-005',7,1,26.86,50,1343,0,-1,185,NULL,NULL,0,113,NULL,NULL);
INSERT INTO `batch_flow` VALUES (142,181,'PDBY-20180301-001',6,1,50,21,1050,0,1,186,NULL,42,0,NULL,NULL,NULL);
INSERT INTO `batch_flow` VALUES (143,181,'PDBY-20180301-001',7,1,50,21,1050,0,-1,187,NULL,NULL,0,142,NULL,NULL);
INSERT INTO `batch_flow` VALUES (144,181,'PDBY-20180301-002',6,1,50,19,950,0,1,188,NULL,43,0,NULL,NULL,NULL);
INSERT INTO `batch_flow` VALUES (145,181,'PDBY-20180301-002',6,1,44,1,44,0,1,188,NULL,43,1,NULL,NULL,NULL);
INSERT INTO `batch_flow` VALUES (146,182,'PDBY-20180301-003',6,1,50,13,650,0,1,189,NULL,42,0,NULL,NULL,NULL);
INSERT INTO `batch_flow` VALUES (147,182,'PDBY-20180301-003',6,1,34,1,34,0,1,189,NULL,42,1,NULL,NULL,NULL);
INSERT INTO `batch_flow` VALUES (148,182,'PDBY-20180301-003',7,1,50,13,650,0,-1,190,NULL,NULL,0,146,NULL,NULL);
INSERT INTO `batch_flow` VALUES (149,182,'PDBY-20180301-003',7,1,34,1,34,0,-1,190,NULL,NULL,1,147,NULL,NULL);
INSERT INTO `batch_flow` VALUES (150,81,'PDBY-20180301-004',6,1,50,32,1600,0,1,191,NULL,42,0,NULL,NULL,NULL);
INSERT INTO `batch_flow` VALUES (151,81,'PDBY-20180301-004',6,1,3,1,3,0,1,191,NULL,42,1,NULL,NULL,NULL);
INSERT INTO `batch_flow` VALUES (152,81,'PDBY-20180301-004',7,1,50,32,1600,0,-1,192,NULL,NULL,0,150,NULL,NULL);
INSERT INTO `batch_flow` VALUES (153,81,'PDBY-20180301-004',7,1,3,1,3,0,-1,192,NULL,NULL,1,151,NULL,NULL);
INSERT INTO `batch_flow` VALUES (154,181,'PDBY-20180301-005',6,1,50,7,350,0,1,193,NULL,42,0,NULL,NULL,NULL);
INSERT INTO `batch_flow` VALUES (155,181,'PDBY-20180301-005',7,1,50,7,350,0,-1,194,NULL,NULL,0,154,NULL,NULL);
INSERT INTO `batch_flow` VALUES (156,181,'PDBY-20180301-002',7,1,50,19,950,0,-1,195,NULL,NULL,0,144,NULL,NULL);
INSERT INTO `batch_flow` VALUES (157,181,'PDBY-20180301-002',7,1,44,1,44,0,-1,195,NULL,NULL,1,145,NULL,NULL);
INSERT INTO `batch_flow` VALUES (158,83,'PDBY-20180303-001',6,1,50,26,1300,0,1,196,NULL,42,0,NULL,NULL,NULL);
INSERT INTO `batch_flow` VALUES (159,83,'PDBY-20180303-002',6,1,40,1,40,0,1,197,NULL,42,0,NULL,NULL,NULL);
INSERT INTO `batch_flow` VALUES (160,83,'PDBY-20180303-002',7,1,40,1,40,0,-1,198,NULL,NULL,0,159,NULL,NULL);
INSERT INTO `batch_flow` VALUES (161,83,'PDBY-20180303-001',7,1,50,26,1300,0,-1,198,NULL,NULL,1,158,NULL,NULL);
INSERT INTO `batch_flow` VALUES (162,181,'PDBY-20180303-003',6,1,50,22,1100,0,1,199,NULL,42,0,NULL,NULL,NULL);
INSERT INTO `batch_flow` VALUES (163,181,'PDBY-20180303-003',6,1,20,1,20,0,1,199,NULL,42,1,NULL,NULL,NULL);
INSERT INTO `batch_flow` VALUES (164,181,'PDBY-20180303-003',7,1,50,22,1100,0,-1,200,NULL,NULL,0,162,NULL,NULL);
INSERT INTO `batch_flow` VALUES (165,181,'PDBY-20180303-003',7,1,20,1,20,0,-1,200,NULL,NULL,1,163,NULL,NULL);
INSERT INTO `batch_flow` VALUES (166,84,'PDBY-20180303-004',6,1,50,10,500,0,1,201,NULL,42,0,NULL,NULL,NULL);
INSERT INTO `batch_flow` VALUES (167,84,'PDBY-20180303-004',7,1,50,10,500,0,-1,202,NULL,NULL,0,166,NULL,NULL);
INSERT INTO `batch_flow` VALUES (168,181,'PDBY-20180304-001',6,1,50,14,700,0,1,203,NULL,42,0,NULL,NULL,NULL);
INSERT INTO `batch_flow` VALUES (169,181,'PDBY-20180304-001',7,1,50,14,700,0,-1,204,NULL,NULL,0,168,NULL,NULL);
INSERT INTO `batch_flow` VALUES (170,184,'PDBY-20180304-002',6,1,50,27,1350,0,1,205,NULL,42,0,NULL,NULL,NULL);
INSERT INTO `batch_flow` VALUES (171,184,'PDBY-20180304-002',7,1,50,27,1350,0,-1,206,NULL,NULL,0,170,NULL,NULL);
INSERT INTO `batch_flow` VALUES (172,186,'PDBY-20180304-003',6,1,50,17,850,0,1,207,NULL,42,0,NULL,NULL,NULL);
INSERT INTO `batch_flow` VALUES (173,186,'PDBY-20180304-003',6,1,30,1,30,0,1,207,NULL,42,1,NULL,NULL,NULL);
INSERT INTO `batch_flow` VALUES (174,186,'PDBY-20180304-003',7,1,50,17,850,0,-1,208,NULL,NULL,0,172,NULL,NULL);
INSERT INTO `batch_flow` VALUES (175,186,'PDBY-20180304-003',7,1,30,1,30,0,-1,208,NULL,NULL,1,173,NULL,NULL);
INSERT INTO `batch_flow` VALUES (176,85,'PDBY-20180227-001',7,1,52,6,312,0,-1,209,NULL,NULL,0,128,NULL,NULL);
INSERT INTO `batch_flow` VALUES (177,84,'PDBY-20180305-001',6,1,50,27,1350,0,1,210,NULL,42,0,NULL,NULL,NULL);
INSERT INTO `batch_flow` VALUES (178,84,'PDBY-20180305-001',7,1,50,27,1350,0,-1,211,NULL,NULL,0,177,NULL,NULL);
INSERT INTO `batch_flow` VALUES (179,81,'PDBY-20180305-002',6,1,50,21,1050,0,1,212,NULL,42,0,NULL,NULL,NULL);
INSERT INTO `batch_flow` VALUES (180,81,'PDBY-20180305-002',6,1,22,1,22,0,1,212,NULL,42,1,NULL,NULL,NULL);
INSERT INTO `batch_flow` VALUES (181,81,'PDBY-20180305-002',7,1,50,21,1050,0,-1,213,NULL,NULL,0,179,NULL,NULL);
INSERT INTO `batch_flow` VALUES (182,81,'PDBY-20180305-002',7,1,22,1,22,0,-1,213,NULL,NULL,1,180,NULL,NULL);
INSERT INTO `batch_flow` VALUES (183,82,'PDBY-20180305-003',6,1,50,36,1800,0,1,214,NULL,42,0,NULL,NULL,NULL);
INSERT INTO `batch_flow` VALUES (184,82,'PDBY-20180305-003',6,1,41,1,41,0,1,214,NULL,42,1,NULL,NULL,NULL);
INSERT INTO `batch_flow` VALUES (185,85,'PDBY-20180227-004',7,1,50,9,450,0,-1,215,NULL,NULL,0,132,NULL,NULL);
INSERT INTO `batch_flow` VALUES (186,85,'PDBY-20180226-007',7,1,50,31,1550,0,-1,216,NULL,NULL,0,115,NULL,NULL);
INSERT INTO `batch_flow` VALUES (187,85,'PDBY-20180226-007',7,1,47,1,47,0,-1,217,NULL,NULL,0,118,NULL,NULL);
INSERT INTO `batch_flow` VALUES (188,83,'PDBY-20180306-001',6,1,50,17,850,0,1,218,NULL,42,0,NULL,NULL,NULL);
INSERT INTO `batch_flow` VALUES (189,83,'PDBY-20180306-001',7,1,50,17,850,0,-1,219,NULL,NULL,0,188,NULL,NULL);
INSERT INTO `batch_flow` VALUES (190,39,'CGDH-20180307-001',0,1,NULL,NULL,1000,890,1,220,NULL,18,0,NULL,NULL,39);
INSERT INTO `batch_flow` VALUES (193,181,'PDBY-20180307-001',6,1,50,57,2850,0,1,221,NULL,42,0,NULL,NULL,NULL);
INSERT INTO `batch_flow` VALUES (194,181,'PDBY-20180307-001',6,1,34,1,34,0,1,221,NULL,42,1,NULL,NULL,NULL);
INSERT INTO `batch_flow` VALUES (195,181,'PDBY-20180307-001',7,1,50,57,2850,0,-1,222,NULL,NULL,0,193,NULL,NULL);
INSERT INTO `batch_flow` VALUES (196,181,'PDBY-20180307-001',7,1,34,1,34,0,-1,222,NULL,NULL,1,194,NULL,NULL);
INSERT INTO `batch_flow` VALUES (197,84,'PDBY-20180307-002',6,1,50,27,1350,0,1,223,NULL,42,0,NULL,NULL,NULL);
INSERT INTO `batch_flow` VALUES (198,84,'PDBY-20180307-002',7,1,50,27,1350,0,-1,224,NULL,NULL,0,197,NULL,NULL);
INSERT INTO `batch_flow` VALUES (199,152,'PDBY-20180227-005',7,1,60,4,240,0,-1,225,NULL,NULL,0,133,NULL,NULL);
INSERT INTO `batch_flow` VALUES (200,83,'PDBY-20180228-002',7,1,50,23,1150,0,-1,226,NULL,NULL,0,139,NULL,NULL);
INSERT INTO `batch_flow` VALUES (201,83,'PDBY-20180228-002',7,1,25,1,25,0,-1,226,NULL,NULL,1,140,NULL,NULL);
INSERT INTO `batch_flow` VALUES (202,184,'PDBY-20180308-001',6,1,50,37,1850,0,1,227,NULL,53,0,NULL,NULL,NULL);
INSERT INTO `batch_flow` VALUES (203,81,'PDBY-20180309-001',6,1,50,49,2450,0,1,228,NULL,42,0,NULL,NULL,NULL);
INSERT INTO `batch_flow` VALUES (204,81,'PDBY-20180309-001',6,1,34,1,34,0,1,228,NULL,42,1,NULL,NULL,NULL);
INSERT INTO `batch_flow` VALUES (205,81,'PDBY-20180309-001',7,1,50,49,2450,0,-1,229,NULL,NULL,0,203,NULL,NULL);
INSERT INTO `batch_flow` VALUES (206,81,'PDBY-20180309-001',7,1,34,1,34,0,-1,229,NULL,NULL,1,204,NULL,NULL);
INSERT INTO `batch_flow` VALUES (207,84,'PDBY-20180226-006',7,1,11.66,50,583,0,-1,230,NULL,NULL,0,114,NULL,NULL);
INSERT INTO `batch_flow` VALUES (208,83,'PDBY-20180310-001',6,1,50,24,1200,0,1,231,NULL,42,0,NULL,NULL,NULL);
INSERT INTO `batch_flow` VALUES (209,83,'PDBY-20180310-001',6,1,30,1,30,0,1,231,NULL,42,1,NULL,NULL,NULL);
INSERT INTO `batch_flow` VALUES (210,83,'PDBY-20180310-001',7,1,50,24,1200,0,-1,232,NULL,NULL,0,208,NULL,NULL);
INSERT INTO `batch_flow` VALUES (211,83,'PDBY-20180310-001',7,1,30,1,30,0,-1,232,NULL,NULL,1,209,NULL,NULL);
INSERT INTO `batch_flow` VALUES (212,154,'PDBY-20180310-002',6,1,50,24,1200,1200,1,233,NULL,102,0,NULL,NULL,NULL);
INSERT INTO `batch_flow` VALUES (213,184,'PDBY-20180310-003',6,1,50,17,850,0,1,234,NULL,52,0,NULL,NULL,NULL);
INSERT INTO `batch_flow` VALUES (214,187,'PDBY-20180310-004',6,1,72,2,144,0,1,235,NULL,42,0,NULL,NULL,NULL);
INSERT INTO `batch_flow` VALUES (215,187,'PDBY-20180310-004',7,1,72,2,144,0,-1,236,NULL,NULL,0,214,NULL,NULL);
INSERT INTO `batch_flow` VALUES (216,181,'PDBY-20180311-001',6,1,50,22,1100,0,1,237,NULL,42,0,NULL,NULL,NULL);
INSERT INTO `batch_flow` VALUES (217,181,'PDBY-20180311-001',7,1,50,22,1100,0,-1,238,NULL,NULL,0,216,NULL,NULL);
INSERT INTO `batch_flow` VALUES (218,187,'PDBY-20180311-002',6,1,50,10,500,0,1,239,NULL,42,0,NULL,NULL,NULL);
INSERT INTO `batch_flow` VALUES (219,187,'PDBY-20180311-002',6,1,10,1,10,0,1,239,NULL,42,1,NULL,NULL,NULL);
INSERT INTO `batch_flow` VALUES (220,187,'PDBY-20180311-002',7,1,50,10,500,0,-1,240,NULL,NULL,0,218,NULL,NULL);
INSERT INTO `batch_flow` VALUES (221,187,'PDBY-20180311-002',7,1,10,1,10,0,-1,240,NULL,NULL,1,219,NULL,NULL);
INSERT INTO `batch_flow` VALUES (222,188,'PDBY-20180311-003',6,1,50,19,950,0,1,241,NULL,42,0,NULL,NULL,NULL);
INSERT INTO `batch_flow` VALUES (223,188,'PDBY-20180311-003',7,1,50,19,950,0,-1,242,NULL,NULL,0,222,NULL,NULL);
INSERT INTO `batch_flow` VALUES (224,189,'PDBY-20180311-004',6,1,2770,1,2770,0,1,243,NULL,42,0,NULL,NULL,NULL);
INSERT INTO `batch_flow` VALUES (225,189,'PDBY-20180311-004',7,1,2770,1,2770,0,-1,244,NULL,NULL,0,224,NULL,NULL);
INSERT INTO `batch_flow` VALUES (226,181,'PDBY-20180313-001',6,1,50,22,1100,0,1,245,NULL,42,0,NULL,NULL,NULL);
INSERT INTO `batch_flow` VALUES (227,181,'PDBY-20180313-001',7,1,50,22,1100,0,-1,246,NULL,NULL,0,226,NULL,NULL);
INSERT INTO `batch_flow` VALUES (228,187,'PDBY-20180313-002',6,1,50,16,800,0,1,247,NULL,42,0,NULL,NULL,NULL);
INSERT INTO `batch_flow` VALUES (229,187,'PDBY-20180313-002',6,1,31,1,31,0,1,247,NULL,42,1,NULL,NULL,NULL);
INSERT INTO `batch_flow` VALUES (230,187,'PDBY-20180313-002',7,1,50,16,800,0,-1,248,NULL,NULL,0,228,NULL,NULL);
INSERT INTO `batch_flow` VALUES (231,187,'PDBY-20180313-002',7,1,31,1,31,0,-1,248,NULL,NULL,1,229,NULL,NULL);
INSERT INTO `batch_flow` VALUES (232,188,'PDBY-20180313-003',6,1,50,29,1450,0,1,249,NULL,42,0,NULL,NULL,NULL);
INSERT INTO `batch_flow` VALUES (233,188,'PDBY-20180313-003',6,1,34,1,34,0,1,249,NULL,42,1,NULL,NULL,NULL);
INSERT INTO `batch_flow` VALUES (234,188,'PDBY-20180313-003',7,1,50,29,1450,0,-1,250,NULL,NULL,0,232,NULL,NULL);
INSERT INTO `batch_flow` VALUES (235,188,'PDBY-20180313-003',7,1,34,1,34,0,-1,250,NULL,NULL,1,233,NULL,NULL);
INSERT INTO `batch_flow` VALUES (236,189,'PDBY-20180313-004',6,1,2358,1,2358,0,1,251,NULL,42,0,NULL,NULL,NULL);
INSERT INTO `batch_flow` VALUES (237,84,'PDBY-20180313-005',6,1,50,11,550,0,1,252,NULL,42,0,NULL,NULL,NULL);
INSERT INTO `batch_flow` VALUES (238,84,'PDBY-20180313-005',7,1,50,11,550,0,-1,253,NULL,NULL,0,237,NULL,NULL);
INSERT INTO `batch_flow` VALUES (239,188,'PDBY-20180314-001',6,1,50,19,950,0,1,254,NULL,62,0,NULL,NULL,NULL);
INSERT INTO `batch_flow` VALUES (240,81,'PDBY-20180314-002',6,1,50,21,1050,0,1,255,NULL,42,0,NULL,NULL,NULL);
INSERT INTO `batch_flow` VALUES (241,81,'PDBY-20180314-002',6,1,30,1,30,0,1,255,NULL,42,1,NULL,NULL,NULL);
INSERT INTO `batch_flow` VALUES (242,81,'PDBY-20180314-002',7,1,50,21,1050,0,-1,256,NULL,NULL,0,240,NULL,NULL);
INSERT INTO `batch_flow` VALUES (243,81,'PDBY-20180314-002',7,1,30,1,30,0,-1,256,NULL,NULL,1,241,NULL,NULL);
INSERT INTO `batch_flow` VALUES (244,83,'PDBY-20180314-003',6,1,50,22,1100,0,1,257,NULL,42,0,NULL,NULL,NULL);
INSERT INTO `batch_flow` VALUES (245,83,'PDBY-20180314-003',6,1,60,1,60,0,1,257,NULL,42,1,NULL,NULL,NULL);
INSERT INTO `batch_flow` VALUES (246,181,'PDBY-20180314-004',6,1,50,23,1150,0,1,258,NULL,42,0,NULL,NULL,NULL);
INSERT INTO `batch_flow` VALUES (247,83,'PDBY-20180314-003',7,1,50,22,1100,0,-1,259,NULL,NULL,0,244,NULL,NULL);
INSERT INTO `batch_flow` VALUES (248,83,'PDBY-20180314-003',7,1,60,1,60,0,-1,259,NULL,NULL,1,245,NULL,NULL);
INSERT INTO `batch_flow` VALUES (249,181,'PDBY-20180314-004',7,1,50,23,1150,0,-1,260,NULL,NULL,0,246,NULL,NULL);
INSERT INTO `batch_flow` VALUES (250,84,'PDBY-20180316-001',6,1,50,38,1900,0,1,261,NULL,42,0,NULL,NULL,NULL);
INSERT INTO `batch_flow` VALUES (251,84,'PDBY-20180316-001',7,1,50,38,1900,0,-1,262,NULL,NULL,0,250,NULL,NULL);
INSERT INTO `batch_flow` VALUES (252,189,'PDBY-20180316-002',6,1,NULL,NULL,697,697,1,263,NULL,42,0,NULL,NULL,NULL);
INSERT INTO `batch_flow` VALUES (253,85,'PDBY-20180226-008',7,1,50,17,850,0,-1,264,NULL,NULL,0,116,NULL,NULL);
INSERT INTO `batch_flow` VALUES (254,85,'PDBY-20180227-003',7,1,50,15,750,0,-1,265,NULL,NULL,0,130,NULL,NULL);
INSERT INTO `batch_flow` VALUES (255,85,'PDBY-20180227-003',7,1,42,1,42,0,-1,265,NULL,NULL,1,131,NULL,NULL);
INSERT INTO `batch_flow` VALUES (256,81,'PDBY-20180316-003',6,1,50,22,1100,0,1,266,NULL,42,0,NULL,NULL,NULL);
INSERT INTO `batch_flow` VALUES (257,81,'PDBY-20180316-003',6,1,29,1,29,0,1,266,NULL,42,1,NULL,NULL,NULL);
INSERT INTO `batch_flow` VALUES (258,81,'PDBY-20180316-003',7,1,50,22,1100,0,-1,267,NULL,NULL,0,256,NULL,NULL);
INSERT INTO `batch_flow` VALUES (259,81,'PDBY-20180316-003',7,1,29,1,29,0,-1,267,NULL,NULL,1,257,NULL,NULL);
INSERT INTO `batch_flow` VALUES (260,182,'PDBY-20180316-004',6,1,21,50,1050,0,1,268,NULL,63,0,NULL,NULL,NULL);
INSERT INTO `batch_flow` VALUES (261,182,'PDBY-20180316-004',6,1,13,1,13,0,1,268,NULL,63,1,NULL,NULL,NULL);
INSERT INTO `batch_flow` VALUES (262,82,'PDBY-20180305-003',7,1,50,36,1800,0,-1,269,NULL,NULL,0,183,NULL,NULL);
INSERT INTO `batch_flow` VALUES (263,82,'PDBY-20180305-003',7,1,41,1,41,0,-1,269,NULL,NULL,1,184,NULL,NULL);
INSERT INTO `batch_flow` VALUES (264,82,'PDBY-20180316-005',6,1,50,11,550,0,1,270,NULL,42,0,NULL,NULL,NULL);
INSERT INTO `batch_flow` VALUES (265,82,'PDBY-20180316-005',6,1,29,1,29,0,1,270,NULL,42,1,NULL,NULL,NULL);
INSERT INTO `batch_flow` VALUES (266,82,'PDBY-20180316-005',7,1,50,11,550,0,-1,271,NULL,NULL,0,264,NULL,NULL);
INSERT INTO `batch_flow` VALUES (267,82,'PDBY-20180316-005',7,1,29,1,29,0,-1,271,NULL,NULL,1,265,NULL,NULL);
INSERT INTO `batch_flow` VALUES (268,181,'PDBY-20180316-006',6,1,50,19,950,0,1,272,NULL,42,0,NULL,NULL,NULL);
INSERT INTO `batch_flow` VALUES (269,181,'PDBY-20180316-006',7,1,50,19,950,0,-1,273,NULL,NULL,0,268,NULL,NULL);
INSERT INTO `batch_flow` VALUES (270,83,'PDBY-20180316-007',6,1,50,25,1250,0,1,274,NULL,42,0,NULL,NULL,NULL);
INSERT INTO `batch_flow` VALUES (271,83,'PDBY-20180316-007',7,1,50,25,1250,0,-1,275,NULL,NULL,0,270,NULL,NULL);
INSERT INTO `batch_flow` VALUES (272,189,'PDBY-20180313-004',7,1,2358,1,2358,0,-1,276,NULL,NULL,0,236,NULL,NULL);
INSERT INTO `batch_flow` VALUES (273,181,'PDBY-20180317-001',6,1,50,25,1250,0,1,277,NULL,42,0,NULL,NULL,NULL);
INSERT INTO `batch_flow` VALUES (274,181,'PDBY-20180317-001',7,1,50,25,1250,0,-1,278,NULL,NULL,0,273,NULL,NULL);
INSERT INTO `batch_flow` VALUES (275,84,'PDBY-20180317-002',6,1,50,20,1000,0,1,279,NULL,42,0,NULL,NULL,NULL);
INSERT INTO `batch_flow` VALUES (276,84,'PDBY-20180317-003',6,1,50,19,950,0,1,280,NULL,42,0,NULL,NULL,NULL);
INSERT INTO `batch_flow` VALUES (277,84,'PDBY-20180317-003',6,1,25,1,25,0,1,280,NULL,42,1,NULL,NULL,NULL);
INSERT INTO `batch_flow` VALUES (278,81,'PDBY-20180317-004',6,1,50,46,2300,0,1,281,NULL,42,0,NULL,NULL,NULL);
INSERT INTO `batch_flow` VALUES (279,81,'PDBY-20180317-004',6,1,34,1,34,34,1,281,NULL,42,1,NULL,NULL,NULL);
INSERT INTO `batch_flow` VALUES (280,82,'PDBY-20180317-005',6,1,50,20,1000,0,1,282,NULL,42,0,NULL,NULL,NULL);
INSERT INTO `batch_flow` VALUES (281,82,'PDBY-20180317-005',6,1,36,1,36,0,1,282,NULL,42,1,NULL,NULL,NULL);
INSERT INTO `batch_flow` VALUES (282,82,'PDBY-20180317-005',7,1,50,20,1000,0,-1,283,NULL,NULL,0,280,NULL,NULL);
INSERT INTO `batch_flow` VALUES (283,82,'PDBY-20180317-005',7,1,36,1,36,0,-1,283,NULL,NULL,1,281,NULL,NULL);
INSERT INTO `batch_flow` VALUES (284,187,'PDBY-20180317-006',6,1,50,9,450,0,1,284,NULL,42,0,NULL,NULL,NULL);
INSERT INTO `batch_flow` VALUES (285,187,'PDBY-20180317-006',6,1,21,1,21,0,1,284,NULL,42,1,NULL,NULL,NULL);
INSERT INTO `batch_flow` VALUES (286,187,'PDBY-20180317-006',7,1,50,9,450,0,-1,285,NULL,NULL,0,284,NULL,NULL);
INSERT INTO `batch_flow` VALUES (287,187,'PDBY-20180317-006',7,1,21,1,21,0,-1,285,NULL,NULL,1,285,NULL,NULL);
INSERT INTO `batch_flow` VALUES (288,83,'PDBY-20180317-007',6,1,50,21,1050,0,1,286,NULL,42,0,NULL,NULL,NULL);
INSERT INTO `batch_flow` VALUES (289,83,'PDBY-20180317-007',6,1,35,1,35,0,1,286,NULL,42,1,NULL,NULL,NULL);
INSERT INTO `batch_flow` VALUES (290,181,'PDBY-20180317-008',6,1,50,15,750,0,1,287,NULL,42,0,NULL,NULL,NULL);
INSERT INTO `batch_flow` VALUES (291,83,'PDBY-20180317-007',7,1,50,21,1050,0,-1,288,NULL,NULL,0,288,NULL,NULL);
INSERT INTO `batch_flow` VALUES (292,83,'PDBY-20180317-007',7,1,35,1,35,0,-1,288,NULL,NULL,1,289,NULL,NULL);
INSERT INTO `batch_flow` VALUES (293,181,'PDBY-20180317-008',7,1,50,15,750,0,-1,289,NULL,NULL,0,290,NULL,NULL);
INSERT INTO `batch_flow` VALUES (294,84,'PDBY-20180318-001',6,1,NULL,NULL,550,0,1,290,NULL,42,0,NULL,NULL,NULL);
INSERT INTO `batch_flow` VALUES (295,81,'PDBY-20180318-002',6,1,50,21,1050,0,1,291,NULL,42,0,NULL,NULL,NULL);
INSERT INTO `batch_flow` VALUES (296,81,'PDBY-20180318-002',6,1,25,1,25,0,1,291,NULL,42,1,NULL,NULL,NULL);
INSERT INTO `batch_flow` VALUES (297,190,'PDBY-20180318-003',6,1,50,16,800,0,1,292,NULL,42,0,NULL,NULL,NULL);
INSERT INTO `batch_flow` VALUES (298,188,'PDBY-20180318-004',6,1,50,17,850,0,1,293,NULL,42,0,NULL,NULL,NULL);
INSERT INTO `batch_flow` VALUES (299,188,'PDBY-20180318-004',6,1,20,1,20,0,1,293,NULL,42,1,NULL,NULL,NULL);
INSERT INTO `batch_flow` VALUES (300,84,'PDBY-20180318-005',6,1,50,34,1700,0,1,294,NULL,42,0,NULL,NULL,NULL);
INSERT INTO `batch_flow` VALUES (301,83,'PDBY-20180319-001',6,1,50,21,1050,0,1,295,NULL,42,0,NULL,NULL,NULL);
INSERT INTO `batch_flow` VALUES (302,83,'PDBY-20180319-001',6,1,5,1,5,0,1,295,NULL,42,1,NULL,NULL,NULL);
INSERT INTO `batch_flow` VALUES (303,83,'PDBY-20180319-001',7,1,50,21,1050,0,-1,296,NULL,NULL,0,301,NULL,NULL);
INSERT INTO `batch_flow` VALUES (304,83,'PDBY-20180319-001',7,1,5,1,5,0,-1,296,NULL,NULL,1,302,NULL,NULL);
INSERT INTO `batch_flow` VALUES (305,181,'PDBY-20180319-002',6,1,50,20,1000,0,1,297,NULL,42,0,NULL,NULL,NULL);
INSERT INTO `batch_flow` VALUES (306,181,'PDBY-20180319-002',6,1,30,1,30,0,1,297,NULL,42,1,NULL,NULL,NULL);
INSERT INTO `batch_flow` VALUES (307,181,'PDBY-20180319-002',7,1,50,20,1000,0,-1,298,NULL,NULL,0,305,NULL,NULL);
INSERT INTO `batch_flow` VALUES (308,181,'PDBY-20180319-002',7,1,30,1,30,0,-1,298,NULL,NULL,1,306,NULL,NULL);
INSERT INTO `batch_flow` VALUES (309,188,'PDBY-20180314-001',7,1,50,19,950,0,-1,299,NULL,NULL,0,239,NULL,NULL);
INSERT INTO `batch_flow` VALUES (310,84,'PDBY-20180320-001',6,1,NULL,NULL,1300,0,1,300,NULL,83,0,NULL,NULL,NULL);
INSERT INTO `batch_flow` VALUES (311,181,'PDBY-20180320-002',6,1,50,12,600,0,1,301,NULL,42,0,NULL,NULL,NULL);
INSERT INTO `batch_flow` VALUES (312,181,'PDBY-20180320-002',6,1,3,1,3,0,1,301,NULL,42,1,NULL,NULL,NULL);
INSERT INTO `batch_flow` VALUES (313,181,'PDBY-20180320-003',6,1,50,1,50,0,1,302,NULL,42,0,NULL,NULL,NULL);
INSERT INTO `batch_flow` VALUES (314,181,'PDBY-20180320-002',7,1,50,12,600,0,-1,303,NULL,NULL,0,311,NULL,NULL);
INSERT INTO `batch_flow` VALUES (315,181,'PDBY-20180320-002',7,1,3,1,3,0,-1,303,NULL,NULL,1,312,NULL,NULL);
INSERT INTO `batch_flow` VALUES (316,181,'PDBY-20180320-003',7,1,50,1,50,0,-1,303,NULL,NULL,2,313,NULL,NULL);
INSERT INTO `batch_flow` VALUES (317,190,'PDBY-20180320-004',6,1,50,24,1200,0,1,304,NULL,42,0,NULL,NULL,NULL);
INSERT INTO `batch_flow` VALUES (318,190,'PDBY-20180320-004',6,1,30,1,30,0,1,304,NULL,42,1,NULL,NULL,NULL);
INSERT INTO `batch_flow` VALUES (319,188,'PDBY-20180320-005',6,1,50,14,700,700,1,305,NULL,73,0,NULL,NULL,NULL);
INSERT INTO `batch_flow` VALUES (320,188,'PDBY-20180320-005',6,1,71,1,71,71,1,305,NULL,73,1,NULL,NULL,NULL);
INSERT INTO `batch_flow` VALUES (321,82,'PDBY-20180320-006',6,1,50,43,2150,0,1,306,NULL,42,0,NULL,NULL,NULL);
INSERT INTO `batch_flow` VALUES (322,82,'PDBY-20180320-006',6,1,6,1,6,0,1,306,NULL,42,1,NULL,NULL,NULL);
INSERT INTO `batch_flow` VALUES (323,82,'PDBY-20180320-006',7,1,50,43,2150,0,-1,307,NULL,NULL,0,321,NULL,NULL);
INSERT INTO `batch_flow` VALUES (324,82,'PDBY-20180320-006',7,1,6,1,6,0,-1,307,NULL,NULL,1,322,NULL,NULL);
INSERT INTO `batch_flow` VALUES (325,83,'PDBY-20180320-007',6,1,50,24,1200,0,1,308,NULL,42,0,NULL,NULL,NULL);
INSERT INTO `batch_flow` VALUES (326,83,'PDBY-20180320-007',6,1,25,1,25,0,1,308,NULL,42,1,NULL,NULL,NULL);
INSERT INTO `batch_flow` VALUES (327,83,'PDBY-20180320-007',7,1,50,24,1200,0,-1,309,NULL,NULL,0,325,NULL,NULL);
INSERT INTO `batch_flow` VALUES (328,83,'PDBY-20180320-007',7,1,25,1,25,0,-1,309,NULL,NULL,1,326,NULL,NULL);
INSERT INTO `batch_flow` VALUES (329,83,'PDBY-20180321-001',6,1,50,14,700,0,1,310,NULL,42,0,NULL,NULL,NULL);
INSERT INTO `batch_flow` VALUES (330,188,'PDBY-20180318-004',7,1,50,17,850,0,-1,311,NULL,NULL,0,298,NULL,NULL);
INSERT INTO `batch_flow` VALUES (331,188,'PDBY-20180318-004',7,1,20,1,20,0,-1,311,NULL,NULL,1,299,NULL,NULL);
INSERT INTO `batch_flow` VALUES (332,81,'PDBY-20180317-004',7,1,50,46,2300,0,-1,312,NULL,NULL,0,278,NULL,NULL);
INSERT INTO `batch_flow` VALUES (333,84,'PDBY-20180321-002',6,1,NULL,NULL,1650,0,1,313,NULL,42,0,NULL,NULL,NULL);
INSERT INTO `batch_flow` VALUES (334,181,'PDBY-20180321-003',6,1,50,26,1300,0,1,314,NULL,42,0,NULL,NULL,NULL);
INSERT INTO `batch_flow` VALUES (335,181,'PDBY-20180321-003',6,1,NULL,NULL,12,0,1,314,NULL,42,1,NULL,NULL,NULL);
INSERT INTO `batch_flow` VALUES (336,81,'PDBY-20180318-002',7,1,50,21,1050,0,-1,315,NULL,NULL,0,295,NULL,NULL);
INSERT INTO `batch_flow` VALUES (337,81,'PDBY-20180318-002',7,1,25,1,25,0,-1,315,NULL,NULL,1,296,NULL,NULL);
INSERT INTO `batch_flow` VALUES (338,84,'PDBY-20180324-001',6,1,50,41,2050,0,1,316,NULL,42,0,NULL,NULL,NULL);
INSERT INTO `batch_flow` VALUES (339,84,'PDBY-20180324-002',6,1,50,14,700,0,1,317,NULL,42,0,NULL,NULL,NULL);
INSERT INTO `batch_flow` VALUES (340,181,'PDBY-20180324-003',6,1,NULL,NULL,1850,0,1,318,NULL,42,0,NULL,NULL,NULL);
INSERT INTO `batch_flow` VALUES (341,181,'PDBY-20180324-003',6,1,NULL,NULL,24,0,1,318,NULL,42,1,NULL,NULL,NULL);
INSERT INTO `batch_flow` VALUES (342,190,'PDBY-20180324-004',6,1,959,1,959,0,1,319,NULL,42,0,NULL,NULL,NULL);
INSERT INTO `batch_flow` VALUES (343,190,'PDBY-20180324-004',7,1,959,1,959,0,-1,320,NULL,NULL,0,342,NULL,NULL);
INSERT INTO `batch_flow` VALUES (344,188,'PDBY-20180324-005',6,1,50,12,600,600,1,321,NULL,42,0,NULL,NULL,NULL);
INSERT INTO `batch_flow` VALUES (345,188,'PDBY-20180324-005',6,1,37,1,37,37,1,321,NULL,42,1,NULL,NULL,NULL);
INSERT INTO `batch_flow` VALUES (346,82,'PDBY-20180324-006',6,1,1763,1,1763,0,1,322,NULL,42,0,NULL,NULL,NULL);
INSERT INTO `batch_flow` VALUES (347,82,'PDBY-20180324-006',7,1,1763,1,1763,0,-1,323,NULL,NULL,0,346,NULL,NULL);
INSERT INTO `batch_flow` VALUES (348,190,'PDBY-20180324-007',6,1,906,1,906,0,1,324,NULL,42,0,NULL,NULL,NULL);
INSERT INTO `batch_flow` VALUES (349,188,'PDBY-20180324-008',6,1,50,15,750,750,1,325,NULL,42,0,NULL,NULL,NULL);
INSERT INTO `batch_flow` VALUES (350,188,'PDBY-20180324-008',6,1,30,1,30,30,1,325,NULL,42,1,NULL,NULL,NULL);
INSERT INTO `batch_flow` VALUES (351,181,'PDBY-20180324-009',6,1,NULL,NULL,700,0,1,326,NULL,42,0,NULL,NULL,NULL);
INSERT INTO `batch_flow` VALUES (352,181,'PDBY-20180324-009',6,1,NULL,NULL,70,0,1,326,NULL,42,1,NULL,NULL,NULL);
INSERT INTO `batch_flow` VALUES (353,190,'PDBY-20180324-010',6,1,50,34,1700,0,1,327,NULL,42,0,NULL,NULL,NULL);
INSERT INTO `batch_flow` VALUES (354,190,'PDBY-20180324-010',6,1,39,1,39,0,1,327,NULL,42,1,NULL,NULL,NULL);
INSERT INTO `batch_flow` VALUES (355,190,'PDBY-20180324-010',7,1,50,34,1700,0,-1,328,NULL,NULL,0,353,NULL,NULL);
INSERT INTO `batch_flow` VALUES (356,190,'PDBY-20180324-010',7,1,39,1,39,0,-1,328,NULL,NULL,1,354,NULL,NULL);
INSERT INTO `batch_flow` VALUES (357,82,'PDBY-20180324-011',6,1,811,1,811,0,1,329,NULL,42,0,NULL,NULL,NULL);
INSERT INTO `batch_flow` VALUES (358,82,'PDBY-20180324-011',7,1,811,1,811,0,-1,330,NULL,NULL,0,357,NULL,NULL);
INSERT INTO `batch_flow` VALUES (359,188,'PDBY-20180324-012',6,1,874,1,874,0,1,331,NULL,42,0,NULL,NULL,NULL);
INSERT INTO `batch_flow` VALUES (360,188,'PDBY-20180324-012',7,1,874,1,874,0,-1,332,NULL,NULL,0,359,NULL,NULL);
INSERT INTO `batch_flow` VALUES (361,187,'PDBY-20180324-013',6,1,210,1,210,0,1,333,NULL,42,0,NULL,NULL,NULL);
INSERT INTO `batch_flow` VALUES (362,190,'PDBY-20180318-003',7,1,50,16,800,0,-1,334,NULL,NULL,0,297,NULL,NULL);
INSERT INTO `batch_flow` VALUES (363,190,'PDBY-20180320-004',7,1,50,24,1200,0,-1,335,NULL,NULL,0,317,NULL,NULL);
INSERT INTO `batch_flow` VALUES (364,190,'PDBY-20180320-004',7,1,30,1,30,0,-1,335,NULL,NULL,1,318,NULL,NULL);
INSERT INTO `batch_flow` VALUES (365,182,'PDBY-20180316-004',7,1,21,50,1050,0,-1,336,NULL,NULL,0,260,NULL,NULL);
INSERT INTO `batch_flow` VALUES (366,182,'PDBY-20180316-004',7,1,13,1,13,0,-1,336,NULL,NULL,1,261,NULL,NULL);
INSERT INTO `batch_flow` VALUES (367,84,'PDBY-20180330-001',6,1,500,1,500,0,1,337,NULL,42,0,NULL,NULL,NULL);
INSERT INTO `batch_flow` VALUES (368,84,'PDBY-20180330-001',7,1,500,1,500,0,-1,338,NULL,NULL,0,367,NULL,NULL);
INSERT INTO `batch_flow` VALUES (369,84,'PDBY-20180330-002',6,1,50,50,2500,0,1,339,NULL,42,0,NULL,NULL,NULL);
INSERT INTO `batch_flow` VALUES (370,84,'PDBY-20180330-003',6,1,NULL,NULL,823,0,1,340,NULL,42,0,NULL,NULL,NULL);
INSERT INTO `batch_flow` VALUES (371,183,'PDBY-20180330-004',6,1,2219,1,2219,0,1,341,NULL,42,0,NULL,NULL,NULL);
INSERT INTO `batch_flow` VALUES (372,81,'PDBY-20180330-005',6,1,2189,1,2189,0,1,342,NULL,42,0,NULL,NULL,NULL);
INSERT INTO `batch_flow` VALUES (373,81,'PDBY-20180330-005',7,1,2189,1,2189,0,-1,343,NULL,NULL,0,372,NULL,NULL);
INSERT INTO `batch_flow` VALUES (374,181,'PDBY-20180330-006',6,1,2009,1,2009,0,1,344,NULL,42,0,NULL,NULL,NULL);
INSERT INTO `batch_flow` VALUES (375,187,'PDBY-20180330-007',6,1,708,1,708,0,1,345,NULL,42,0,NULL,NULL,NULL);
INSERT INTO `batch_flow` VALUES (376,182,'PDBY-20180330-008',6,1,994,1,994,0,1,346,NULL,42,0,NULL,NULL,NULL);
INSERT INTO `batch_flow` VALUES (377,181,'PDBY-20180330-006',7,1,2009,1,2009,0,-1,347,NULL,NULL,0,374,NULL,NULL);
INSERT INTO `batch_flow` VALUES (378,181,'PDBY-20180330-009',6,1,1969,1,1969,0,1,348,NULL,42,0,NULL,NULL,NULL);
INSERT INTO `batch_flow` VALUES (379,181,'PDBY-20180330-009',7,1,1969,1,1969,0,-1,349,NULL,NULL,0,378,NULL,NULL);
INSERT INTO `batch_flow` VALUES (380,188,'PDBY-20180330-010',6,1,1996,1,1996,0,1,350,NULL,42,0,NULL,NULL,NULL);
INSERT INTO `batch_flow` VALUES (381,188,'PDBY-20180330-010',7,1,1996,1,1996,0,-1,351,NULL,NULL,0,380,NULL,NULL);
INSERT INTO `batch_flow` VALUES (382,181,'PDBY-20180330-011',6,1,1637,1,1637,0,1,352,NULL,42,0,NULL,NULL,NULL);
INSERT INTO `batch_flow` VALUES (383,85,'PDBY-20180330-012',6,1,840,1,840,840,1,353,NULL,42,0,NULL,NULL,NULL);
INSERT INTO `batch_flow` VALUES (384,82,'PDBY-20180330-013',6,1,526,1,526,0,1,354,NULL,42,0,NULL,NULL,NULL);
INSERT INTO `batch_flow` VALUES (385,190,'PDBY-20180330-014',6,1,1427,1,1427,0,1,355,NULL,42,0,NULL,NULL,NULL);
INSERT INTO `batch_flow` VALUES (386,188,'PDBY-20180330-015',6,1,1679,1,1679,1679,1,356,NULL,42,0,NULL,NULL,NULL);
INSERT INTO `batch_flow` VALUES (387,181,'PDBY-20180330-016',6,1,1864,1,1864,0,1,357,NULL,42,0,NULL,NULL,NULL);
INSERT INTO `batch_flow` VALUES (388,85,'PDBY-20180330-017',6,1,397,1,397,397,1,358,NULL,42,0,NULL,NULL,NULL);
INSERT INTO `batch_flow` VALUES (389,181,'PDBY-20180330-011',7,1,1637,1,1637,0,-1,359,NULL,NULL,0,382,NULL,NULL);
INSERT INTO `batch_flow` VALUES (390,183,'PDBY-20180330-004',7,1,2219,1,2219,0,-1,360,NULL,NULL,0,371,NULL,NULL);
INSERT INTO `batch_flow` VALUES (391,84,'PDBY-20180402-001',6,1,650,1,650,0,1,361,NULL,42,0,NULL,NULL,NULL);
INSERT INTO `batch_flow` VALUES (392,81,'PDBY-20180402-002',6,1,1053,1,1053,0,1,362,NULL,42,0,NULL,NULL,NULL);
INSERT INTO `batch_flow` VALUES (393,81,'PDBY-20180402-002',7,1,1053,1,1053,0,-1,363,NULL,NULL,0,392,NULL,NULL);
INSERT INTO `batch_flow` VALUES (394,82,'PDBY-20180402-003',6,1,2563,1,2563,0,1,364,NULL,42,0,NULL,NULL,NULL);
INSERT INTO `batch_flow` VALUES (395,82,'PDBY-20180402-003',7,1,2563,1,2563,0,-1,365,NULL,NULL,0,394,NULL,NULL);
INSERT INTO `batch_flow` VALUES (396,82,'PDBY-20180330-013',7,1,526,1,526,0,-1,366,NULL,NULL,0,384,NULL,NULL);
INSERT INTO `batch_flow` VALUES (397,181,'PDBY-20180402-004',6,1,1966,1,1966,0,1,367,NULL,42,0,NULL,NULL,NULL);
INSERT INTO `batch_flow` VALUES (398,181,'PDBY-20180402-004',7,1,1966,1,1966,0,-1,368,NULL,NULL,0,397,NULL,NULL);
INSERT INTO `batch_flow` VALUES (399,181,'PDBY-20180402-005',6,1,50,21,1050,0,1,369,NULL,42,0,NULL,NULL,NULL);
INSERT INTO `batch_flow` VALUES (400,181,'PDBY-20180402-005',6,1,50,42,2100,0,1,369,NULL,42,1,NULL,NULL,NULL);
INSERT INTO `batch_flow` VALUES (401,182,'PDBY-20180330-008',7,1,994,1,994,0,-1,370,NULL,NULL,0,376,NULL,NULL);
INSERT INTO `batch_flow` VALUES (402,83,'PDBY-20180321-001',7,1,50,14,700,0,-1,371,NULL,NULL,0,329,NULL,NULL);
INSERT INTO `batch_flow` VALUES (403,83,'PDBY-20180402-006',6,1,1251,1,1251,0,1,372,NULL,42,0,NULL,NULL,NULL);
INSERT INTO `batch_flow` VALUES (404,83,'PDBY-20180402-006',7,1,1251,1,1251,0,-1,373,NULL,NULL,0,403,NULL,NULL);
INSERT INTO `batch_flow` VALUES (405,84,'PDBY-20180330-002',7,1,50,50,2500,0,-1,374,NULL,NULL,0,369,NULL,NULL);
INSERT INTO `batch_flow` VALUES (406,181,'PDBY-20180402-005',7,1,50,42,2100,0,-1,375,NULL,NULL,0,400,NULL,NULL);
INSERT INTO `batch_flow` VALUES (407,181,'PDBY-20180402-005',7,1,50,21,1050,0,-1,376,NULL,NULL,0,399,NULL,NULL);
INSERT INTO `batch_flow` VALUES (408,181,'PDBY-20180321-003',7,1,50,26,1300,0,-1,377,NULL,NULL,0,334,NULL,NULL);
INSERT INTO `batch_flow` VALUES (409,83,'PDBY-20180403-001',6,1,1270,1,1270,0,1,378,NULL,42,0,NULL,NULL,NULL);
INSERT INTO `batch_flow` VALUES (410,83,'PDBY-20180403-001',7,1,1270,1,1270,0,-1,379,NULL,NULL,0,409,NULL,NULL);
INSERT INTO `batch_flow` VALUES (411,81,'PDBY-20180404-001',6,1,3725,1,3725,0,1,380,NULL,42,0,NULL,NULL,NULL);
INSERT INTO `batch_flow` VALUES (412,81,'PDBY-20180404-001',7,1,3725,1,3725,0,-1,381,NULL,NULL,0,411,NULL,NULL);
INSERT INTO `batch_flow` VALUES (413,181,'PDBY-20180404-002',6,1,1690,1,1690,0,1,382,NULL,64,0,NULL,NULL,NULL);
INSERT INTO `batch_flow` VALUES (414,83,'PDBY-20180406-001',6,1,1185,1,1185,0,1,383,NULL,42,0,NULL,NULL,NULL);
INSERT INTO `batch_flow` VALUES (415,83,'PDBY-20180406-001',7,1,1185,1,1185,0,-1,384,NULL,NULL,0,414,NULL,NULL);
INSERT INTO `batch_flow` VALUES (416,193,'PDBY-20180406-002',6,1,963,1,963,0,1,385,NULL,42,0,NULL,NULL,NULL);
INSERT INTO `batch_flow` VALUES (417,193,'PDBY-20180406-002',7,1,963,1,963,0,-1,386,NULL,NULL,0,416,NULL,NULL);
INSERT INTO `batch_flow` VALUES (418,81,'PDBY-20180406-003',6,1,1384,1,1384,0,1,387,NULL,42,0,NULL,NULL,NULL);
INSERT INTO `batch_flow` VALUES (419,81,'PDBY-20180406-003',7,1,1384,1,1384,0,-1,388,NULL,NULL,0,418,NULL,NULL);
INSERT INTO `batch_flow` VALUES (420,39,'CGDH-20180307-001',4,1,NULL,NULL,100,0,-1,NULL,33,NULL,0,190,NULL,NULL);
INSERT INTO `batch_flow` VALUES (421,39,'CGDH-20180307-001',4,1,NULL,NULL,10,0,-1,NULL,34,NULL,0,190,NULL,NULL);
INSERT INTO `batch_flow` VALUES (422,218,'CGDH-20180415-001',0,1,NULL,NULL,300,0,1,391,NULL,27,0,NULL,NULL,62);
INSERT INTO `batch_flow` VALUES (423,218,'CGDH-20180415-001',4,1,NULL,NULL,300,0,-1,NULL,35,NULL,0,422,NULL,NULL);
INSERT INTO `batch_flow` VALUES (425,181,'PDBY-20180404-002',7,1,1690,1,1690,0,-1,395,NULL,NULL,0,413,NULL,NULL);
INSERT INTO `batch_flow` VALUES (426,184,'PDBY-20180310-003',7,1,50,17,850,0,-1,396,NULL,NULL,0,213,NULL,NULL);
INSERT INTO `batch_flow` VALUES (427,181,'PDBY-20180330-016',7,1,1864,1,1864,0,-1,397,NULL,NULL,0,387,NULL,NULL);
INSERT INTO `batch_flow` VALUES (428,81,'PDBY-20180418-001',6,1,697,1,697,697,1,398,NULL,42,0,NULL,NULL,NULL);
INSERT INTO `batch_flow` VALUES (429,188,'PDBY-20180418-002',6,1,946,1,946,946,1,399,NULL,42,0,NULL,NULL,NULL);
INSERT INTO `batch_flow` VALUES (430,85,'PDBY-20180418-003',6,1,1575,1,1575,0,1,400,NULL,42,0,NULL,NULL,NULL);
INSERT INTO `batch_flow` VALUES (431,188,'PDBY-20180418-004',6,1,1943,1,1943,1943,1,401,NULL,42,0,NULL,NULL,NULL);
INSERT INTO `batch_flow` VALUES (432,181,'PDBY-20180418-005',6,1,NULL,NULL,1420,0,1,402,NULL,42,0,NULL,NULL,NULL);
INSERT INTO `batch_flow` VALUES (433,82,'PDBY-20180418-006',6,1,1163,1,1163,0,1,403,NULL,42,0,NULL,NULL,NULL);
INSERT INTO `batch_flow` VALUES (434,190,'PDBY-20180418-007',6,1,2298,1,2298,0,1,404,NULL,42,0,NULL,NULL,NULL);
INSERT INTO `batch_flow` VALUES (435,85,'PDBY-20180418-003',7,1,1575,1,1575,0,-1,405,NULL,NULL,0,430,NULL,NULL);
INSERT INTO `batch_flow` VALUES (436,84,'PDBY-20180324-001',7,1,50,41,2050,0,-1,406,NULL,NULL,0,338,NULL,NULL);
INSERT INTO `batch_flow` VALUES (437,84,'PDBY-20180402-001',7,1,650,1,650,0,-1,407,NULL,NULL,0,391,NULL,NULL);
INSERT INTO `batch_flow` VALUES (438,84,'PDBY-20180317-003',7,1,50,19,950,0,-1,408,NULL,NULL,0,276,NULL,NULL);
INSERT INTO `batch_flow` VALUES (439,84,'PDBY-20180317-003',7,1,25,1,25,0,-1,408,NULL,NULL,1,277,NULL,NULL);
INSERT INTO `batch_flow` VALUES (440,81,'PDBY-20180418-008',6,1,1055,1,1055,0,1,409,NULL,42,0,NULL,NULL,NULL);
INSERT INTO `batch_flow` VALUES (441,81,'PDBY-20180418-008',7,1,1055,1,1055,0,-1,410,NULL,NULL,0,440,NULL,NULL);
INSERT INTO `batch_flow` VALUES (442,82,'PDBY-20180419-001',6,1,2135,1,2135,0,1,411,NULL,42,0,NULL,NULL,NULL);
INSERT INTO `batch_flow` VALUES (443,82,'PDBY-20180418-006',7,1,1163,1,1163,0,-1,412,NULL,NULL,0,433,NULL,NULL);
INSERT INTO `batch_flow` VALUES (444,82,'PDBY-20180419-001',7,1,2135,1,2135,0,-1,412,NULL,NULL,1,442,NULL,NULL);
INSERT INTO `batch_flow` VALUES (445,84,'PDBY-20180318-005',7,1,50,34,1700,0,-1,413,NULL,NULL,0,300,NULL,NULL);
INSERT INTO `batch_flow` VALUES (446,84,'PDBY-20180317-002',7,1,50,20,1000,0,-1,414,NULL,NULL,0,275,NULL,NULL);
INSERT INTO `batch_flow` VALUES (447,187,'PDBY-20180324-013',7,1,210,1,210,0,-1,415,NULL,NULL,0,361,NULL,NULL);
INSERT INTO `batch_flow` VALUES (448,187,'PDBY-20180330-007',7,1,708,1,708,0,-1,415,NULL,NULL,1,375,NULL,NULL);
INSERT INTO `batch_flow` VALUES (449,82,'PDBY-20180423-001',6,1,1130,1,1130,0,1,416,NULL,42,0,NULL,NULL,NULL);
INSERT INTO `batch_flow` VALUES (450,82,'PDBY-20180423-001',7,1,1130,1,1130,0,-1,417,NULL,NULL,0,449,NULL,NULL);
INSERT INTO `batch_flow` VALUES (451,184,'PDBY-20180308-001',7,1,50,37,1850,0,-1,418,NULL,NULL,0,202,NULL,NULL);
INSERT INTO `batch_flow` VALUES (452,285,'PDBY-20180423-002',6,1,1659,1,1659,0,1,419,NULL,42,0,NULL,NULL,NULL);
INSERT INTO `batch_flow` VALUES (453,285,'PDBY-20180423-002',7,1,1659,1,1659,0,-1,420,NULL,NULL,0,452,NULL,NULL);
INSERT INTO `batch_flow` VALUES (454,254,'PDBY-20180424-001',6,1,747,1,747,0,1,421,NULL,42,0,NULL,NULL,NULL);
INSERT INTO `batch_flow` VALUES (455,254,'PDBY-20180424-001',7,1,747,1,747,0,-1,422,NULL,NULL,0,454,NULL,NULL);
INSERT INTO `batch_flow` VALUES (456,290,'PDBY-20180424-002',6,1,100,1,100,100,1,423,NULL,42,0,NULL,NULL,NULL);
INSERT INTO `batch_flow` VALUES (457,81,'PDBY-20180426-001',6,1,689,1,689,0,1,424,NULL,42,0,NULL,NULL,NULL);
INSERT INTO `batch_flow` VALUES (458,81,'PDBY-20180426-001',7,1,689,1,689,0,-1,425,NULL,NULL,0,457,NULL,NULL);
INSERT INTO `batch_flow` VALUES (459,84,'PDBY-20180324-002',7,1,50,14,700,0,-1,426,NULL,NULL,0,339,NULL,NULL);
INSERT INTO `batch_flow` VALUES (460,187,'PDBY-20180427-001',6,1,912,1,912,0,1,427,NULL,42,0,NULL,NULL,NULL);
INSERT INTO `batch_flow` VALUES (461,187,'PDBY-20180427-001',7,1,912,1,912,0,-1,428,NULL,NULL,0,460,NULL,NULL);
INSERT INTO `batch_flow` VALUES (462,190,'PDBY-20180324-007',7,1,906,1,906,0,-1,429,NULL,NULL,0,348,NULL,NULL);
INSERT INTO `batch_flow` VALUES (463,190,'PDBY-20180330-014',7,1,1427,1,1427,0,-1,429,NULL,NULL,1,385,NULL,NULL);
INSERT INTO `batch_flow` VALUES (464,190,'PDBY-20180418-007',7,1,2298,1,2298,0,-1,429,NULL,NULL,2,434,NULL,NULL);
INSERT INTO `batch_flow` VALUES (465,190,'PDBY-20180427-002',6,1,2304,1,2304,0,1,430,NULL,42,0,NULL,NULL,NULL);
INSERT INTO `batch_flow` VALUES (466,190,'PDBY-20180427-002',7,1,2304,1,2304,0,-1,431,NULL,NULL,0,465,NULL,NULL);
INSERT INTO `batch_flow` VALUES (467,193,'PDBY-20180428-001',6,1,1443,1,1443,0,1,432,NULL,42,0,NULL,NULL,NULL);
INSERT INTO `batch_flow` VALUES (468,193,'PDBY-20180428-001',7,1,1443,1,1443,0,-1,433,NULL,NULL,0,467,NULL,NULL);
INSERT INTO `batch_flow` VALUES (469,81,'PDBY-20180428-002',6,1,800,1,800,0,1,434,NULL,42,0,NULL,NULL,NULL);
INSERT INTO `batch_flow` VALUES (470,82,'PDBY-20180428-003',6,1,300,1,300,0,1,435,NULL,42,0,NULL,NULL,NULL);
INSERT INTO `batch_flow` VALUES (471,81,'PDBY-20180428-002',7,1,800,1,800,0,-1,436,NULL,NULL,0,469,NULL,NULL);
INSERT INTO `batch_flow` VALUES (472,82,'PDBY-20180428-003',7,1,300,1,300,0,-1,437,NULL,NULL,0,470,NULL,NULL);
INSERT INTO `batch_flow` VALUES (473,298,'PDBY-20180429-001',6,1,924,1,924,924,1,438,NULL,42,0,NULL,NULL,NULL);
INSERT INTO `batch_flow` VALUES (474,181,'PDBY-20180321-003',7,1,12,1,12,0,-1,439,NULL,NULL,0,335,NULL,NULL);
INSERT INTO `batch_flow` VALUES (475,181,'PDBY-20180324-003',7,1,50,37,1850,0,-1,439,NULL,NULL,1,340,NULL,NULL);
INSERT INTO `batch_flow` VALUES (476,181,'PDBY-20180324-003',7,1,24,1,24,0,-1,439,NULL,NULL,2,341,NULL,NULL);
INSERT INTO `batch_flow` VALUES (477,181,'PDBY-20180324-009',7,1,50,14,700,0,-1,439,NULL,NULL,3,351,NULL,NULL);
INSERT INTO `batch_flow` VALUES (478,181,'PDBY-20180324-009',7,1,70,1,70,0,-1,439,NULL,NULL,4,352,NULL,NULL);
INSERT INTO `batch_flow` VALUES (479,181,'PDBY-20180418-005',7,1,1420,1,1420,0,-1,439,NULL,NULL,5,432,NULL,NULL);
INSERT INTO `batch_flow` VALUES (480,294,'PDBY-20180504-001',6,1,NULL,NULL,1833,0,1,440,NULL,42,0,NULL,NULL,NULL);
INSERT INTO `batch_flow` VALUES (481,294,'PDBY-20180504-001',7,1,1833,1,1833,0,-1,441,NULL,NULL,0,480,NULL,NULL);
INSERT INTO `batch_flow` VALUES (482,190,'PDBY-20180504-002',6,1,NULL,NULL,1530,0,1,442,NULL,42,0,NULL,NULL,NULL);
INSERT INTO `batch_flow` VALUES (483,190,'PDBY-20180504-002',7,1,1530,1,1530,0,-1,443,NULL,NULL,0,482,NULL,NULL);
INSERT INTO `batch_flow` VALUES (484,85,'PDBY-20180504-003',6,1,1922,1,1922,1922,1,444,NULL,42,0,NULL,NULL,NULL);
INSERT INTO `batch_flow` VALUES (485,190,'PDBY-20180505-001',6,1,NULL,NULL,1135,0,1,445,NULL,42,0,NULL,NULL,NULL);
INSERT INTO `batch_flow` VALUES (486,84,'PDBY-20180330-003',7,1,823,1,823,0,-1,446,NULL,NULL,0,370,NULL,NULL);
INSERT INTO `batch_flow` VALUES (487,190,'PDBY-20180505-002',6,1,NULL,NULL,928,0,1,447,NULL,42,0,NULL,NULL,NULL);
INSERT INTO `batch_flow` VALUES (488,190,'PDBY-20180505-002',7,1,928,1,928,0,-1,448,NULL,NULL,0,487,NULL,NULL);
INSERT INTO `batch_flow` VALUES (489,190,'PDBY-20180505-003',6,1,NULL,NULL,928,0,1,449,NULL,42,0,NULL,NULL,NULL);
INSERT INTO `batch_flow` VALUES (490,255,'PDBY-20180505-004',6,1,NULL,NULL,330,0,1,450,NULL,42,0,NULL,NULL,NULL);
INSERT INTO `batch_flow` VALUES (491,242,'PDBY-20180505-005',6,1,NULL,NULL,262,0,1,451,NULL,42,0,NULL,NULL,NULL);
INSERT INTO `batch_flow` VALUES (492,252,'PDBY-20180505-006',6,1,NULL,NULL,154,0,1,452,NULL,42,0,NULL,NULL,NULL);
INSERT INTO `batch_flow` VALUES (493,299,'PDBY-20180505-007',6,1,NULL,NULL,684,0,1,453,NULL,42,0,NULL,NULL,NULL);
INSERT INTO `batch_flow` VALUES (494,84,'PDBY-20180321-002',7,1,50,33,1650,0,-1,454,NULL,NULL,0,333,NULL,NULL);
INSERT INTO `batch_flow` VALUES (495,300,'PDBY-20180505-008',6,1,NULL,NULL,428,0,1,455,NULL,42,0,NULL,NULL,NULL);
INSERT INTO `batch_flow` VALUES (496,300,'PDBY-20180505-008',7,1,428,1,428,0,-1,456,NULL,NULL,0,495,NULL,NULL);
INSERT INTO `batch_flow` VALUES (497,245,'PDBY-20180506-001',6,1,NULL,NULL,372,0,1,457,NULL,42,0,NULL,NULL,NULL);
INSERT INTO `batch_flow` VALUES (498,245,'PDBY-20180506-001',7,1,372,1,372,0,-1,458,NULL,NULL,0,497,NULL,NULL);
INSERT INTO `batch_flow` VALUES (499,181,'PDBY-20180506-002',6,1,NULL,NULL,1331,0,1,459,NULL,42,0,NULL,NULL,NULL);
INSERT INTO `batch_flow` VALUES (500,301,'PDBY-20180506-003',6,1,NULL,NULL,415,0,1,460,NULL,42,0,NULL,NULL,NULL);
INSERT INTO `batch_flow` VALUES (501,220,'PDBY-20180506-004',6,1,NULL,NULL,503,0,1,461,NULL,42,0,NULL,NULL,NULL);
INSERT INTO `batch_flow` VALUES (502,301,'PDBY-20180506-003',7,1,415,1,415,0,-1,462,NULL,NULL,0,500,NULL,NULL);
INSERT INTO `batch_flow` VALUES (503,181,'PDBY-20180506-002',7,1,1331,1,1331,0,-1,463,NULL,NULL,0,499,NULL,NULL);
INSERT INTO `batch_flow` VALUES (504,299,'PDBY-20180505-007',7,1,684,1,684,0,-1,464,NULL,NULL,0,493,NULL,NULL);
INSERT INTO `batch_flow` VALUES (505,252,'PDBY-20180505-006',7,1,154,1,154,0,-1,465,NULL,NULL,0,492,NULL,NULL);
INSERT INTO `batch_flow` VALUES (506,242,'PDBY-20180505-005',7,1,262,1,262,0,-1,466,NULL,NULL,0,491,NULL,NULL);
INSERT INTO `batch_flow` VALUES (507,236,'PDBY-20180507-001',6,1,NULL,NULL,350,350,1,467,NULL,42,0,NULL,NULL,NULL);
INSERT INTO `batch_flow` VALUES (508,220,'PDBY-20180507-002',6,1,NULL,NULL,270,0,1,468,NULL,42,0,NULL,NULL,NULL);
INSERT INTO `batch_flow` VALUES (509,301,'PDBY-20180507-003',6,1,NULL,NULL,159,0,1,469,NULL,42,0,NULL,NULL,NULL);
INSERT INTO `batch_flow` VALUES (510,181,'PDBY-20180507-004',6,1,NULL,NULL,1368,0,1,470,NULL,42,0,NULL,NULL,NULL);
INSERT INTO `batch_flow` VALUES (511,85,'PDBY-20180507-005',6,1,1017,1,1017,1017,1,471,NULL,42,0,NULL,NULL,NULL);
INSERT INTO `batch_flow` VALUES (512,83,'PDBY-20180508-001',6,1,NULL,NULL,950,0,1,472,NULL,42,0,NULL,NULL,NULL);
INSERT INTO `batch_flow` VALUES (513,83,'PDBY-20180508-001',7,1,950,1,950,0,-1,473,NULL,NULL,0,512,NULL,NULL);
INSERT INTO `batch_flow` VALUES (514,223,'PDBY-20180508-002',6,1,NULL,NULL,2408,0,1,474,NULL,42,0,NULL,NULL,NULL);
INSERT INTO `batch_flow` VALUES (515,187,'PDBY-20180508-003',6,1,279,1,279,279,1,475,NULL,42,0,NULL,NULL,NULL);
INSERT INTO `batch_flow` VALUES (516,301,'PDBY-20180508-004',6,1,NULL,NULL,224,0,1,476,NULL,42,0,NULL,NULL,NULL);
INSERT INTO `batch_flow` VALUES (517,301,'PDBY-20180507-003',7,1,159,1,159,0,-1,477,NULL,NULL,0,509,NULL,NULL);
INSERT INTO `batch_flow` VALUES (518,301,'PDBY-20180508-004',7,1,224,1,224,0,-1,478,NULL,NULL,0,516,NULL,NULL);
INSERT INTO `batch_flow` VALUES (519,190,'PDBY-20180505-003',7,1,928,1,928,0,-1,479,NULL,NULL,0,489,NULL,NULL);
INSERT INTO `batch_flow` VALUES (520,223,'PDBY-20180508-002',7,1,2408,1,2408,0,-1,480,NULL,NULL,0,514,NULL,NULL);
INSERT INTO `batch_flow` VALUES (521,303,'PDBY-20180509-001',6,1,NULL,NULL,1407,0,1,481,NULL,42,0,NULL,NULL,NULL);
INSERT INTO `batch_flow` VALUES (522,303,'PDBY-20180509-001',7,1,1407,1,1407,0,-1,482,NULL,NULL,0,521,NULL,NULL);
INSERT INTO `batch_flow` VALUES (523,304,'PDBY-20180509-002',6,1,NULL,NULL,164,0,1,483,NULL,42,0,NULL,NULL,NULL);
INSERT INTO `batch_flow` VALUES (524,215,'PDBY-20180509-003',6,1,NULL,NULL,748,0,1,484,NULL,42,0,NULL,NULL,NULL);
INSERT INTO `batch_flow` VALUES (525,84,'PDBY-20180318-001',7,1,50,11,550,0,-1,485,NULL,NULL,0,294,NULL,NULL);
INSERT INTO `batch_flow` VALUES (526,84,'PDBY-20180320-001',7,1,50,26,1300,0,-1,485,NULL,NULL,1,310,NULL,NULL);
INSERT INTO `batch_flow` VALUES (527,181,'PDBY-20180507-004',7,1,1368,1,1368,0,-1,486,NULL,NULL,0,510,NULL,NULL);
INSERT INTO `batch_flow` VALUES (536,247,'PDBY-20180513-001',6,0,117,1,117,117,1,495,NULL,15,0,NULL,NULL,NULL);
INSERT INTO `batch_flow` VALUES (537,255,'PDBY-20180513-002',6,1,NULL,NULL,218,0,1,496,NULL,16,0,NULL,NULL,NULL);
INSERT INTO `batch_flow` VALUES (538,255,'PDBY-20180513-002',7,0,218,1,218,0,-1,497,NULL,NULL,0,537,NULL,NULL);
INSERT INTO `batch_flow` VALUES (539,303,'PDBY-20180513-003',6,1,NULL,NULL,545,0,1,498,NULL,15,0,NULL,NULL,NULL);
INSERT INTO `batch_flow` VALUES (540,303,'PDBY-20180513-003',7,1,545,1,545,0,-1,499,NULL,NULL,0,539,NULL,NULL);
INSERT INTO `batch_flow` VALUES (541,304,'PDBY-20180509-002',7,1,NULL,NULL,164,0,-1,499,NULL,NULL,1,523,NULL,NULL);
INSERT INTO `batch_flow` VALUES (542,301,'PDBY-20180513-004',6,1,NULL,NULL,424,0,1,500,NULL,15,0,NULL,NULL,NULL);
INSERT INTO `batch_flow` VALUES (543,301,'PDBY-20180513-004',7,1,424,1,424,0,-1,501,NULL,NULL,0,542,NULL,NULL);
INSERT INTO `batch_flow` VALUES (544,305,'PDBY-20180513-005',6,1,NULL,NULL,424,0,1,502,NULL,15,0,NULL,NULL,NULL);
INSERT INTO `batch_flow` VALUES (545,305,'PDBY-20180513-005',7,1,424,1,424,0,-1,503,NULL,NULL,0,544,NULL,NULL);
INSERT INTO `batch_flow` VALUES (546,305,'PDBY-20180513-006',6,1,NULL,NULL,1142,0,1,504,NULL,15,0,NULL,NULL,NULL);
INSERT INTO `batch_flow` VALUES (547,305,'PDBY-20180513-006',7,1,1142,1,1142,0,-1,505,NULL,NULL,0,546,NULL,NULL);
INSERT INTO `batch_flow` VALUES (548,306,'PDBY-20180513-007',6,1,NULL,NULL,98,0,1,506,NULL,15,0,NULL,NULL,NULL);
INSERT INTO `batch_flow` VALUES (549,306,'PDBY-20180513-007',7,1,98,1,98,0,-1,507,NULL,NULL,0,548,NULL,NULL);
INSERT INTO `batch_flow` VALUES (550,307,'PDBY-20180513-008',6,1,NULL,NULL,624,0,1,508,NULL,15,0,NULL,NULL,NULL);
INSERT INTO `batch_flow` VALUES (551,307,'PDBY-20180513-008',7,1,624,1,624,0,-1,509,NULL,NULL,0,550,NULL,NULL);
INSERT INTO `batch_flow` VALUES (552,301,'PDBY-20180513-009',6,1,NULL,NULL,473,0,1,510,NULL,15,0,NULL,NULL,NULL);
INSERT INTO `batch_flow` VALUES (553,293,'PDBY-20180513-010',6,1,855,1,855,855,1,511,NULL,15,0,NULL,NULL,NULL);
INSERT INTO `batch_flow` VALUES (554,301,'PDBY-20180513-011',6,1,NULL,NULL,1113.5,0,1,512,NULL,15,0,NULL,NULL,NULL);
INSERT INTO `batch_flow` VALUES (555,305,'PDBY-20180514-001',6,1,NULL,NULL,1070,0,1,513,NULL,15,0,NULL,NULL,NULL);
INSERT INTO `batch_flow` VALUES (556,305,'PDBY-20180514-001',7,1,1070,1,1070,0,-1,514,NULL,NULL,0,555,NULL,NULL);
INSERT INTO `batch_flow` VALUES (557,308,'PDBY-20180514-002',6,1,NULL,NULL,361,0,1,515,NULL,15,0,NULL,NULL,NULL);
INSERT INTO `batch_flow` VALUES (558,308,'PDBY-20180514-002',7,1,361,1,361,0,-1,516,NULL,NULL,0,557,NULL,NULL);
INSERT INTO `batch_flow` VALUES (559,250,'PDBY-20180514-003',6,1,125.5,1,125.5,125.5,1,517,NULL,15,0,NULL,NULL,NULL);
INSERT INTO `batch_flow` VALUES (560,309,'PDBY-20180516-001',6,1,NULL,NULL,220,0,1,518,NULL,15,0,NULL,NULL,NULL);
INSERT INTO `batch_flow` VALUES (561,309,'PDBY-20180516-001',7,1,220,1,220,0,-1,519,NULL,NULL,0,560,NULL,NULL);
INSERT INTO `batch_flow` VALUES (562,309,'PDBY-20180516-002',6,1,NULL,NULL,502,0,1,520,NULL,15,0,NULL,NULL,NULL);
INSERT INTO `batch_flow` VALUES (563,309,'PDBY-20180516-002',7,1,502,1,502,0,-1,521,NULL,NULL,0,562,NULL,NULL);
INSERT INTO `batch_flow` VALUES (564,225,'PDBY-20180516-003',6,1,NULL,NULL,220,0,1,522,NULL,15,0,NULL,NULL,NULL);
INSERT INTO `batch_flow` VALUES (565,225,'PDBY-20180516-003',7,1,220,1,220,0,-1,523,NULL,NULL,0,564,NULL,NULL);
INSERT INTO `batch_flow` VALUES (566,208,'PDBY-20180516-004',6,1,NULL,NULL,1840,0,1,524,NULL,15,0,NULL,NULL,NULL);
INSERT INTO `batch_flow` VALUES (567,208,'PDBY-20180516-004',7,1,1840,1,1840,0,-1,525,NULL,NULL,0,566,NULL,NULL);
INSERT INTO `batch_flow` VALUES (568,127,'PDBY-20180227-002',7,1,52,8,416,0,-1,526,NULL,NULL,0,129,NULL,NULL);
INSERT INTO `batch_flow` VALUES (569,223,'PDBY-20180517-001',6,1,NULL,NULL,1015,0,1,527,NULL,15,0,NULL,NULL,NULL);
INSERT INTO `batch_flow` VALUES (570,223,'PDBY-20180517-001',7,1,1015,1,1015,0,-1,528,NULL,NULL,0,569,NULL,NULL);
INSERT INTO `batch_flow` VALUES (571,83,'PDBY-20180517-002',6,1,NULL,NULL,1555,0,1,529,NULL,15,0,NULL,NULL,NULL);
INSERT INTO `batch_flow` VALUES (572,83,'PDBY-20180517-002',7,1,1555,1,1555,0,-1,530,NULL,NULL,0,571,NULL,NULL);
INSERT INTO `batch_flow` VALUES (573,310,'PDBY-20180517-003',6,1,NULL,NULL,153,0,1,531,NULL,15,0,NULL,NULL,NULL);
INSERT INTO `batch_flow` VALUES (574,310,'PDBY-20180517-003',7,1,153,1,153,0,-1,532,NULL,NULL,0,573,NULL,NULL);
INSERT INTO `batch_flow` VALUES (576,311,'PDBY-20180517-005',6,1,NULL,NULL,155,0,1,534,NULL,15,0,NULL,NULL,NULL);
INSERT INTO `batch_flow` VALUES (577,311,'PDBY-20180517-005',7,1,155,1,155,0,-1,535,NULL,NULL,0,576,NULL,NULL);
INSERT INTO `batch_flow` VALUES (578,195,'PDBY-20180517-006',6,1,NULL,NULL,302,0,1,536,NULL,15,0,NULL,NULL,NULL);
INSERT INTO `batch_flow` VALUES (579,195,'PDBY-20180517-006',7,1,302,1,302,0,-1,537,NULL,NULL,0,578,NULL,NULL);
INSERT INTO `batch_flow` VALUES (580,312,'PDBY-20180517-007',6,1,NULL,NULL,115,0,1,538,NULL,15,0,NULL,NULL,NULL);
INSERT INTO `batch_flow` VALUES (581,312,'PDBY-20180517-007',7,1,115,1,115,0,-1,539,NULL,NULL,0,580,NULL,NULL);
INSERT INTO `batch_flow` VALUES (582,313,'PDBY-20180517-008',6,1,NULL,NULL,303,0,1,540,NULL,15,0,NULL,NULL,NULL);
INSERT INTO `batch_flow` VALUES (583,313,'PDBY-20180517-008',7,1,303,1,303,0,-1,541,NULL,NULL,0,582,NULL,NULL);
INSERT INTO `batch_flow` VALUES (584,215,'PDBY-20180509-003',7,1,748,1,748,0,-1,542,NULL,NULL,0,524,NULL,NULL);
INSERT INTO `batch_flow` VALUES (585,306,'PDBY-20180520-001',6,1,NULL,NULL,516,0,1,543,NULL,15,0,NULL,NULL,NULL);
INSERT INTO `batch_flow` VALUES (586,306,'PDBY-20180520-001',7,1,516,1,516,0,-1,544,NULL,NULL,0,585,NULL,NULL);
INSERT INTO `batch_flow` VALUES (587,317,'PDBY-20180520-002',6,1,NULL,NULL,1075,0,1,545,NULL,15,0,NULL,NULL,NULL);
INSERT INTO `batch_flow` VALUES (588,317,'PDBY-20180520-002',7,1,1075,1,1075,0,-1,546,NULL,NULL,0,587,NULL,NULL);
INSERT INTO `batch_flow` VALUES (589,193,'PDBY-20180522-001',6,1,NULL,NULL,1200,0,1,547,NULL,15,0,NULL,NULL,NULL);
INSERT INTO `batch_flow` VALUES (590,318,'PDBY-20180522-002',6,1,552,1,552,552,1,548,NULL,15,0,NULL,NULL,NULL);
INSERT INTO `batch_flow` VALUES (591,319,'PDBY-20180522-003',6,1,NULL,NULL,650,0,1,549,NULL,15,0,NULL,NULL,NULL);
INSERT INTO `batch_flow` VALUES (592,247,'PDBY-20180523-001',6,1,NULL,NULL,454,0,1,550,NULL,15,0,NULL,NULL,NULL);
INSERT INTO `batch_flow` VALUES (593,247,'PDBY-20180523-001',7,1,454,1,454,0,-1,551,NULL,NULL,0,592,NULL,NULL);
INSERT INTO `batch_flow` VALUES (594,317,'PDBY-20180523-002',6,1,NULL,NULL,179,0,1,552,NULL,15,0,NULL,NULL,NULL);
INSERT INTO `batch_flow` VALUES (595,317,'PDBY-20180523-002',7,1,179,1,179,0,-1,553,NULL,NULL,0,594,NULL,NULL);
INSERT INTO `batch_flow` VALUES (596,305,'PDBY-20180523-003',6,1,NULL,NULL,1143,0,1,554,NULL,15,0,NULL,NULL,NULL);
INSERT INTO `batch_flow` VALUES (597,305,'PDBY-20180523-003',7,1,1143,1,1143,0,-1,555,NULL,NULL,0,596,NULL,NULL);
INSERT INTO `batch_flow` VALUES (602,224,'PDBY-20180524-001',6,1,NULL,NULL,1000,0,1,560,NULL,15,0,NULL,NULL,NULL);
INSERT INTO `batch_flow` VALUES (603,224,'PDBY-20180524-001',7,1,1000,1,1000,0,-1,561,NULL,NULL,0,602,NULL,NULL);
INSERT INTO `batch_flow` VALUES (604,319,'PDBY-20180524-002',6,1,NULL,NULL,1285,0,1,562,NULL,15,0,NULL,NULL,NULL);
INSERT INTO `batch_flow` VALUES (605,319,'PDBY-20180522-003',7,1,650,1,650,0,-1,563,NULL,NULL,0,591,NULL,NULL);
INSERT INTO `batch_flow` VALUES (606,319,'PDBY-20180524-002',7,1,1285,1,1285,0,-1,563,NULL,NULL,1,604,NULL,NULL);
INSERT INTO `batch_flow` VALUES (607,319,'PDBY-20180524-003',6,1,NULL,NULL,1150,0,1,564,NULL,15,0,NULL,NULL,NULL);
INSERT INTO `batch_flow` VALUES (608,319,'PDBY-20180524-003',7,1,1150,1,1150,0,-1,565,NULL,NULL,0,607,NULL,NULL);
INSERT INTO `batch_flow` VALUES (609,223,'PDBY-20180524-004',6,1,NULL,NULL,1026,0,1,566,NULL,15,0,NULL,NULL,NULL);
INSERT INTO `batch_flow` VALUES (610,223,'PDBY-20180524-004',7,1,1026,1,1026,0,-1,567,NULL,NULL,0,609,NULL,NULL);
INSERT INTO `batch_flow` VALUES (611,319,'PDBY-20180526-001',6,1,NULL,NULL,900,0,1,568,NULL,15,0,NULL,NULL,NULL);
INSERT INTO `batch_flow` VALUES (612,319,'PDBY-20180526-001',7,1,900,1,900,0,-1,569,NULL,NULL,0,611,NULL,NULL);
INSERT INTO `batch_flow` VALUES (613,180,'PDBY-20180526-002',6,1,NULL,NULL,500,0,1,570,NULL,15,0,NULL,NULL,NULL);
INSERT INTO `batch_flow` VALUES (614,180,'PDBY-20180526-002',7,1,500,1,500,0,-1,571,NULL,NULL,0,613,NULL,NULL);
INSERT INTO `batch_flow` VALUES (615,325,'PDBY-20180526-003',6,1,NULL,NULL,392,0,1,572,NULL,15,0,NULL,NULL,NULL);
INSERT INTO `batch_flow` VALUES (616,325,'PDBY-20180526-003',7,1,392,1,392,0,-1,573,NULL,NULL,0,615,NULL,NULL);
INSERT INTO `batch_flow` VALUES (617,251,'PDBY-20180526-004',6,1,NULL,NULL,293,0,1,574,NULL,15,0,NULL,NULL,NULL);
INSERT INTO `batch_flow` VALUES (618,251,'PDBY-20180526-004',7,1,293,1,293,0,-1,575,NULL,NULL,0,617,NULL,NULL);
INSERT INTO `batch_flow` VALUES (619,255,'PDBY-20180505-004',7,1,330,1,330,0,-1,575,NULL,NULL,1,490,NULL,NULL);
INSERT INTO `batch_flow` VALUES (620,255,'PDBY-20180513-002',7,1,218,1,218,0,-1,575,NULL,NULL,2,537,NULL,NULL);
INSERT INTO `batch_flow` VALUES (621,326,'PDBY-20180526-005',6,1,NULL,NULL,370,0,1,576,NULL,15,0,NULL,NULL,NULL);
INSERT INTO `batch_flow` VALUES (622,326,'PDBY-20180526-005',7,1,370,1,370,0,-1,577,NULL,NULL,0,621,NULL,NULL);
INSERT INTO `batch_flow` VALUES (623,305,'PDBY-20180526-006',6,1,NULL,NULL,1695,0,1,578,NULL,15,0,NULL,NULL,NULL);
INSERT INTO `batch_flow` VALUES (624,305,'PDBY-20180526-006',7,1,1695,1,1695,0,-1,579,NULL,NULL,0,623,NULL,NULL);
INSERT INTO `batch_flow` VALUES (625,319,'PDBY-20180529-001',6,1,NULL,NULL,2472,0,1,580,NULL,15,0,NULL,NULL,NULL);
INSERT INTO `batch_flow` VALUES (626,319,'PDBY-20180529-001',7,1,2472,1,2472,0,-1,581,NULL,NULL,0,625,NULL,NULL);
INSERT INTO `batch_flow` VALUES (627,255,'PDBY-20180601-001',6,1,NULL,NULL,136,0,1,582,NULL,15,0,NULL,NULL,NULL);
INSERT INTO `batch_flow` VALUES (628,255,'PDBY-20180601-001',7,1,136,1,136,0,-1,583,NULL,NULL,0,627,NULL,NULL);
INSERT INTO `batch_flow` VALUES (629,247,'PDBY-20180601-002',6,1,NULL,NULL,143,0,1,584,NULL,15,0,NULL,NULL,NULL);
INSERT INTO `batch_flow` VALUES (630,247,'PDBY-20180601-002',7,1,143,1,143,0,-1,585,NULL,NULL,0,629,NULL,NULL);
INSERT INTO `batch_flow` VALUES (631,303,'PDBY-20180601-003',6,1,NULL,NULL,1112,0,1,586,NULL,15,0,NULL,NULL,NULL);
INSERT INTO `batch_flow` VALUES (632,303,'PDBY-20180601-003',7,1,1112,1,1112,0,-1,587,NULL,NULL,0,631,NULL,NULL);
INSERT INTO `batch_flow` VALUES (633,252,'PDBY-20180601-004',6,1,NULL,NULL,339,0,1,588,NULL,15,0,NULL,NULL,NULL);
INSERT INTO `batch_flow` VALUES (634,252,'PDBY-20180601-004',7,1,339,1,339,0,-1,589,NULL,NULL,0,633,NULL,NULL);
INSERT INTO `batch_flow` VALUES (635,223,'PDBY-20180601-005',6,1,NULL,NULL,1100,0,1,590,NULL,15,0,NULL,NULL,NULL);
INSERT INTO `batch_flow` VALUES (636,223,'PDBY-20180601-005',7,1,1100,1,1100,0,-1,591,NULL,NULL,0,635,NULL,NULL);
INSERT INTO `batch_flow` VALUES (637,190,'PDBY-20180602-001',6,1,NULL,NULL,1250,0,1,592,NULL,15,0,NULL,NULL,NULL);
INSERT INTO `batch_flow` VALUES (638,190,'PDBY-20180505-001',7,1,1135,1,1135,0,-1,593,NULL,NULL,0,485,NULL,NULL);
INSERT INTO `batch_flow` VALUES (639,190,'PDBY-20180602-001',7,1,1250,1,1250,0,-1,593,NULL,NULL,1,637,NULL,NULL);
INSERT INTO `batch_flow` VALUES (640,193,'PDBY-20180602-002',6,1,NULL,NULL,1550,0,1,594,NULL,15,0,NULL,NULL,NULL);
INSERT INTO `batch_flow` VALUES (641,193,'PDBY-20180522-001',7,1,1200,1,1200,0,-1,595,NULL,NULL,0,589,NULL,NULL);
INSERT INTO `batch_flow` VALUES (642,193,'PDBY-20180602-002',7,1,1550,1,1550,0,-1,595,NULL,NULL,1,640,NULL,NULL);
INSERT INTO `batch_flow` VALUES (643,303,'PDBY-20180602-003',6,1,NULL,NULL,1303,0,1,596,NULL,15,0,NULL,NULL,NULL);
INSERT INTO `batch_flow` VALUES (644,303,'PDBY-20180602-003',7,1,1303,1,1303,0,-1,597,NULL,NULL,0,643,NULL,NULL);
INSERT INTO `batch_flow` VALUES (645,306,'PDBY-20180602-004',6,1,NULL,NULL,1045,0,1,598,NULL,15,0,NULL,NULL,NULL);
INSERT INTO `batch_flow` VALUES (646,306,'PDBY-20180602-004',7,1,1045,1,1045,0,-1,599,NULL,NULL,0,645,NULL,NULL);
INSERT INTO `batch_flow` VALUES (647,285,'PDBY-20180602-005',6,1,NULL,NULL,534,0,1,600,NULL,15,0,NULL,NULL,NULL);
INSERT INTO `batch_flow` VALUES (648,285,'PDBY-20180602-005',7,1,534,1,534,0,-1,601,NULL,NULL,0,647,NULL,NULL);
INSERT INTO `batch_flow` VALUES (649,223,'PDBY-20180607-001',6,1,NULL,NULL,1515,0,1,602,NULL,15,0,NULL,NULL,NULL);
INSERT INTO `batch_flow` VALUES (650,223,'PDBY-20180607-001',7,1,1515,1,1515,0,-1,603,NULL,NULL,0,649,NULL,NULL);
INSERT INTO `batch_flow` VALUES (651,220,'PDBY-20180607-002',6,1,NULL,NULL,500,0,1,604,NULL,15,0,NULL,NULL,NULL);
INSERT INTO `batch_flow` VALUES (652,220,'PDBY-20180506-004',7,1,503,1,503,0,-1,605,NULL,NULL,0,501,NULL,NULL);
INSERT INTO `batch_flow` VALUES (653,220,'PDBY-20180507-002',7,1,270,1,270,0,-1,605,NULL,NULL,1,508,NULL,NULL);
INSERT INTO `batch_flow` VALUES (654,220,'PDBY-20180607-002',7,1,500,1,500,0,-1,605,NULL,NULL,2,651,NULL,NULL);
INSERT INTO `batch_flow` VALUES (655,303,'CGDH-20180607-001',0,1,NULL,NULL,1112,1112,1,606,NULL,15,0,NULL,NULL,361);
INSERT INTO `batch_flow` VALUES (656,303,'CGDH-20180607-002',0,1,NULL,NULL,138,138,1,607,NULL,15,0,NULL,NULL,361);
INSERT INTO `batch_flow` VALUES (657,303,'CGDH-20180607-002',0,1,NULL,NULL,1165,1165,1,607,NULL,15,1,NULL,NULL,362);
INSERT INTO `batch_flow` VALUES (658,220,'PDBY-20180607-003',6,1,600,1,600,600,1,608,NULL,15,0,NULL,NULL,NULL);
INSERT INTO `batch_flow` VALUES (659,208,'PDBY-20180607-004',6,1,NULL,NULL,1400,0,1,609,NULL,15,0,NULL,NULL,NULL);
INSERT INTO `batch_flow` VALUES (660,337,'CGDH-20180617-001',0,1,NULL,NULL,1426.5,1426.5,1,610,NULL,15,0,NULL,NULL,445);
INSERT INTO `batch_flow` VALUES (663,337,'CGDH-20180617-002',0,1,NULL,NULL,150,150,1,613,NULL,15,0,NULL,NULL,445);
INSERT INTO `batch_flow` VALUES (664,243,'CGDH-20180617-002',0,1,NULL,NULL,65.8,65.8,1,613,NULL,15,1,NULL,NULL,478);
INSERT INTO `batch_flow` VALUES (665,337,'CGDH-20180617-003',0,1,NULL,NULL,648,648,1,614,NULL,15,0,NULL,NULL,445);
INSERT INTO `batch_flow` VALUES (666,255,'CGDH-20180617-003',0,1,NULL,NULL,130,130,1,614,NULL,15,1,NULL,NULL,466);
INSERT INTO `batch_flow` VALUES (667,255,'CGDH-20180617-003',0,1,NULL,NULL,311,311,1,614,NULL,15,2,NULL,NULL,467);
INSERT INTO `batch_flow` VALUES (669,336,'CGDH-20180617-004',0,0,NULL,NULL,53.5,53.5,1,616,NULL,15,0,NULL,NULL,446);
INSERT INTO `batch_flow` VALUES (670,239,'PDBY-20180620-001',6,1,2000,1,2000,2000,1,617,NULL,15,0,NULL,NULL,NULL);
INSERT INTO `batch_flow` VALUES (671,223,'PDBY-20180621-001',6,1,NULL,NULL,750,0,1,618,NULL,15,0,NULL,NULL,NULL);
INSERT INTO `batch_flow` VALUES (672,223,'PDBY-20180621-001',7,1,750,1,750,0,-1,619,NULL,NULL,0,671,NULL,NULL);
INSERT INTO `batch_flow` VALUES (673,190,'PDBY-20180621-002',6,1,NULL,NULL,4000,0,1,620,NULL,15,0,NULL,NULL,NULL);
INSERT INTO `batch_flow` VALUES (674,190,'PDBY-20180621-002',7,1,4000,1,4000,0,-1,621,NULL,NULL,0,673,NULL,NULL);
INSERT INTO `batch_flow` VALUES (675,190,'PDBY-20180624-001',6,1,NULL,NULL,3850,0,1,622,NULL,15,0,NULL,NULL,NULL);
INSERT INTO `batch_flow` VALUES (676,190,'PDBY-20180624-001',7,1,3850,1,3850,0,-1,623,NULL,NULL,0,675,NULL,NULL);
INSERT INTO `batch_flow` VALUES (677,184,'PDBY-20180624-002',6,1,NULL,NULL,956,0,1,624,NULL,15,0,NULL,NULL,NULL);
INSERT INTO `batch_flow` VALUES (678,184,'PDBY-20180624-002',7,1,956,1,956,0,-1,625,NULL,NULL,0,677,NULL,NULL);
INSERT INTO `batch_flow` VALUES (679,208,'PDBY-20180624-003',6,1,1100,1,1100,1100,1,626,NULL,15,0,NULL,NULL,NULL);
INSERT INTO `batch_flow` VALUES (680,301,'PDBY-20180624-004',6,1,NULL,NULL,550,0,1,627,NULL,15,0,NULL,NULL,NULL);
INSERT INTO `batch_flow` VALUES (681,301,'PDBY-20180513-009',7,1,473,1,473,0,-1,628,NULL,NULL,0,552,NULL,NULL);
INSERT INTO `batch_flow` VALUES (682,301,'PDBY-20180513-011',7,1,1113.5,1,1113.5,0,-1,628,NULL,NULL,1,554,NULL,NULL);
INSERT INTO `batch_flow` VALUES (683,301,'PDBY-20180624-004',7,1,550,1,550,0,-1,628,NULL,NULL,2,680,NULL,NULL);
INSERT INTO `batch_flow` VALUES (684,208,'PDBY-20180607-004',7,1,1400,1,1400,0,-1,629,NULL,NULL,0,659,NULL,NULL);

#
# Source for table category
#

DROP TABLE IF EXISTS `category`;
CREATE TABLE `category` (
  `Id` int(11) NOT NULL AUTO_INCREMENT,
  `name` varchar(100) NOT NULL DEFAULT '',
  `parent_id` int(11) DEFAULT NULL,
  `priority` int(11) DEFAULT NULL,
  `lft` int(11) NOT NULL DEFAULT '1',
  `rgt` int(11) NOT NULL DEFAULT '2',
  PRIMARY KEY (`Id`),
  KEY `fk_material_category_self` (`parent_id`)
) ENGINE=InnoDB AUTO_INCREMENT=272 DEFAULT CHARSET=utf8;

#
# Dumping data for table category
#

INSERT INTO `category` VALUES (1,'物料',NULL,0,1,34);
INSERT INTO `category` VALUES (2,'往来单位',NULL,0,35,44);
INSERT INTO `category` VALUES (3,'仓库',NULL,0,45,488);
INSERT INTO `category` VALUES (4,'预留',NULL,0,489,490);
INSERT INTO `category` VALUES (5,'成品',1,0,2,13);
INSERT INTO `category` VALUES (7,'原材料',1,2,14,27);
INSERT INTO `category` VALUES (11,'半成品',1,3,28,31);
INSERT INTO `category` VALUES (12,'客户',2,0,36,37);
INSERT INTO `category` VALUES (13,'原材料供应商',2,1,38,39);
INSERT INTO `category` VALUES (14,'表面处理供应商',2,2,40,41);
INSERT INTO `category` VALUES (15,'原料仓库',3,0,46,183);
INSERT INTO `category` VALUES (16,'成品仓库',3,1,184,475);
INSERT INTO `category` VALUES (17,'辅料仓库',3,2,476,481);
INSERT INTO `category` VALUES (18,'A003',15,0,47,48);
INSERT INTO `category` VALUES (19,'B002',16,0,185,186);
INSERT INTO `category` VALUES (21,'C001',17,0,479,480);
INSERT INTO `category` VALUES (22,'华司',5,0,3,6);
INSERT INTO `category` VALUES (23,'盆架',5,1,7,8);
INSERT INTO `category` VALUES (27,'A02',15,1,49,50);
INSERT INTO `category` VALUES (28,'U铁',5,2,9,10);
INSERT INTO `category` VALUES (34,'外加工',2,3,42,43);
INSERT INTO `category` VALUES (36,'铜帽',5,3,11,12);
INSERT INTO `category` VALUES (37,'A01',15,2,51,52);
INSERT INTO `category` VALUES (38,'16-1',15,3,53,54);
INSERT INTO `category` VALUES (39,'16-2',15,4,55,56);
INSERT INTO `category` VALUES (40,'16-3',15,5,57,58);
INSERT INTO `category` VALUES (41,'条料',7,0,15,16);
INSERT INTO `category` VALUES (42,'1-1',15,6,59,60);
INSERT INTO `category` VALUES (43,'1-2',15,7,61,62);
INSERT INTO `category` VALUES (44,'1-3',15,8,63,64);
INSERT INTO `category` VALUES (45,'1-4',15,9,65,66);
INSERT INTO `category` VALUES (46,'2-1',15,10,67,68);
INSERT INTO `category` VALUES (47,'2-2',15,11,69,70);
INSERT INTO `category` VALUES (48,'2-3',15,12,71,72);
INSERT INTO `category` VALUES (49,'2-4',15,13,73,74);
INSERT INTO `category` VALUES (50,'3-1',15,14,75,76);
INSERT INTO `category` VALUES (51,'3-2',15,15,77,78);
INSERT INTO `category` VALUES (52,'3-3',15,16,79,80);
INSERT INTO `category` VALUES (53,'3-4',15,17,81,82);
INSERT INTO `category` VALUES (62,'4-1',15,18,83,84);
INSERT INTO `category` VALUES (63,'4-2',15,19,85,86);
INSERT INTO `category` VALUES (64,'4-3',15,20,87,88);
INSERT INTO `category` VALUES (65,'4-4',15,21,89,90);
INSERT INTO `category` VALUES (66,'5-1',15,22,91,92);
INSERT INTO `category` VALUES (67,'5-2',15,23,93,94);
INSERT INTO `category` VALUES (68,'5-3',15,24,95,96);
INSERT INTO `category` VALUES (69,'5-4',15,25,97,98);
INSERT INTO `category` VALUES (70,'6-1',15,26,99,100);
INSERT INTO `category` VALUES (71,'6-2',15,27,101,102);
INSERT INTO `category` VALUES (72,'6-3',15,28,103,104);
INSERT INTO `category` VALUES (73,'6-4',15,29,105,106);
INSERT INTO `category` VALUES (74,'7-1',15,30,107,108);
INSERT INTO `category` VALUES (75,'7-2',15,31,109,110);
INSERT INTO `category` VALUES (76,'7-3',15,32,111,112);
INSERT INTO `category` VALUES (77,'8-1',15,33,113,114);
INSERT INTO `category` VALUES (78,'8-2',15,34,115,116);
INSERT INTO `category` VALUES (79,'8-3',15,35,117,118);
INSERT INTO `category` VALUES (80,'9-1',15,36,119,120);
INSERT INTO `category` VALUES (81,'9-2',15,37,121,122);
INSERT INTO `category` VALUES (82,'9-3',15,38,123,124);
INSERT INTO `category` VALUES (83,'10-1',15,39,125,126);
INSERT INTO `category` VALUES (84,'10-2',15,40,127,128);
INSERT INTO `category` VALUES (85,'10-3',15,41,129,130);
INSERT INTO `category` VALUES (86,'11-1',15,42,131,132);
INSERT INTO `category` VALUES (87,'11-2',15,43,133,134);
INSERT INTO `category` VALUES (88,'11-3',15,44,135,136);
INSERT INTO `category` VALUES (89,'12-1',15,45,137,138);
INSERT INTO `category` VALUES (90,'12-2',15,46,139,140);
INSERT INTO `category` VALUES (91,'12-3',15,47,141,142);
INSERT INTO `category` VALUES (92,'13-1',15,48,143,144);
INSERT INTO `category` VALUES (93,'13-2',15,49,145,146);
INSERT INTO `category` VALUES (94,'14-1',15,50,147,148);
INSERT INTO `category` VALUES (95,'14-2',15,51,149,150);
INSERT INTO `category` VALUES (96,'15-1',15,52,151,152);
INSERT INTO `category` VALUES (97,'15-2',15,53,153,154);
INSERT INTO `category` VALUES (98,'16-1',15,54,155,156);
INSERT INTO `category` VALUES (99,'16-2',15,55,157,158);
INSERT INTO `category` VALUES (100,'17-1',15,56,159,160);
INSERT INTO `category` VALUES (101,'17-2',15,57,161,162);
INSERT INTO `category` VALUES (102,'18-1',15,58,163,164);
INSERT INTO `category` VALUES (103,'18-2',15,59,165,166);
INSERT INTO `category` VALUES (105,'19-1',15,60,167,168);
INSERT INTO `category` VALUES (106,'19-2',15,61,169,170);
INSERT INTO `category` VALUES (107,'20-1',15,62,171,172);
INSERT INTO `category` VALUES (108,'20-2',15,63,173,174);
INSERT INTO `category` VALUES (109,'21-1',15,64,175,176);
INSERT INTO `category` VALUES (110,'21-2',15,65,177,178);
INSERT INTO `category` VALUES (111,'22-1',15,66,179,180);
INSERT INTO `category` VALUES (112,'22-2',15,67,181,182);
INSERT INTO `category` VALUES (113,'圆片',7,1,17,18);
INSERT INTO `category` VALUES (114,'卷料',7,2,19,20);
INSERT INTO `category` VALUES (115,'方块料',7,3,21,22);
INSERT INTO `category` VALUES (116,'A排',16,1,187,230);
INSERT INTO `category` VALUES (117,'A101',116,0,188,189);
INSERT INTO `category` VALUES (119,'G排',16,2,231,268);
INSERT INTO `category` VALUES (120,'G102',119,0,232,233);
INSERT INTO `category` VALUES (122,'A102',116,2,190,191);
INSERT INTO `category` VALUES (123,'A103',116,3,192,193);
INSERT INTO `category` VALUES (124,'A104',116,4,194,195);
INSERT INTO `category` VALUES (125,'A105',116,5,196,197);
INSERT INTO `category` VALUES (126,'A106',116,6,198,199);
INSERT INTO `category` VALUES (127,'A107',116,7,200,201);
INSERT INTO `category` VALUES (128,'A108',116,8,202,203);
INSERT INTO `category` VALUES (129,'A204',116,9,204,205);
INSERT INTO `category` VALUES (130,'A205',116,10,206,207);
INSERT INTO `category` VALUES (131,'A206',116,11,208,209);
INSERT INTO `category` VALUES (132,'A207',116,12,210,211);
INSERT INTO `category` VALUES (133,'A208',116,13,212,213);
INSERT INTO `category` VALUES (135,'A301',116,14,214,215);
INSERT INTO `category` VALUES (136,'A302',116,15,216,217);
INSERT INTO `category` VALUES (137,'A303',116,16,218,219);
INSERT INTO `category` VALUES (138,'A304',116,17,220,221);
INSERT INTO `category` VALUES (139,'A305',116,18,222,223);
INSERT INTO `category` VALUES (140,'A306',116,19,224,225);
INSERT INTO `category` VALUES (141,'A307',116,20,226,227);
INSERT INTO `category` VALUES (142,'A308',116,21,228,229);
INSERT INTO `category` VALUES (143,'B排',16,3,269,312);
INSERT INTO `category` VALUES (144,'B101',143,0,270,271);
INSERT INTO `category` VALUES (145,'B102',143,1,272,273);
INSERT INTO `category` VALUES (146,'B103',143,2,274,275);
INSERT INTO `category` VALUES (147,'B104',143,3,276,277);
INSERT INTO `category` VALUES (148,'B105',143,4,278,279);
INSERT INTO `category` VALUES (149,'B106',143,5,280,281);
INSERT INTO `category` VALUES (150,'B107',143,6,282,283);
INSERT INTO `category` VALUES (151,'B108',143,7,284,285);
INSERT INTO `category` VALUES (153,'B204',143,9,286,287);
INSERT INTO `category` VALUES (154,'B205',143,10,288,289);
INSERT INTO `category` VALUES (155,'B206',143,11,290,291);
INSERT INTO `category` VALUES (156,'B207',143,12,292,293);
INSERT INTO `category` VALUES (157,'B208',143,13,294,295);
INSERT INTO `category` VALUES (158,'B301',143,14,296,297);
INSERT INTO `category` VALUES (159,'B302',143,15,298,299);
INSERT INTO `category` VALUES (160,'B303',143,16,300,301);
INSERT INTO `category` VALUES (161,'B304',143,17,302,303);
INSERT INTO `category` VALUES (162,'B305',143,18,304,305);
INSERT INTO `category` VALUES (163,'B306',143,19,306,307);
INSERT INTO `category` VALUES (164,'B307',143,20,308,309);
INSERT INTO `category` VALUES (165,'B308',143,21,310,311);
INSERT INTO `category` VALUES (166,'C排',16,4,313,356);
INSERT INTO `category` VALUES (167,'C101',166,0,314,315);
INSERT INTO `category` VALUES (168,'C102',166,1,316,317);
INSERT INTO `category` VALUES (169,'C103',166,2,318,319);
INSERT INTO `category` VALUES (170,'C104',166,3,320,321);
INSERT INTO `category` VALUES (171,'C105',166,4,322,323);
INSERT INTO `category` VALUES (172,'C106',166,5,324,325);
INSERT INTO `category` VALUES (173,'C107',166,6,326,327);
INSERT INTO `category` VALUES (174,'C108',166,7,328,329);
INSERT INTO `category` VALUES (175,'C204',166,8,330,331);
INSERT INTO `category` VALUES (176,'C205',166,9,332,333);
INSERT INTO `category` VALUES (177,'C206',166,10,334,335);
INSERT INTO `category` VALUES (178,'C207',166,11,336,337);
INSERT INTO `category` VALUES (179,'C208',166,12,338,339);
INSERT INTO `category` VALUES (180,'C301',166,13,340,341);
INSERT INTO `category` VALUES (181,'C302',166,14,342,343);
INSERT INTO `category` VALUES (182,'C303',166,15,344,345);
INSERT INTO `category` VALUES (183,'C304',166,16,346,347);
INSERT INTO `category` VALUES (184,'C305',166,17,348,349);
INSERT INTO `category` VALUES (185,'C306',166,18,350,351);
INSERT INTO `category` VALUES (186,'C307',166,19,352,353);
INSERT INTO `category` VALUES (187,'C308',166,20,354,355);
INSERT INTO `category` VALUES (188,'D排',16,5,357,400);
INSERT INTO `category` VALUES (189,'D101',188,0,358,359);
INSERT INTO `category` VALUES (190,'D102',188,1,360,361);
INSERT INTO `category` VALUES (191,'D103',188,2,362,363);
INSERT INTO `category` VALUES (192,'D104',188,3,364,365);
INSERT INTO `category` VALUES (193,'D105',188,4,366,367);
INSERT INTO `category` VALUES (194,'D106',188,5,368,369);
INSERT INTO `category` VALUES (195,'D107',188,6,370,371);
INSERT INTO `category` VALUES (196,'D108',188,7,372,373);
INSERT INTO `category` VALUES (197,'D204',188,8,374,375);
INSERT INTO `category` VALUES (198,'D205',188,9,376,377);
INSERT INTO `category` VALUES (199,'D206',188,10,378,379);
INSERT INTO `category` VALUES (200,'D207',188,11,380,381);
INSERT INTO `category` VALUES (201,'D208',188,12,382,383);
INSERT INTO `category` VALUES (202,'D301',188,13,384,385);
INSERT INTO `category` VALUES (203,'D302',188,14,386,387);
INSERT INTO `category` VALUES (204,'D303',188,15,388,389);
INSERT INTO `category` VALUES (205,'D304',188,16,390,391);
INSERT INTO `category` VALUES (206,'D305',188,17,392,393);
INSERT INTO `category` VALUES (207,'D306',188,18,394,395);
INSERT INTO `category` VALUES (208,'D307',188,19,396,397);
INSERT INTO `category` VALUES (209,'D308',188,20,398,399);
INSERT INTO `category` VALUES (210,'E排',16,6,401,444);
INSERT INTO `category` VALUES (211,'E101',210,0,402,403);
INSERT INTO `category` VALUES (212,'E102',210,1,404,405);
INSERT INTO `category` VALUES (213,'E103',210,2,406,407);
INSERT INTO `category` VALUES (214,'E104',210,3,408,409);
INSERT INTO `category` VALUES (215,'E105',210,4,410,411);
INSERT INTO `category` VALUES (216,'E106',210,5,412,413);
INSERT INTO `category` VALUES (217,'E107',210,6,414,415);
INSERT INTO `category` VALUES (218,'E108',210,7,416,417);
INSERT INTO `category` VALUES (219,'E204',210,8,418,419);
INSERT INTO `category` VALUES (220,'E205',210,9,420,421);
INSERT INTO `category` VALUES (221,'E206',210,10,422,423);
INSERT INTO `category` VALUES (222,'E207',210,11,424,425);
INSERT INTO `category` VALUES (223,'E208',210,12,426,427);
INSERT INTO `category` VALUES (224,'E301',210,13,428,429);
INSERT INTO `category` VALUES (225,'E302',210,14,430,431);
INSERT INTO `category` VALUES (226,'E303',210,15,432,433);
INSERT INTO `category` VALUES (227,'E304',210,16,434,435);
INSERT INTO `category` VALUES (228,'E305',210,17,436,437);
INSERT INTO `category` VALUES (229,'E306',210,18,438,439);
INSERT INTO `category` VALUES (230,'E307',210,19,440,441);
INSERT INTO `category` VALUES (231,'E308',210,20,442,443);
INSERT INTO `category` VALUES (232,'F排',16,7,445,474);
INSERT INTO `category` VALUES (233,'F101',232,0,446,447);
INSERT INTO `category` VALUES (234,'F102',232,1,448,449);
INSERT INTO `category` VALUES (235,'F103',232,2,450,451);
INSERT INTO `category` VALUES (236,'F104',232,3,452,453);
INSERT INTO `category` VALUES (237,'F105',232,4,454,455);
INSERT INTO `category` VALUES (238,'F106',232,5,456,457);
INSERT INTO `category` VALUES (239,'F107',232,6,458,459);
INSERT INTO `category` VALUES (240,'F108',232,7,460,461);
INSERT INTO `category` VALUES (241,'F109',232,8,462,463);
INSERT INTO `category` VALUES (242,'F110',232,9,464,465);
INSERT INTO `category` VALUES (243,'F111',232,10,466,467);
INSERT INTO `category` VALUES (244,'F112',232,11,468,469);
INSERT INTO `category` VALUES (245,'F113',232,12,470,471);
INSERT INTO `category` VALUES (246,'F114',232,13,472,473);
INSERT INTO `category` VALUES (247,'G101',119,1,234,235);
INSERT INTO `category` VALUES (248,'G103',119,2,236,237);
INSERT INTO `category` VALUES (249,'G104',119,3,238,239);
INSERT INTO `category` VALUES (250,'G105',119,4,240,241);
INSERT INTO `category` VALUES (251,'G106',119,5,242,243);
INSERT INTO `category` VALUES (252,'G107',119,6,244,245);
INSERT INTO `category` VALUES (253,'G108',119,7,246,247);
INSERT INTO `category` VALUES (254,'G109',119,8,248,249);
INSERT INTO `category` VALUES (255,'G301',119,9,250,251);
INSERT INTO `category` VALUES (256,'G302',119,10,252,253);
INSERT INTO `category` VALUES (257,'G303',119,11,254,255);
INSERT INTO `category` VALUES (258,'G304',119,12,256,257);
INSERT INTO `category` VALUES (259,'G305',119,13,258,259);
INSERT INTO `category` VALUES (260,'G306',119,14,260,261);
INSERT INTO `category` VALUES (261,'G307',119,15,262,263);
INSERT INTO `category` VALUES (262,'G308',119,16,264,265);
INSERT INTO `category` VALUES (263,'G309',119,17,266,267);
INSERT INTO `category` VALUES (264,'U铁料',7,4,23,24);
INSERT INTO `category` VALUES (265,'板料',7,5,25,26);
INSERT INTO `category` VALUES (266,'模具',1,4,32,33);
INSERT INTO `category` VALUES (267,'模具架·盆架',3,3,482,485);
INSERT INTO `category` VALUES (268,'模具架·华司U铁',3,4,486,487);
INSERT INTO `category` VALUES (269,'A12',267,0,483,484);
INSERT INTO `category` VALUES (270,'介钱',11,0,29,30);
INSERT INTO `category` VALUES (271,'垫片',22,0,4,5);

#
# Source for table cir
#

DROP TABLE IF EXISTS `cir`;
CREATE TABLE `cir` (
  `Id` int(11) NOT NULL AUTO_INCREMENT,
  `serial` varchar(100) NOT NULL DEFAULT '',
  `name` varchar(100) DEFAULT NULL,
  `create_user_id` int(11) DEFAULT NULL,
  `create_time` datetime DEFAULT NULL,
  `bill_time` datetime DEFAULT NULL,
  `type` tinyint(3) NOT NULL DEFAULT '0' COMMENT '0-采购到货 1-采购退货 2-销售出货 3-销售退货 4-委外外送 5-委外回收 6-报溢 7-报损',
  `status` int(11) NOT NULL DEFAULT '0' COMMENT '0-未审核 1-已审核',
  `comment` varchar(200) DEFAULT NULL,
  `direction` tinyint(3) NOT NULL DEFAULT '1',
  `order_id` int(11) DEFAULT '0',
  `company_id` int(11) DEFAULT NULL,
  PRIMARY KEY (`Id`),
  KEY `fk_order` (`order_id`),
  KEY `fk_cir_company` (`company_id`)
) ENGINE=InnoDB AUTO_INCREMENT=630 DEFAULT CHARSET=utf8;

#
# Dumping data for table cir
#

INSERT INTO `cir` VALUES (131,'CGDH-20180127-001','',4,'2018-01-27 01:12:41','2018-01-27',0,1,NULL,1,NULL,9);
INSERT INTO `cir` VALUES (132,'CGDH-20180127-002','',4,'2018-01-27 01:27:14','2018-01-27',0,1,NULL,1,NULL,9);
INSERT INTO `cir` VALUES (134,'CGDH-20180127-003','',4,'2018-01-27 01:27:46','2018-01-27',0,1,NULL,1,NULL,11);
INSERT INTO `cir` VALUES (145,'PDBY-20180127-001','',6,'2018-01-27 02:15:01','2018-01-27',6,1,NULL,1,NULL,NULL);
INSERT INTO `cir` VALUES (146,'KHFH-20180127-002','',3,'2018-01-27 02:15:43','2018-01-27',2,1,NULL,1,NULL,8);
INSERT INTO `cir` VALUES (147,'PDBY-20180223-001','',6,'2018-02-23 09:32:32','2018-02-23',6,1,NULL,1,NULL,NULL);
INSERT INTO `cir` VALUES (148,'PDBS-20180223-001','',6,'2018-02-23 09:35:29','2018-02-23',7,1,NULL,1,NULL,NULL);
INSERT INTO `cir` VALUES (149,'PDBY-20180225-001','',1,'2018-02-25 09:59:27','2018-02-25',6,1,NULL,1,NULL,NULL);
INSERT INTO `cir` VALUES (150,'PDBS-20180225-001','',1,'2018-02-25 10:06:17','2018-02-25',7,1,NULL,1,NULL,NULL);
INSERT INTO `cir` VALUES (152,'PDBY-20180226-001','',6,'2018-02-26 11:16:53','2018-02-26',6,1,NULL,1,NULL,NULL);
INSERT INTO `cir` VALUES (154,'PDBS-20180226-001','',6,'2018-02-26 11:20:34','2018-02-26',7,1,NULL,1,NULL,NULL);
INSERT INTO `cir` VALUES (158,'PDBY-20180226-002','',6,'2018-02-26 03:34:53','2018-02-26',6,1,NULL,1,NULL,NULL);
INSERT INTO `cir` VALUES (159,'KHFH-20180226-001','test',3,'2018-02-26 03:37:56','2018-02-26',2,1,NULL,1,NULL,12);
INSERT INTO `cir` VALUES (160,'PDBY-20180226-003','',6,'2018-02-26 03:48:41','2018-02-26',6,1,NULL,1,NULL,NULL);
INSERT INTO `cir` VALUES (161,'PDBY-20180226-004','',6,'2018-02-26 03:52:37','2018-02-26',6,1,NULL,1,NULL,NULL);
INSERT INTO `cir` VALUES (162,'PDBY-20180226-005','',6,'2018-02-26 03:55:39','2018-02-26',6,1,NULL,1,NULL,NULL);
INSERT INTO `cir` VALUES (163,'PDBY-20180226-006','',6,'2018-02-26 04:06:26','2018-02-26',6,1,NULL,1,NULL,NULL);
INSERT INTO `cir` VALUES (164,'PDBY-20180226-007','',6,'2018-02-26 04:09:20','2018-02-26',6,1,NULL,1,NULL,NULL);
INSERT INTO `cir` VALUES (165,'PDBY-20180226-008','',6,'2018-02-26 04:11:20','2018-02-26',6,1,NULL,1,NULL,NULL);
INSERT INTO `cir` VALUES (166,'PDBY-20180226-009','',6,'2018-02-26 04:19:39','2018-02-26',6,1,NULL,1,NULL,NULL);
INSERT INTO `cir` VALUES (167,'PDBY-20180226-010','',6,'2018-02-26 04:31:19','2018-02-26',6,1,NULL,1,NULL,NULL);
INSERT INTO `cir` VALUES (168,'PDBY-20180226-011','',6,'2018-02-26 04:47:49','2018-02-26',6,1,NULL,1,NULL,NULL);
INSERT INTO `cir` VALUES (169,'PDBY-20180226-012','',6,'2018-02-26 04:50:29','2018-02-26',6,1,NULL,1,NULL,NULL);
INSERT INTO `cir` VALUES (170,'PDBY-20180226-013','',6,'2018-02-26 04:54:05','2018-02-26',6,1,NULL,1,NULL,NULL);
INSERT INTO `cir` VALUES (171,'PDBS-20180226-002','',6,'2018-02-26 05:07:57','2018-02-26',7,1,NULL,1,NULL,NULL);
INSERT INTO `cir` VALUES (172,'KHTH-20180227-001','test',1,'2018-02-27 08:48:59','2018-02-27',3,1,NULL,1,NULL,12);
INSERT INTO `cir` VALUES (173,'PDBS-20180227-001','',6,'2018-02-27 03:21:15','2018-02-27',7,1,NULL,1,NULL,NULL);
INSERT INTO `cir` VALUES (174,'PDBY-20180227-001','',6,'2018-02-27 03:22:32','2018-02-27',6,1,NULL,1,NULL,NULL);
INSERT INTO `cir` VALUES (175,'PDBY-20180227-002','',6,'2018-02-27 03:25:29','2018-02-27',6,1,NULL,1,NULL,NULL);
INSERT INTO `cir` VALUES (176,'PDBY-20180227-003','',6,'2018-02-27 03:28:09','2018-02-27',6,1,NULL,1,NULL,NULL);
INSERT INTO `cir` VALUES (177,'PDBY-20180227-004','',6,'2018-02-27 03:45:41','2018-02-27',6,1,NULL,1,NULL,NULL);
INSERT INTO `cir` VALUES (178,'PDBY-20180227-005','',6,'2018-02-27 03:50:04','2018-02-27',6,1,NULL,1,NULL,NULL);
INSERT INTO `cir` VALUES (179,'PDBY-20180227-006','',6,'2018-02-27 03:56:09','2018-02-27',6,1,NULL,1,NULL,NULL);
INSERT INTO `cir` VALUES (180,'PDBY-20180227-007','',6,'2018-02-27 03:57:09','2018-02-27',6,1,NULL,1,NULL,NULL);
INSERT INTO `cir` VALUES (181,'PDBY-20180227-008','',6,'2018-02-27 03:58:20','2018-02-27',6,1,NULL,1,NULL,NULL);
INSERT INTO `cir` VALUES (182,'PDBY-20180228-001','',6,'2018-02-28 11:26:09','2018-02-28',6,1,NULL,1,NULL,NULL);
INSERT INTO `cir` VALUES (183,'PDBS-20180228-001','',6,'2018-02-28 11:27:44','2018-02-28',7,1,NULL,1,NULL,NULL);
INSERT INTO `cir` VALUES (184,'PDBY-20180228-002','',6,'2018-02-28 04:08:48','2018-02-28',6,1,NULL,1,NULL,NULL);
INSERT INTO `cir` VALUES (185,'PDBS-20180228-002','',6,'2018-02-28 05:20:07','2018-02-28',7,1,NULL,1,NULL,NULL);
INSERT INTO `cir` VALUES (186,'PDBY-20180301-001','',6,'2018-03-01 11:32:15','2018-03-01',6,1,NULL,1,NULL,NULL);
INSERT INTO `cir` VALUES (187,'PDBS-20180301-001','',6,'2018-03-01 11:33:39','2018-03-01',7,1,NULL,1,NULL,NULL);
INSERT INTO `cir` VALUES (188,'PDBY-20180301-002','',6,'2018-03-01 02:17:33','2018-03-01',6,1,NULL,1,NULL,NULL);
INSERT INTO `cir` VALUES (189,'PDBY-20180301-003','',6,'2018-03-01 02:20:52','2018-03-01',6,1,NULL,1,NULL,NULL);
INSERT INTO `cir` VALUES (190,'PDBS-20180301-002','',6,'2018-03-01 02:22:05','2018-03-01',7,1,NULL,1,NULL,NULL);
INSERT INTO `cir` VALUES (191,'PDBY-20180301-004','',6,'2018-03-01 02:24:13','2018-03-01',6,1,NULL,1,NULL,NULL);
INSERT INTO `cir` VALUES (192,'PDBS-20180301-003','',6,'2018-03-01 02:25:47','2018-03-01',7,1,NULL,1,NULL,NULL);
INSERT INTO `cir` VALUES (193,'PDBY-20180301-005','',6,'2018-03-01 05:44:34','2018-03-01',6,1,NULL,1,NULL,NULL);
INSERT INTO `cir` VALUES (194,'PDBS-20180301-004','',6,'2018-03-01 05:45:11','2018-03-01',7,1,NULL,1,NULL,NULL);
INSERT INTO `cir` VALUES (195,'PDBS-20180303-001','',6,'2018-03-03 09:39:39','2018-03-03',7,1,NULL,1,NULL,NULL);
INSERT INTO `cir` VALUES (196,'PDBY-20180303-001','',6,'2018-03-03 11:07:05','2018-03-03',6,1,NULL,1,NULL,NULL);
INSERT INTO `cir` VALUES (197,'PDBY-20180303-002','',6,'2018-03-03 11:08:39','2018-03-03',6,1,NULL,1,NULL,NULL);
INSERT INTO `cir` VALUES (198,'PDBS-20180303-002','',6,'2018-03-03 11:09:04','2018-03-03',7,1,NULL,1,NULL,NULL);
INSERT INTO `cir` VALUES (199,'PDBY-20180303-003','',6,'2018-03-03 11:25:28','2018-03-03',6,1,NULL,1,NULL,NULL);
INSERT INTO `cir` VALUES (200,'PDBS-20180303-003','',6,'2018-03-03 11:26:26','2018-03-03',7,1,NULL,1,NULL,NULL);
INSERT INTO `cir` VALUES (201,'PDBY-20180303-004','',6,'2018-03-03 04:52:48','2018-03-03',6,1,NULL,1,NULL,NULL);
INSERT INTO `cir` VALUES (202,'PDBS-20180303-004','',6,'2018-03-03 04:53:47','2018-03-03',7,1,NULL,1,NULL,NULL);
INSERT INTO `cir` VALUES (203,'PDBY-20180304-001','',6,'2018-03-04 05:12:49','2018-03-04',6,1,NULL,1,NULL,NULL);
INSERT INTO `cir` VALUES (204,'PDBS-20180304-001','',6,'2018-03-04 05:13:27','2018-03-04',7,1,NULL,1,NULL,NULL);
INSERT INTO `cir` VALUES (205,'PDBY-20180304-002','',6,'2018-03-04 05:15:56','2018-03-04',6,1,NULL,1,NULL,NULL);
INSERT INTO `cir` VALUES (206,'PDBS-20180304-002','',6,'2018-03-04 05:16:28','2018-03-04',7,1,NULL,1,NULL,NULL);
INSERT INTO `cir` VALUES (207,'PDBY-20180304-003','',6,'2018-03-04 05:54:06','2018-03-04',6,1,NULL,1,NULL,NULL);
INSERT INTO `cir` VALUES (208,'PDBS-20180304-003','',6,'2018-03-04 05:55:06','2018-03-04',7,1,NULL,1,NULL,NULL);
INSERT INTO `cir` VALUES (209,'PDBS-20180305-001','',6,'2018-03-05 08:59:17','2018-03-05',7,1,NULL,1,NULL,NULL);
INSERT INTO `cir` VALUES (210,'PDBY-20180305-001','',6,'2018-03-05 10:05:31','2018-03-05',6,1,NULL,1,NULL,NULL);
INSERT INTO `cir` VALUES (211,'PDBS-20180305-002','',6,'2018-03-05 10:06:10','2018-03-05',7,1,NULL,1,NULL,NULL);
INSERT INTO `cir` VALUES (212,'PDBY-20180305-002','',6,'2018-03-05 02:04:29','2018-03-05',6,1,NULL,1,NULL,NULL);
INSERT INTO `cir` VALUES (213,'PDBS-20180305-003','',6,'2018-03-05 02:09:56','2018-03-05',7,1,NULL,1,NULL,NULL);
INSERT INTO `cir` VALUES (214,'PDBY-20180305-003','',6,'2018-03-05 02:10:29','2018-03-05',6,1,NULL,1,NULL,NULL);
INSERT INTO `cir` VALUES (215,'PDBS-20180306-001','',6,'2018-03-06 08:37:40','2018-03-05',7,1,NULL,1,NULL,NULL);
INSERT INTO `cir` VALUES (216,'PDBS-20180306-002','',6,'2018-03-06 10:41:40','2018-03-06',7,1,NULL,1,NULL,NULL);
INSERT INTO `cir` VALUES (217,'PDBS-20180306-003','',6,'2018-03-06 10:42:14','2018-03-06',7,1,NULL,1,NULL,NULL);
INSERT INTO `cir` VALUES (218,'PDBY-20180306-001','',6,'2018-03-06 01:46:24','2018-03-06',6,1,NULL,1,NULL,NULL);
INSERT INTO `cir` VALUES (219,'PDBS-20180306-004','',6,'2018-03-06 01:47:13','2018-03-06',7,1,NULL,1,NULL,NULL);
INSERT INTO `cir` VALUES (220,'CGDH-20180307-001','',1,'2018-03-07 05:21:04','2018-03-07',0,1,NULL,1,NULL,23);
INSERT INTO `cir` VALUES (221,'PDBY-20180307-001','',6,'2018-03-07 05:45:14','2018-03-07',6,1,NULL,1,NULL,NULL);
INSERT INTO `cir` VALUES (222,'PDBS-20180307-001','',6,'2018-03-07 05:46:11','2018-03-07',7,1,NULL,1,NULL,NULL);
INSERT INTO `cir` VALUES (223,'PDBY-20180307-002','',6,'2018-03-07 05:46:32','2018-03-07',6,1,NULL,1,NULL,NULL);
INSERT INTO `cir` VALUES (224,'PDBS-20180307-002','',6,'2018-03-07 05:47:01','2018-03-07',7,1,NULL,1,NULL,NULL);
INSERT INTO `cir` VALUES (225,'PDBS-20180308-001','',6,'2018-03-08 04:23:31','2018-03-08',7,1,NULL,1,NULL,NULL);
INSERT INTO `cir` VALUES (226,'PDBS-20180308-002','',6,'2018-03-08 04:23:52','2018-03-08',7,1,NULL,1,NULL,NULL);
INSERT INTO `cir` VALUES (227,'PDBY-20180308-001','',6,'2018-03-08 05:47:48','2018-03-08',6,1,NULL,1,NULL,NULL);
INSERT INTO `cir` VALUES (228,'PDBY-20180309-001','',6,'2018-03-09 02:36:57','2018-03-09',6,1,NULL,1,NULL,NULL);
INSERT INTO `cir` VALUES (229,'PDBS-20180309-001','',6,'2018-03-09 02:38:25','2018-03-09',7,1,NULL,1,NULL,NULL);
INSERT INTO `cir` VALUES (230,'PDBS-20180310-001','',6,'2018-03-10 11:13:03','2018-03-10',7,1,NULL,1,NULL,NULL);
INSERT INTO `cir` VALUES (231,'PDBY-20180310-001','',6,'2018-03-10 03:09:52','2018-03-10',6,1,NULL,1,NULL,NULL);
INSERT INTO `cir` VALUES (232,'PDBS-20180310-002','',6,'2018-03-10 03:12:32','2018-03-10',7,1,NULL,1,NULL,NULL);
INSERT INTO `cir` VALUES (233,'PDBY-20180310-002','',6,'2018-03-10 03:13:01','2018-03-10',6,1,NULL,1,NULL,NULL);
INSERT INTO `cir` VALUES (234,'PDBY-20180310-003','',6,'2018-03-10 03:13:58','2018-03-10',6,1,NULL,1,NULL,NULL);
INSERT INTO `cir` VALUES (235,'PDBY-20180310-004','',6,'2018-03-10 05:59:45','2018-03-10',6,1,NULL,1,NULL,NULL);
INSERT INTO `cir` VALUES (236,'PDBS-20180310-003','',6,'2018-03-10 06:00:38','2018-03-10',7,1,NULL,1,NULL,NULL);
INSERT INTO `cir` VALUES (237,'PDBY-20180311-001','',6,'2018-03-11 03:18:28','2018-03-11',6,1,NULL,1,NULL,NULL);
INSERT INTO `cir` VALUES (238,'PDBS-20180311-001','',6,'2018-03-11 03:19:17','2018-03-11',7,1,NULL,1,NULL,NULL);
INSERT INTO `cir` VALUES (239,'PDBY-20180311-002','',6,'2018-03-11 03:20:08','2018-03-11',6,1,NULL,1,NULL,NULL);
INSERT INTO `cir` VALUES (240,'PDBS-20180311-002','',6,'2018-03-11 03:21:11','2018-03-11',7,1,NULL,1,NULL,NULL);
INSERT INTO `cir` VALUES (241,'PDBY-20180311-003','',6,'2018-03-11 03:25:20','2018-03-11',6,1,NULL,1,NULL,NULL);
INSERT INTO `cir` VALUES (242,'PDBS-20180311-003','',6,'2018-03-11 03:25:50','2018-03-11',7,1,NULL,1,NULL,NULL);
INSERT INTO `cir` VALUES (243,'PDBY-20180311-004','',6,'2018-03-11 03:28:11','2018-03-11',6,1,NULL,1,NULL,NULL);
INSERT INTO `cir` VALUES (244,'PDBS-20180311-004','',6,'2018-03-11 03:28:37','2018-03-11',7,1,NULL,1,NULL,NULL);
INSERT INTO `cir` VALUES (245,'PDBY-20180313-001','',6,'2018-03-13 09:41:35','2018-03-13',6,1,NULL,1,NULL,NULL);
INSERT INTO `cir` VALUES (246,'PDBS-20180313-001','',6,'2018-03-13 09:42:12','2018-03-13',7,1,NULL,1,NULL,NULL);
INSERT INTO `cir` VALUES (247,'PDBY-20180313-002','',6,'2018-03-13 02:28:00','2018-03-13',6,1,NULL,1,NULL,NULL);
INSERT INTO `cir` VALUES (248,'PDBS-20180313-002','',6,'2018-03-13 02:28:49','2018-03-13',7,1,NULL,1,NULL,NULL);
INSERT INTO `cir` VALUES (249,'PDBY-20180313-003','',6,'2018-03-13 02:29:14','2018-03-13',6,1,NULL,1,NULL,NULL);
INSERT INTO `cir` VALUES (250,'PDBS-20180313-003','',6,'2018-03-13 02:30:25','2018-03-13',7,1,NULL,1,NULL,NULL);
INSERT INTO `cir` VALUES (251,'PDBY-20180313-004','',6,'2018-03-13 03:07:00','2018-03-13',6,1,NULL,1,NULL,NULL);
INSERT INTO `cir` VALUES (252,'PDBY-20180313-005','',6,'2018-03-13 03:07:33','2018-03-13',6,1,NULL,1,NULL,NULL);
INSERT INTO `cir` VALUES (253,'PDBS-20180313-004','',6,'2018-03-13 03:07:59','2018-03-13',7,1,NULL,1,NULL,NULL);
INSERT INTO `cir` VALUES (254,'PDBY-20180314-001','',6,'2018-03-14 02:12:59','2018-03-14',6,1,NULL,1,NULL,NULL);
INSERT INTO `cir` VALUES (255,'PDBY-20180314-002','',6,'2018-03-14 02:13:34','2018-03-14',6,1,NULL,1,NULL,NULL);
INSERT INTO `cir` VALUES (256,'PDBS-20180314-001','',6,'2018-03-14 02:14:25','2018-03-14',7,1,NULL,1,NULL,NULL);
INSERT INTO `cir` VALUES (257,'PDBY-20180314-003','',6,'2018-03-14 06:04:34','2018-03-14',6,1,NULL,1,NULL,NULL);
INSERT INTO `cir` VALUES (258,'PDBY-20180314-004','',6,'2018-03-14 06:06:12','2018-03-14',6,1,NULL,1,NULL,NULL);
INSERT INTO `cir` VALUES (259,'PDBS-20180315-001','',6,'2018-03-15 09:15:43','2018-03-15',7,1,NULL,1,NULL,NULL);
INSERT INTO `cir` VALUES (260,'PDBS-20180316-001','',6,'2018-03-16 09:15:43','2018-03-16',7,1,NULL,1,NULL,NULL);
INSERT INTO `cir` VALUES (261,'PDBY-20180316-001','',6,'2018-03-16 09:17:25','2018-03-16',6,1,NULL,1,NULL,NULL);
INSERT INTO `cir` VALUES (262,'PDBS-20180316-002','',6,'2018-03-16 09:18:00','2018-03-16',7,1,NULL,1,NULL,NULL);
INSERT INTO `cir` VALUES (263,'PDBY-20180316-002','',6,'2018-03-16 09:18:20','2018-03-16',6,1,NULL,1,NULL,NULL);
INSERT INTO `cir` VALUES (264,'PDBS-20180316-003','',6,'2018-03-16 09:34:48','2018-03-16',7,1,NULL,1,NULL,NULL);
INSERT INTO `cir` VALUES (265,'PDBS-20180316-004','',6,'2018-03-16 09:52:42','2018-03-16',7,1,NULL,1,NULL,NULL);
INSERT INTO `cir` VALUES (266,'PDBY-20180316-003','',6,'2018-03-16 02:49:32','2018-03-16',6,1,NULL,1,NULL,NULL);
INSERT INTO `cir` VALUES (267,'PDBS-20180316-005','',6,'2018-03-16 02:50:29','2018-03-16',7,1,NULL,1,NULL,NULL);
INSERT INTO `cir` VALUES (268,'PDBY-20180316-004','',6,'2018-03-16 02:56:48','2018-03-16',6,1,NULL,1,NULL,NULL);
INSERT INTO `cir` VALUES (269,'PDBS-20180316-006','',6,'2018-03-16 02:58:12','2018-03-16',7,1,NULL,1,NULL,NULL);
INSERT INTO `cir` VALUES (270,'PDBY-20180316-005','',6,'2018-03-16 02:58:42','2018-03-16',6,1,NULL,1,NULL,NULL);
INSERT INTO `cir` VALUES (271,'PDBS-20180316-007','',6,'2018-03-16 03:00:02','2018-03-16',7,1,NULL,1,NULL,NULL);
INSERT INTO `cir` VALUES (272,'PDBY-20180316-006','',6,'2018-03-16 05:51:06','2018-03-16',6,1,NULL,1,NULL,NULL);
INSERT INTO `cir` VALUES (273,'PDBS-20180316-008','',6,'2018-03-16 05:54:52','2018-03-16',7,1,NULL,1,NULL,NULL);
INSERT INTO `cir` VALUES (274,'PDBY-20180316-007','',6,'2018-03-16 06:01:37','2018-03-16',6,1,NULL,1,NULL,NULL);
INSERT INTO `cir` VALUES (275,'PDBS-20180316-009','',6,'2018-03-16 06:02:16','2018-03-16',7,1,NULL,1,NULL,NULL);
INSERT INTO `cir` VALUES (276,'PDBS-20180316-010','',6,'2018-03-16 06:05:18','2018-03-16',7,1,NULL,1,NULL,NULL);
INSERT INTO `cir` VALUES (277,'PDBY-20180317-001','',6,'2018-03-17 11:32:56','2018-03-17',6,1,NULL,1,NULL,NULL);
INSERT INTO `cir` VALUES (278,'PDBS-20180317-001','',6,'2018-03-17 11:33:56','2018-03-17',7,1,NULL,1,NULL,NULL);
INSERT INTO `cir` VALUES (279,'PDBY-20180317-002','',6,'2018-03-17 03:03:51','2018-03-17',6,1,NULL,1,NULL,NULL);
INSERT INTO `cir` VALUES (280,'PDBY-20180317-003','',6,'2018-03-17 03:11:57','2018-03-17',6,1,NULL,1,NULL,NULL);
INSERT INTO `cir` VALUES (281,'PDBY-20180317-004','',6,'2018-03-17 03:45:03','2018-03-17',6,1,NULL,1,NULL,NULL);
INSERT INTO `cir` VALUES (282,'PDBY-20180317-005','',6,'2018-03-17 03:46:10','2018-03-17',6,1,NULL,1,NULL,NULL);
INSERT INTO `cir` VALUES (283,'PDBS-20180317-002','',6,'2018-03-17 03:47:33','2018-03-17',7,1,NULL,1,NULL,NULL);
INSERT INTO `cir` VALUES (284,'PDBY-20180317-006','',6,'2018-03-17 03:48:04','2018-03-17',6,1,NULL,1,NULL,NULL);
INSERT INTO `cir` VALUES (285,'PDBS-20180317-003','',6,'2018-03-17 03:54:55','2018-03-17',7,1,NULL,1,NULL,NULL);
INSERT INTO `cir` VALUES (286,'PDBY-20180317-007','',6,'2018-03-17 05:58:22','2018-03-17',6,1,NULL,1,NULL,NULL);
INSERT INTO `cir` VALUES (287,'PDBY-20180317-008','',6,'2018-03-17 05:59:34','2018-03-17',6,1,NULL,1,NULL,NULL);
INSERT INTO `cir` VALUES (288,'PDBS-20180317-004','',6,'2018-03-17 06:00:25','2018-03-17',7,1,NULL,1,NULL,NULL);
INSERT INTO `cir` VALUES (289,'PDBS-20180317-005','',6,'2018-03-17 06:00:46','2018-03-17',7,1,NULL,1,NULL,NULL);
INSERT INTO `cir` VALUES (290,'PDBY-20180318-001','',6,'2018-03-18 02:18:14','2018-03-18',6,1,NULL,1,NULL,NULL);
INSERT INTO `cir` VALUES (291,'PDBY-20180318-002','',6,'2018-03-18 02:30:09','2018-03-18',6,1,NULL,1,NULL,NULL);
INSERT INTO `cir` VALUES (292,'PDBY-20180318-003','',6,'2018-03-18 02:37:47','2018-03-18',6,1,NULL,1,NULL,NULL);
INSERT INTO `cir` VALUES (293,'PDBY-20180318-004','',6,'2018-03-18 02:38:26','2018-03-18',6,1,NULL,1,NULL,NULL);
INSERT INTO `cir` VALUES (294,'PDBY-20180318-005','',6,'2018-03-18 03:17:09','2018-03-18',6,1,NULL,1,NULL,NULL);
INSERT INTO `cir` VALUES (295,'PDBY-20180319-001','',6,'2018-03-19 01:39:41','2018-03-19',6,1,NULL,1,NULL,NULL);
INSERT INTO `cir` VALUES (296,'PDBS-20180319-001','',6,'2018-03-19 01:40:45','2018-03-19',7,1,NULL,1,NULL,NULL);
INSERT INTO `cir` VALUES (297,'PDBY-20180319-002','',6,'2018-03-19 05:03:49','2018-03-19',6,1,NULL,1,NULL,NULL);
INSERT INTO `cir` VALUES (298,'PDBS-20180319-002','',6,'2018-03-19 05:49:06','2018-03-19',7,1,NULL,1,NULL,NULL);
INSERT INTO `cir` VALUES (299,'PDBS-20180320-001','',6,'2018-03-20 11:31:54','2018-03-20',7,1,NULL,1,NULL,NULL);
INSERT INTO `cir` VALUES (300,'PDBY-20180320-001','',6,'2018-03-20 03:12:23','2018-03-20',6,1,NULL,1,NULL,NULL);
INSERT INTO `cir` VALUES (301,'PDBY-20180320-002','',6,'2018-03-20 03:25:15','2018-03-20',6,1,NULL,1,NULL,NULL);
INSERT INTO `cir` VALUES (302,'PDBY-20180320-003','',6,'2018-03-20 03:27:17','2018-03-20',6,1,NULL,1,NULL,NULL);
INSERT INTO `cir` VALUES (303,'PDBS-20180320-002','',6,'2018-03-20 03:27:41','2018-03-20',7,1,NULL,1,NULL,NULL);
INSERT INTO `cir` VALUES (304,'PDBY-20180320-004','',6,'2018-03-20 03:28:16','2018-03-20',6,1,NULL,1,NULL,NULL);
INSERT INTO `cir` VALUES (305,'PDBY-20180320-005','',6,'2018-03-20 03:29:20','2018-03-20',6,1,NULL,1,NULL,NULL);
INSERT INTO `cir` VALUES (306,'PDBY-20180320-006','',6,'2018-03-20 03:30:39','2018-03-20',6,1,NULL,1,NULL,NULL);
INSERT INTO `cir` VALUES (307,'PDBS-20180320-003','',6,'2018-03-20 03:31:45','2018-03-20',7,1,NULL,1,NULL,NULL);
INSERT INTO `cir` VALUES (308,'PDBY-20180320-007','',6,'2018-03-20 03:45:07','2018-03-20',6,1,NULL,1,NULL,NULL);
INSERT INTO `cir` VALUES (309,'PDBS-20180320-004','',6,'2018-03-20 03:46:28','2018-03-20',7,1,NULL,1,NULL,NULL);
INSERT INTO `cir` VALUES (310,'PDBY-20180321-001','',6,'2018-03-21 10:04:15','2018-03-21',6,1,NULL,1,NULL,NULL);
INSERT INTO `cir` VALUES (311,'PDBS-20180321-001','',6,'2018-03-21 04:00:22','2018-03-21',7,1,NULL,1,NULL,NULL);
INSERT INTO `cir` VALUES (312,'PDBS-20180321-002','',6,'2018-03-21 04:04:49','2018-03-21',7,1,NULL,1,NULL,NULL);
INSERT INTO `cir` VALUES (313,'PDBY-20180321-002','',6,'2018-03-21 04:05:56','2018-03-21',6,1,NULL,1,NULL,NULL);
INSERT INTO `cir` VALUES (314,'PDBY-20180321-003','',6,'2018-03-21 04:06:39','2018-03-21',6,1,NULL,1,NULL,NULL);
INSERT INTO `cir` VALUES (315,'PDBS-20180324-001','',6,'2018-03-24 09:10:47','2018-03-24',7,1,NULL,1,NULL,NULL);
INSERT INTO `cir` VALUES (316,'PDBY-20180324-001','',6,'2018-03-24 11:18:45','2018-03-24',6,1,NULL,1,NULL,NULL);
INSERT INTO `cir` VALUES (317,'PDBY-20180324-002','',6,'2018-03-24 11:23:56','2018-03-24',6,1,NULL,1,NULL,NULL);
INSERT INTO `cir` VALUES (318,'PDBY-20180324-003','',6,'2018-03-24 01:44:07','2018-03-24',6,1,NULL,1,NULL,NULL);
INSERT INTO `cir` VALUES (319,'PDBY-20180324-004','',6,'2018-03-24 01:47:34','2018-03-24',6,1,NULL,1,NULL,NULL);
INSERT INTO `cir` VALUES (320,'PDBS-20180324-002','',6,'2018-03-24 01:48:00','2018-03-24',7,1,NULL,1,NULL,NULL);
INSERT INTO `cir` VALUES (321,'PDBY-20180324-005','',6,'2018-03-24 01:48:16','2018-03-24',6,1,NULL,1,NULL,NULL);
INSERT INTO `cir` VALUES (322,'PDBY-20180324-006','',6,'2018-03-24 01:49:27','2018-03-24',6,1,NULL,1,NULL,NULL);
INSERT INTO `cir` VALUES (323,'PDBS-20180324-003','',6,'2018-03-24 01:49:56','2018-03-24',7,1,NULL,1,NULL,NULL);
INSERT INTO `cir` VALUES (324,'PDBY-20180324-007','',6,'2018-03-24 01:57:06','2018-03-24',6,1,NULL,1,NULL,NULL);
INSERT INTO `cir` VALUES (325,'PDBY-20180324-008','',6,'2018-03-24 01:57:48','2018-03-24',6,1,NULL,1,NULL,NULL);
INSERT INTO `cir` VALUES (326,'PDBY-20180324-009','',6,'2018-03-24 04:27:13','2018-03-24',6,1,NULL,1,NULL,NULL);
INSERT INTO `cir` VALUES (327,'PDBY-20180324-010','',6,'2018-03-24 04:29:42','2018-03-24',6,1,NULL,1,NULL,NULL);
INSERT INTO `cir` VALUES (328,'PDBS-20180324-004','',6,'2018-03-24 04:45:55','2018-03-24',7,1,NULL,1,NULL,NULL);
INSERT INTO `cir` VALUES (329,'PDBY-20180324-011','',6,'2018-03-24 05:03:18','2018-03-24',6,1,NULL,1,NULL,NULL);
INSERT INTO `cir` VALUES (330,'PDBS-20180324-005','',6,'2018-03-24 05:03:51','2018-03-24',7,1,NULL,1,NULL,NULL);
INSERT INTO `cir` VALUES (331,'PDBY-20180324-012','',6,'2018-03-24 05:04:09','2018-03-24',6,1,NULL,1,NULL,NULL);
INSERT INTO `cir` VALUES (332,'PDBS-20180324-006','',6,'2018-03-24 05:04:53','2018-03-24',7,1,NULL,1,NULL,NULL);
INSERT INTO `cir` VALUES (333,'PDBY-20180324-013','',6,'2018-03-24 05:06:02','2018-03-24',6,1,NULL,1,NULL,NULL);
INSERT INTO `cir` VALUES (334,'PDBS-20180330-001','',6,'2018-03-30 03:09:58','2018-03-30',7,1,NULL,1,NULL,NULL);
INSERT INTO `cir` VALUES (335,'PDBS-20180330-002','',6,'2018-03-30 03:11:29','2018-03-30',7,1,NULL,1,NULL,NULL);
INSERT INTO `cir` VALUES (336,'PDBS-20180330-003','',6,'2018-03-30 03:12:45','2018-03-30',7,1,NULL,1,NULL,NULL);
INSERT INTO `cir` VALUES (337,'PDBY-20180330-001','',6,'2018-03-30 03:14:16','2018-02-27',6,1,NULL,1,NULL,NULL);
INSERT INTO `cir` VALUES (338,'PDBS-20180330-004','',6,'2018-03-30 03:14:59','2018-03-30',7,1,NULL,1,NULL,NULL);
INSERT INTO `cir` VALUES (339,'PDBY-20180330-002','',6,'2018-03-30 03:16:49','2018-03-30',6,1,NULL,1,NULL,NULL);
INSERT INTO `cir` VALUES (340,'PDBY-20180330-003','',6,'2018-03-30 03:17:56','2018-03-30',6,1,NULL,1,NULL,NULL);
INSERT INTO `cir` VALUES (341,'PDBY-20180330-004','',6,'2018-03-30 03:18:23','2018-03-30',6,1,NULL,1,NULL,NULL);
INSERT INTO `cir` VALUES (342,'PDBY-20180330-005','',6,'2018-03-30 03:33:12','2018-03-30',6,1,NULL,1,NULL,NULL);
INSERT INTO `cir` VALUES (343,'PDBS-20180330-005','',6,'2018-03-30 03:34:11','2018-03-30',7,1,NULL,1,NULL,NULL);
INSERT INTO `cir` VALUES (344,'PDBY-20180330-006','',6,'2018-03-30 03:34:38','2018-03-30',6,1,NULL,1,NULL,NULL);
INSERT INTO `cir` VALUES (345,'PDBY-20180330-007','',6,'2018-03-30 03:35:56','2018-03-30',6,1,NULL,1,NULL,NULL);
INSERT INTO `cir` VALUES (346,'PDBY-20180330-008','',6,'2018-03-30 03:38:22','2018-03-30',6,1,NULL,1,NULL,NULL);
INSERT INTO `cir` VALUES (347,'PDBS-20180330-006','',6,'2018-03-30 03:39:03','2018-03-30',7,1,NULL,1,NULL,NULL);
INSERT INTO `cir` VALUES (348,'PDBY-20180330-009','',6,'2018-03-30 03:39:50','2018-03-30',6,1,NULL,1,NULL,NULL);
INSERT INTO `cir` VALUES (349,'PDBS-20180330-007','',6,'2018-03-30 03:40:17','2018-03-30',7,1,NULL,1,NULL,NULL);
INSERT INTO `cir` VALUES (350,'PDBY-20180330-010','',6,'2018-03-30 03:43:01','2018-03-30',6,1,NULL,1,NULL,NULL);
INSERT INTO `cir` VALUES (351,'PDBS-20180330-008','',6,'2018-03-30 03:43:36','2018-03-30',7,1,NULL,1,NULL,NULL);
INSERT INTO `cir` VALUES (352,'PDBY-20180330-011','',6,'2018-03-30 03:43:55','2018-03-30',6,1,NULL,1,NULL,NULL);
INSERT INTO `cir` VALUES (353,'PDBY-20180330-012','',6,'2018-03-30 03:44:27','2018-03-30',6,1,NULL,1,NULL,NULL);
INSERT INTO `cir` VALUES (354,'PDBY-20180330-013','',6,'2018-03-30 03:46:34','2018-03-30',6,1,NULL,1,NULL,NULL);
INSERT INTO `cir` VALUES (355,'PDBY-20180330-014','',6,'2018-03-30 03:47:14','2018-03-30',6,1,NULL,1,NULL,NULL);
INSERT INTO `cir` VALUES (356,'PDBY-20180330-015','',6,'2018-03-30 03:47:39','2018-03-30',6,1,NULL,1,NULL,NULL);
INSERT INTO `cir` VALUES (357,'PDBY-20180330-016','',6,'2018-03-30 03:48:04','2018-03-30',6,1,NULL,1,NULL,NULL);
INSERT INTO `cir` VALUES (358,'PDBY-20180330-017','',6,'2018-03-30 03:48:49','2018-03-30',6,1,NULL,1,NULL,NULL);
INSERT INTO `cir` VALUES (359,'PDBS-20180330-009','',6,'2018-03-30 03:50:21','2018-03-30',7,1,NULL,1,NULL,NULL);
INSERT INTO `cir` VALUES (360,'PDBS-20180402-001','',6,'2018-04-02 05:22:40','2018-04-02',7,1,NULL,1,NULL,NULL);
INSERT INTO `cir` VALUES (361,'PDBY-20180402-001','',6,'2018-04-02 05:22:59','2018-04-02',6,1,NULL,1,NULL,NULL);
INSERT INTO `cir` VALUES (362,'PDBY-20180402-002','',6,'2018-04-02 05:23:50','2018-04-02',6,1,NULL,1,NULL,NULL);
INSERT INTO `cir` VALUES (363,'PDBS-20180402-002','',6,'2018-04-02 05:24:27','2018-04-02',7,1,NULL,1,NULL,NULL);
INSERT INTO `cir` VALUES (364,'PDBY-20180402-003','',6,'2018-04-02 05:24:47','2018-04-02',6,1,NULL,1,NULL,NULL);
INSERT INTO `cir` VALUES (365,'PDBS-20180402-003','',6,'2018-04-02 05:25:10','2018-04-02',7,1,NULL,1,NULL,NULL);
INSERT INTO `cir` VALUES (366,'PDBS-20180402-004','',6,'2018-04-02 05:25:44','2018-04-02',7,1,NULL,1,NULL,NULL);
INSERT INTO `cir` VALUES (367,'PDBY-20180402-004','',6,'2018-04-02 05:26:08','2018-04-02',6,1,NULL,1,NULL,NULL);
INSERT INTO `cir` VALUES (368,'PDBS-20180402-005','',6,'2018-04-02 05:26:31','2018-04-02',7,1,NULL,1,NULL,NULL);
INSERT INTO `cir` VALUES (369,'PDBY-20180402-005','',6,'2018-04-02 05:28:19','2018-04-02',6,1,NULL,1,NULL,NULL);
INSERT INTO `cir` VALUES (370,'PDBS-20180402-006','',6,'2018-04-02 05:32:28','2018-04-02',7,1,NULL,1,NULL,NULL);
INSERT INTO `cir` VALUES (371,'PDBS-20180402-007','',6,'2018-04-02 05:32:43','2018-04-02',7,1,NULL,1,NULL,NULL);
INSERT INTO `cir` VALUES (372,'PDBY-20180402-006','',6,'2018-04-02 05:33:07','2018-04-02',6,1,NULL,1,NULL,NULL);
INSERT INTO `cir` VALUES (373,'PDBS-20180402-008','',6,'2018-04-02 05:33:34','2018-04-02',7,1,NULL,1,NULL,NULL);
INSERT INTO `cir` VALUES (374,'PDBS-20180402-009','',6,'2018-04-02 05:33:53','2018-04-02',7,1,NULL,1,NULL,NULL);
INSERT INTO `cir` VALUES (375,'PDBS-20180403-001','',6,'2018-04-03 04:28:12','2018-04-03',7,1,NULL,1,NULL,NULL);
INSERT INTO `cir` VALUES (376,'PDBS-20180403-002','',6,'2018-04-03 04:28:33','2018-04-03',7,1,NULL,1,NULL,NULL);
INSERT INTO `cir` VALUES (377,'PDBS-20180403-003','',6,'2018-04-03 04:29:03','2018-04-03',7,1,NULL,1,NULL,NULL);
INSERT INTO `cir` VALUES (378,'PDBY-20180403-001','',6,'2018-04-03 05:56:26','2018-04-03',6,1,NULL,1,NULL,NULL);
INSERT INTO `cir` VALUES (379,'PDBS-20180403-004','',6,'2018-04-03 05:56:53','2018-04-03',7,1,NULL,1,NULL,NULL);
INSERT INTO `cir` VALUES (380,'PDBY-20180404-001','',6,'2018-04-04 02:19:52','2018-04-04',6,1,NULL,1,NULL,NULL);
INSERT INTO `cir` VALUES (381,'PDBS-20180404-001','',6,'2018-04-04 02:20:20','2018-04-04',7,1,NULL,1,NULL,NULL);
INSERT INTO `cir` VALUES (382,'PDBY-20180404-002','',6,'2018-04-04 02:20:40','2018-04-04',6,1,NULL,1,NULL,NULL);
INSERT INTO `cir` VALUES (383,'PDBY-20180406-001','',6,'2018-04-06 10:14:18','2018-04-06',6,1,NULL,1,NULL,NULL);
INSERT INTO `cir` VALUES (384,'PDBS-20180406-001','',6,'2018-04-06 10:15:03','2018-04-06',7,1,NULL,1,NULL,NULL);
INSERT INTO `cir` VALUES (385,'PDBY-20180406-002','',6,'2018-04-06 10:20:24','2018-04-06',6,1,NULL,1,NULL,NULL);
INSERT INTO `cir` VALUES (386,'PDBS-20180406-002','',6,'2018-04-06 10:20:56','2018-04-06',7,1,NULL,1,NULL,NULL);
INSERT INTO `cir` VALUES (387,'PDBY-20180406-003','',6,'2018-04-06 02:27:44','2018-04-06',6,1,NULL,1,NULL,NULL);
INSERT INTO `cir` VALUES (388,'PDBS-20180406-003','',6,'2018-04-06 02:29:04','2018-04-06',7,1,NULL,1,NULL,NULL);
INSERT INTO `cir` VALUES (389,'WWCH-20180415-001','xxxx',1,'2018-04-15 09:13:24','2018-04-15',4,3,NULL,1,NULL,10);
INSERT INTO `cir` VALUES (390,'WWDH-20180415-001','adzzz',1,'2018-04-15 09:14:23','2018-04-15',5,1,NULL,1,NULL,10);
INSERT INTO `cir` VALUES (391,'CGDH-20180415-001','测试',1,'2018-04-15 04:23:04','2018-04-15',0,1,NULL,1,NULL,16);
INSERT INTO `cir` VALUES (392,'WWCH-20180415-002','40009001',5,'2018-04-15 04:31:20','2018-04-15',4,3,NULL,1,NULL,14);
INSERT INTO `cir` VALUES (393,'WWDH-20180415-002','500603',5,'2018-04-15 04:32:34','2018-04-15',5,1,NULL,1,NULL,14);
INSERT INTO `cir` VALUES (395,'PDBS-20180418-001','',6,'2018-04-18 10:07:37','2018-04-18',7,1,NULL,1,NULL,NULL);
INSERT INTO `cir` VALUES (396,'PDBS-20180418-002','',6,'2018-04-18 10:08:46','2018-04-18',7,1,NULL,1,NULL,NULL);
INSERT INTO `cir` VALUES (397,'PDBS-20180418-003','',6,'2018-04-18 10:12:11','2018-04-18',7,1,NULL,1,NULL,NULL);
INSERT INTO `cir` VALUES (398,'PDBY-20180418-001','',6,'2018-04-18 10:22:08','2018-04-18',6,1,NULL,1,NULL,NULL);
INSERT INTO `cir` VALUES (399,'PDBY-20180418-002','',6,'2018-04-18 10:31:50','2018-04-18',6,1,NULL,1,NULL,NULL);
INSERT INTO `cir` VALUES (400,'PDBY-20180418-003','',6,'2018-04-18 10:33:19','2018-04-18',6,1,NULL,1,NULL,NULL);
INSERT INTO `cir` VALUES (401,'PDBY-20180418-004','',6,'2018-04-18 10:33:41','2018-04-18',6,1,NULL,1,NULL,NULL);
INSERT INTO `cir` VALUES (402,'PDBY-20180418-005','',6,'2018-04-18 10:34:50','2018-04-18',6,1,NULL,1,NULL,NULL);
INSERT INTO `cir` VALUES (403,'PDBY-20180418-006','',6,'2018-04-18 10:35:47','2018-04-18',6,1,NULL,1,NULL,NULL);
INSERT INTO `cir` VALUES (404,'PDBY-20180418-007','',6,'2018-04-18 10:36:44','2018-04-18',6,1,NULL,1,NULL,NULL);
INSERT INTO `cir` VALUES (405,'PDBS-20180418-004','',6,'2018-04-18 10:54:37','2018-04-18',7,1,NULL,1,NULL,NULL);
INSERT INTO `cir` VALUES (406,'PDBS-20180418-005','',6,'2018-04-18 10:59:12','2018-04-18',7,1,NULL,1,NULL,NULL);
INSERT INTO `cir` VALUES (407,'PDBS-20180418-006','',6,'2018-04-18 10:59:51','2018-04-18',7,1,NULL,1,NULL,NULL);
INSERT INTO `cir` VALUES (408,'PDBS-20180418-007','',6,'2018-04-18 11:00:08','2018-04-18',7,1,NULL,1,NULL,NULL);
INSERT INTO `cir` VALUES (409,'PDBY-20180418-008','',6,'2018-04-18 05:18:19','2018-04-18',6,1,NULL,1,NULL,NULL);
INSERT INTO `cir` VALUES (410,'PDBS-20180419-001','',6,'2018-04-19 02:16:45','2018-04-19',7,1,NULL,1,NULL,NULL);
INSERT INTO `cir` VALUES (411,'PDBY-20180419-001','',6,'2018-04-19 02:17:04','2018-04-19',6,1,NULL,1,NULL,NULL);
INSERT INTO `cir` VALUES (412,'PDBS-20180419-002','',6,'2018-04-19 02:17:38','2018-04-19',7,1,NULL,1,NULL,NULL);
INSERT INTO `cir` VALUES (413,'PDBS-20180420-001','',6,'2018-04-20 10:05:40','2018-04-20',7,1,NULL,1,NULL,NULL);
INSERT INTO `cir` VALUES (414,'PDBS-20180420-002','',6,'2018-04-20 10:06:18','2018-04-20',7,1,NULL,1,NULL,NULL);
INSERT INTO `cir` VALUES (415,'PDBS-20180423-001','',6,'2018-04-23 02:08:37','2018-04-23',7,1,NULL,1,NULL,NULL);
INSERT INTO `cir` VALUES (416,'PDBY-20180423-001','',6,'2018-04-23 02:13:43','2018-04-20',6,1,NULL,1,NULL,NULL);
INSERT INTO `cir` VALUES (417,'PDBS-20180423-002','',6,'2018-04-23 02:14:22','2018-04-23',7,1,NULL,1,NULL,NULL);
INSERT INTO `cir` VALUES (418,'PDBS-20180423-003','',6,'2018-04-23 02:14:44','2018-04-23',7,1,NULL,1,NULL,NULL);
INSERT INTO `cir` VALUES (419,'PDBY-20180423-002','',6,'2018-04-23 02:51:15','2018-04-23',6,1,NULL,1,NULL,NULL);
INSERT INTO `cir` VALUES (420,'PDBS-20180423-004','',6,'2018-04-23 02:51:52','2018-04-23',7,1,NULL,1,NULL,NULL);
INSERT INTO `cir` VALUES (421,'PDBY-20180424-001','',6,'2018-04-24 05:41:21','2018-04-24',6,1,NULL,1,NULL,NULL);
INSERT INTO `cir` VALUES (422,'PDBS-20180424-001','',6,'2018-04-24 05:43:34','2018-04-24',7,1,NULL,1,NULL,NULL);
INSERT INTO `cir` VALUES (423,'PDBY-20180424-002','',6,'2018-04-24 05:44:03','2018-04-24',6,1,NULL,1,NULL,NULL);
INSERT INTO `cir` VALUES (424,'PDBY-20180426-001','',6,'2018-04-26 11:31:59','2018-04-26',6,1,NULL,1,NULL,NULL);
INSERT INTO `cir` VALUES (425,'PDBS-20180426-001','',6,'2018-04-26 11:32:31','2018-04-26',7,1,NULL,1,NULL,NULL);
INSERT INTO `cir` VALUES (426,'PDBS-20180427-001','',6,'2018-04-27 10:44:14','2018-04-27',7,1,NULL,1,NULL,NULL);
INSERT INTO `cir` VALUES (427,'PDBY-20180427-001','',6,'2018-04-27 02:53:45','2018-04-27',6,1,NULL,1,NULL,NULL);
INSERT INTO `cir` VALUES (428,'PDBS-20180427-002','',6,'2018-04-27 02:54:22','2018-04-27',7,1,NULL,1,NULL,NULL);
INSERT INTO `cir` VALUES (429,'PDBS-20180427-003','',6,'2018-04-27 02:55:08','2018-04-27',7,1,NULL,1,NULL,NULL);
INSERT INTO `cir` VALUES (430,'PDBY-20180427-002','',6,'2018-04-27 02:56:08','2018-04-27',6,1,NULL,1,NULL,NULL);
INSERT INTO `cir` VALUES (431,'PDBS-20180427-004','',6,'2018-04-27 02:56:33','2018-04-27',7,1,NULL,1,NULL,NULL);
INSERT INTO `cir` VALUES (432,'PDBY-20180428-001','',6,'2018-04-28 04:25:30','2018-04-28',6,1,NULL,1,NULL,NULL);
INSERT INTO `cir` VALUES (433,'PDBS-20180428-001','',6,'2018-04-28 04:26:01','2018-04-28',7,1,NULL,1,NULL,NULL);
INSERT INTO `cir` VALUES (434,'PDBY-20180428-002','',6,'2018-04-28 04:26:28','2018-04-28',6,1,NULL,1,NULL,NULL);
INSERT INTO `cir` VALUES (435,'PDBY-20180428-003','',6,'2018-04-28 04:26:46','2018-04-28',6,1,NULL,1,NULL,NULL);
INSERT INTO `cir` VALUES (436,'PDBS-20180428-002','',6,'2018-04-28 04:27:07','2018-04-28',7,1,NULL,1,NULL,NULL);
INSERT INTO `cir` VALUES (437,'PDBS-20180428-003','',6,'2018-04-28 04:27:22','2018-04-28',7,1,NULL,1,NULL,NULL);
INSERT INTO `cir` VALUES (438,'PDBY-20180429-001','',6,'2018-04-29 11:27:51','2018-04-29',6,1,NULL,1,NULL,NULL);
INSERT INTO `cir` VALUES (439,'PDBS-20180504-001','',6,'2018-05-04 10:01:42','2018-05-04',7,1,NULL,1,NULL,NULL);
INSERT INTO `cir` VALUES (440,'PDBY-20180504-001','',6,'2018-05-04 10:16:44','2018-05-04',6,1,NULL,1,NULL,NULL);
INSERT INTO `cir` VALUES (441,'PDBS-20180504-002','',6,'2018-05-04 10:17:23','2018-05-04',7,1,NULL,1,NULL,NULL);
INSERT INTO `cir` VALUES (442,'PDBY-20180504-002','',6,'2018-05-04 05:30:38','2018-05-04',6,1,NULL,1,NULL,NULL);
INSERT INTO `cir` VALUES (443,'PDBS-20180504-003','',6,'2018-05-04 05:31:36','2018-05-04',7,1,NULL,1,NULL,NULL);
INSERT INTO `cir` VALUES (444,'PDBY-20180504-003','',6,'2018-05-04 05:35:27','2018-05-04',6,1,NULL,1,NULL,NULL);
INSERT INTO `cir` VALUES (445,'PDBY-20180505-001','',6,'2018-05-05 02:12:45','2018-05-05',6,1,NULL,1,NULL,NULL);
INSERT INTO `cir` VALUES (446,'PDBS-20180505-001','',6,'2018-05-05 02:18:17','2018-05-05',7,1,NULL,1,NULL,NULL);
INSERT INTO `cir` VALUES (447,'PDBY-20180505-002','',6,'2018-05-05 04:34:54','2018-05-30',6,1,NULL,1,NULL,NULL);
INSERT INTO `cir` VALUES (448,'PDBS-20180505-002','',6,'2018-05-05 04:37:07','2018-05-05',7,1,NULL,1,NULL,NULL);
INSERT INTO `cir` VALUES (449,'PDBY-20180505-003','',6,'2018-05-05 04:39:47','2018-04-30',6,1,NULL,1,NULL,NULL);
INSERT INTO `cir` VALUES (450,'PDBY-20180505-004','',6,'2018-05-05 04:43:15','2018-05-05',6,1,NULL,1,NULL,NULL);
INSERT INTO `cir` VALUES (451,'PDBY-20180505-005','',6,'2018-05-05 04:47:08','2018-05-05',6,1,NULL,1,NULL,NULL);
INSERT INTO `cir` VALUES (452,'PDBY-20180505-006','',6,'2018-05-05 04:47:36','2018-05-05',6,1,NULL,1,NULL,NULL);
INSERT INTO `cir` VALUES (453,'PDBY-20180505-007','',6,'2018-05-05 04:52:35','2018-05-05',6,1,NULL,1,NULL,NULL);
INSERT INTO `cir` VALUES (454,'PDBS-20180505-003','',6,'2018-05-05 04:58:42','2018-05-05',7,1,NULL,1,NULL,NULL);
INSERT INTO `cir` VALUES (455,'PDBY-20180505-008','',6,'2018-05-05 05:04:06','2018-04-29',6,1,NULL,1,NULL,NULL);
INSERT INTO `cir` VALUES (456,'PDBS-20180505-004','',6,'2018-05-05 05:04:42','2018-05-05',7,1,NULL,1,NULL,NULL);
INSERT INTO `cir` VALUES (457,'PDBY-20180506-001','',6,'2018-05-06 10:54:23','2018-05-06',6,1,NULL,1,NULL,NULL);
INSERT INTO `cir` VALUES (458,'PDBS-20180506-001','',6,'2018-05-06 10:58:00','2018-05-06',7,1,NULL,1,NULL,NULL);
INSERT INTO `cir` VALUES (459,'PDBY-20180506-002','',6,'2018-05-06 02:34:15','2018-05-06',6,1,NULL,1,NULL,NULL);
INSERT INTO `cir` VALUES (460,'PDBY-20180506-003','',6,'2018-05-06 02:36:11','2018-05-06',6,1,NULL,1,NULL,NULL);
INSERT INTO `cir` VALUES (461,'PDBY-20180506-004','',6,'2018-05-06 02:36:41','2018-05-06',6,1,NULL,1,NULL,NULL);
INSERT INTO `cir` VALUES (462,'PDBS-20180506-002','',6,'2018-05-06 02:37:24','2018-05-06',7,1,NULL,1,NULL,NULL);
INSERT INTO `cir` VALUES (463,'PDBS-20180506-003','',6,'2018-05-06 02:37:39','2018-05-06',7,1,NULL,1,NULL,NULL);
INSERT INTO `cir` VALUES (464,'PDBS-20180507-001','',6,'2018-05-07 10:09:37','2018-05-07',7,1,NULL,1,NULL,NULL);
INSERT INTO `cir` VALUES (465,'PDBS-20180507-002','',6,'2018-05-07 10:10:00','2018-05-07',7,1,NULL,1,NULL,NULL);
INSERT INTO `cir` VALUES (466,'PDBS-20180507-003','',6,'2018-05-07 10:11:19','2018-05-07',7,1,NULL,1,NULL,NULL);
INSERT INTO `cir` VALUES (467,'PDBY-20180507-001','',6,'2018-05-07 02:53:00','2018-05-07',6,1,NULL,1,NULL,NULL);
INSERT INTO `cir` VALUES (468,'PDBY-20180507-002','',6,'2018-05-07 02:53:40','2018-05-07',6,1,NULL,1,NULL,NULL);
INSERT INTO `cir` VALUES (469,'PDBY-20180507-003','',6,'2018-05-07 02:54:14','2018-05-07',6,1,NULL,1,NULL,NULL);
INSERT INTO `cir` VALUES (470,'PDBY-20180507-004','',6,'2018-05-07 02:54:43','2018-05-07',6,1,NULL,1,NULL,NULL);
INSERT INTO `cir` VALUES (471,'PDBY-20180507-005','',6,'2018-05-07 02:57:04','2018-05-07',6,1,NULL,1,NULL,NULL);
INSERT INTO `cir` VALUES (472,'PDBY-20180508-001','',6,'2018-05-08 10:54:32','2018-05-08',6,1,NULL,1,NULL,NULL);
INSERT INTO `cir` VALUES (473,'PDBS-20180508-001','',6,'2018-05-08 10:55:10','2018-05-08',7,1,NULL,1,NULL,NULL);
INSERT INTO `cir` VALUES (474,'PDBY-20180508-002','',6,'2018-05-08 04:19:01','2018-05-08',6,1,NULL,1,NULL,NULL);
INSERT INTO `cir` VALUES (475,'PDBY-20180508-003','',6,'2018-05-08 04:20:23','2018-05-08',6,1,NULL,1,NULL,NULL);
INSERT INTO `cir` VALUES (476,'PDBY-20180508-004','',6,'2018-05-08 04:21:09','2018-05-08',6,1,NULL,1,NULL,NULL);
INSERT INTO `cir` VALUES (477,'PDBS-20180508-002','',6,'2018-05-08 04:23:20','2018-05-08',7,1,NULL,1,NULL,NULL);
INSERT INTO `cir` VALUES (478,'PDBS-20180508-003','',6,'2018-05-08 05:54:24','2018-05-08',7,1,NULL,1,NULL,NULL);
INSERT INTO `cir` VALUES (479,'PDBS-20180508-004','',6,'2018-05-08 05:54:37','2018-05-08',7,1,NULL,1,NULL,NULL);
INSERT INTO `cir` VALUES (480,'PDBS-20180508-005','',6,'2018-05-08 06:06:52','2018-05-08',7,1,NULL,1,NULL,NULL);
INSERT INTO `cir` VALUES (481,'PDBY-20180509-001','',6,'2018-05-09 02:31:00','2018-05-09',6,1,NULL,1,NULL,NULL);
INSERT INTO `cir` VALUES (482,'PDBS-20180509-001','',6,'2018-05-09 02:32:29','2018-05-09',7,1,NULL,1,NULL,NULL);
INSERT INTO `cir` VALUES (483,'PDBY-20180509-002','',6,'2018-05-09 02:37:40','2018-05-09',6,1,NULL,1,NULL,NULL);
INSERT INTO `cir` VALUES (484,'PDBY-20180509-003','',6,'2018-05-09 03:19:12','2018-05-09',6,1,NULL,1,NULL,NULL);
INSERT INTO `cir` VALUES (485,'PDBS-20180509-002','',6,'2018-05-09 04:19:08','2018-05-09',7,1,NULL,1,NULL,NULL);
INSERT INTO `cir` VALUES (486,'PDBS-20180509-003','',6,'2018-05-09 04:20:08','2018-05-09',7,1,NULL,1,NULL,NULL);
INSERT INTO `cir` VALUES (495,'PDBY-20180513-001','',6,'2018-05-13 11:28:13','2018-05-13',6,0,NULL,1,NULL,NULL);
INSERT INTO `cir` VALUES (496,'PDBY-20180513-002','',6,'2018-05-13 02:25:25','2018-05-13',6,1,NULL,1,NULL,NULL);
INSERT INTO `cir` VALUES (497,'PDBS-20180513-001','',6,'2018-05-13 04:25:56','2018-05-13',7,0,NULL,1,NULL,NULL);
INSERT INTO `cir` VALUES (498,'PDBY-20180513-003','',6,'2018-05-13 04:28:32','2018-05-13',6,1,NULL,1,NULL,NULL);
INSERT INTO `cir` VALUES (499,'PDBS-20180513-002','',6,'2018-05-13 04:29:10','2018-05-13',7,1,NULL,1,NULL,NULL);
INSERT INTO `cir` VALUES (500,'PDBY-20180513-004','',6,'2018-05-13 04:31:16','2018-05-13',6,1,NULL,1,NULL,NULL);
INSERT INTO `cir` VALUES (501,'PDBS-20180513-003','',6,'2018-05-13 04:31:54','2018-05-13',7,1,NULL,1,NULL,NULL);
INSERT INTO `cir` VALUES (502,'PDBY-20180513-005','',6,'2018-05-13 04:47:07','2018-05-13',6,1,NULL,1,NULL,NULL);
INSERT INTO `cir` VALUES (503,'PDBS-20180513-004','',6,'2018-05-13 04:47:38','2018-05-13',7,1,NULL,1,NULL,NULL);
INSERT INTO `cir` VALUES (504,'PDBY-20180513-006','',6,'2018-05-13 04:47:53','2018-05-13',6,1,NULL,1,NULL,NULL);
INSERT INTO `cir` VALUES (505,'PDBS-20180513-005','',6,'2018-05-13 04:48:21','2018-05-13',7,1,NULL,1,NULL,NULL);
INSERT INTO `cir` VALUES (506,'PDBY-20180513-007','',6,'2018-05-13 04:52:45','2018-05-13',6,1,NULL,1,NULL,NULL);
INSERT INTO `cir` VALUES (507,'PDBS-20180513-006','',6,'2018-05-13 04:53:08','2018-05-13',7,1,NULL,1,NULL,NULL);
INSERT INTO `cir` VALUES (508,'PDBY-20180513-008','',6,'2018-05-13 04:56:40','2018-05-13',6,1,NULL,1,NULL,NULL);
INSERT INTO `cir` VALUES (509,'PDBS-20180513-007','',6,'2018-05-13 04:57:09','2018-05-13',7,1,NULL,1,NULL,NULL);
INSERT INTO `cir` VALUES (510,'PDBY-20180513-009','',6,'2018-05-13 05:00:41','2018-05-13',6,1,NULL,1,NULL,NULL);
INSERT INTO `cir` VALUES (511,'PDBY-20180513-010','',6,'2018-05-13 05:01:20','2018-05-13',6,1,NULL,1,NULL,NULL);
INSERT INTO `cir` VALUES (512,'PDBY-20180513-011','',6,'2018-05-13 05:01:47','2018-05-13',6,1,NULL,1,NULL,NULL);
INSERT INTO `cir` VALUES (513,'PDBY-20180514-001','',6,'2018-05-14 03:29:33','2018-05-14',6,1,NULL,1,NULL,NULL);
INSERT INTO `cir` VALUES (514,'PDBS-20180514-001','',6,'2018-05-14 03:30:08','2018-05-14',7,1,NULL,1,NULL,NULL);
INSERT INTO `cir` VALUES (515,'PDBY-20180514-002','',6,'2018-05-14 03:32:21','2018-05-14',6,1,NULL,1,NULL,NULL);
INSERT INTO `cir` VALUES (516,'PDBS-20180514-002','',6,'2018-05-14 03:32:50','2018-05-14',7,1,NULL,1,NULL,NULL);
INSERT INTO `cir` VALUES (517,'PDBY-20180514-003','',6,'2018-05-14 03:33:37','2018-05-14',6,1,NULL,1,NULL,NULL);
INSERT INTO `cir` VALUES (518,'PDBY-20180516-001','',6,'2018-05-16 09:24:52','2018-05-16',6,1,NULL,1,NULL,NULL);
INSERT INTO `cir` VALUES (519,'PDBS-20180516-001','',6,'2018-05-16 09:38:33','2018-05-16',7,1,NULL,1,NULL,NULL);
INSERT INTO `cir` VALUES (520,'PDBY-20180516-002','',6,'2018-05-16 09:38:59','2018-05-16',6,1,NULL,1,NULL,NULL);
INSERT INTO `cir` VALUES (521,'PDBS-20180516-002','',6,'2018-05-16 09:39:25','2018-05-16',7,1,NULL,1,NULL,NULL);
INSERT INTO `cir` VALUES (522,'PDBY-20180516-003','',6,'2018-05-16 09:39:57','2018-05-16',6,1,NULL,1,NULL,NULL);
INSERT INTO `cir` VALUES (523,'PDBS-20180516-003','',6,'2018-05-16 09:40:37','2018-05-16',7,1,NULL,1,NULL,NULL);
INSERT INTO `cir` VALUES (524,'PDBY-20180516-004','',6,'2018-05-16 06:03:54','2018-05-16',6,1,NULL,1,NULL,NULL);
INSERT INTO `cir` VALUES (525,'PDBS-20180516-004','',6,'2018-05-16 06:04:52','2018-05-16',7,1,NULL,1,NULL,NULL);
INSERT INTO `cir` VALUES (526,'PDBS-20180517-001','',6,'2018-05-17 05:43:26','2018-05-17',7,1,NULL,1,NULL,NULL);
INSERT INTO `cir` VALUES (527,'PDBY-20180517-001','',6,'2018-05-17 05:43:50','2018-05-17',6,1,NULL,1,NULL,NULL);
INSERT INTO `cir` VALUES (528,'PDBS-20180517-002','',6,'2018-05-17 05:44:31','2018-05-17',7,1,NULL,1,NULL,NULL);
INSERT INTO `cir` VALUES (529,'PDBY-20180517-002','',6,'2018-05-17 05:45:05','2018-05-17',6,1,NULL,1,NULL,NULL);
INSERT INTO `cir` VALUES (530,'PDBS-20180517-003','',6,'2018-05-17 05:46:05','2018-05-17',7,1,NULL,1,NULL,NULL);
INSERT INTO `cir` VALUES (531,'PDBY-20180517-003','',6,'2018-05-17 05:48:32','2018-05-17',6,1,NULL,1,NULL,NULL);
INSERT INTO `cir` VALUES (532,'PDBS-20180517-004','',6,'2018-05-17 05:48:55','2018-05-17',7,1,NULL,1,NULL,NULL);
INSERT INTO `cir` VALUES (534,'PDBY-20180517-005','',6,'2018-05-17 05:52:50','2018-05-17',6,1,NULL,1,NULL,NULL);
INSERT INTO `cir` VALUES (535,'PDBS-20180517-005','',6,'2018-05-17 05:53:16','2018-05-17',7,1,NULL,1,NULL,NULL);
INSERT INTO `cir` VALUES (536,'PDBY-20180517-006','',6,'2018-05-17 05:53:34','2018-05-17',6,1,NULL,1,NULL,NULL);
INSERT INTO `cir` VALUES (537,'PDBS-20180517-006','',6,'2018-05-17 05:54:05','2018-05-17',7,1,NULL,1,NULL,NULL);
INSERT INTO `cir` VALUES (538,'PDBY-20180517-007','',6,'2018-05-17 05:55:38','2018-05-17',6,1,NULL,1,NULL,NULL);
INSERT INTO `cir` VALUES (539,'PDBS-20180517-007','',6,'2018-05-17 05:56:16','2018-05-17',7,1,NULL,1,NULL,NULL);
INSERT INTO `cir` VALUES (540,'PDBY-20180517-008','',6,'2018-05-17 06:01:44','2018-05-17',6,1,NULL,1,NULL,NULL);
INSERT INTO `cir` VALUES (541,'PDBS-20180517-008','',6,'2018-05-17 06:02:17','2018-05-17',7,1,NULL,1,NULL,NULL);
INSERT INTO `cir` VALUES (542,'PDBS-20180520-001','',6,'2018-05-20 05:27:36','2018-05-20',7,1,NULL,1,NULL,NULL);
INSERT INTO `cir` VALUES (543,'PDBY-20180520-001','',6,'2018-05-20 05:28:36','2018-05-20',6,1,NULL,1,NULL,NULL);
INSERT INTO `cir` VALUES (544,'PDBS-20180520-002','',6,'2018-05-20 05:29:15','2018-05-20',7,1,NULL,1,NULL,NULL);
INSERT INTO `cir` VALUES (545,'PDBY-20180520-002','',6,'2018-05-20 05:33:31','2018-05-20',6,1,NULL,1,NULL,NULL);
INSERT INTO `cir` VALUES (546,'PDBS-20180520-003','',6,'2018-05-20 05:33:59','2018-05-20',7,1,NULL,1,NULL,NULL);
INSERT INTO `cir` VALUES (547,'PDBY-20180522-001','',6,'2018-05-22 02:54:01','2018-05-22',6,1,NULL,1,NULL,NULL);
INSERT INTO `cir` VALUES (548,'PDBY-20180522-002','',6,'2018-05-22 02:57:49','2018-05-22',6,1,NULL,1,NULL,NULL);
INSERT INTO `cir` VALUES (549,'PDBY-20180522-003','',6,'2018-05-22 03:00:01','2018-05-22',6,1,NULL,1,NULL,NULL);
INSERT INTO `cir` VALUES (550,'PDBY-20180523-001','',6,'2018-05-23 02:27:39','2018-05-23',6,1,NULL,1,NULL,NULL);
INSERT INTO `cir` VALUES (551,'PDBS-20180523-001','',6,'2018-05-23 02:28:37','2018-05-23',7,1,NULL,1,NULL,NULL);
INSERT INTO `cir` VALUES (552,'PDBY-20180523-002','',6,'2018-05-23 02:29:11','2018-05-23',6,1,NULL,1,NULL,NULL);
INSERT INTO `cir` VALUES (553,'PDBS-20180523-002','',6,'2018-05-23 02:29:51','2018-05-23',7,1,NULL,1,NULL,NULL);
INSERT INTO `cir` VALUES (554,'PDBY-20180523-003','',6,'2018-05-23 02:31:39','2018-05-23',6,1,NULL,1,NULL,NULL);
INSERT INTO `cir` VALUES (555,'PDBS-20180523-003','',6,'2018-05-23 02:32:48','2018-05-23',7,1,NULL,1,NULL,NULL);
INSERT INTO `cir` VALUES (560,'PDBY-20180524-001','',6,'2018-05-24 11:36:32','2018-05-23',6,1,NULL,1,NULL,NULL);
INSERT INTO `cir` VALUES (561,'PDBS-20180524-001','',6,'2018-05-24 11:37:12','2018-05-24',7,1,NULL,1,NULL,NULL);
INSERT INTO `cir` VALUES (562,'PDBY-20180524-002','',6,'2018-05-24 11:37:52','2018-05-24',6,1,NULL,1,NULL,NULL);
INSERT INTO `cir` VALUES (563,'PDBS-20180524-002','',6,'2018-05-24 11:38:32','2018-05-24',7,1,NULL,1,NULL,NULL);
INSERT INTO `cir` VALUES (564,'PDBY-20180524-003','',6,'2018-05-24 03:04:06','2018-05-24',6,1,NULL,1,NULL,NULL);
INSERT INTO `cir` VALUES (565,'PDBS-20180524-003','',6,'2018-05-24 03:04:38','2018-05-24',7,1,NULL,1,NULL,NULL);
INSERT INTO `cir` VALUES (566,'PDBY-20180524-004','',6,'2018-05-24 03:04:53','2018-05-24',6,1,NULL,1,NULL,NULL);
INSERT INTO `cir` VALUES (567,'PDBS-20180524-004','',6,'2018-05-24 03:05:34','2018-05-24',7,1,NULL,1,NULL,NULL);
INSERT INTO `cir` VALUES (568,'PDBY-20180526-001','',6,'2018-05-26 10:28:43','2018-05-25',6,1,NULL,1,NULL,NULL);
INSERT INTO `cir` VALUES (569,'PDBS-20180526-001','',6,'2018-05-26 10:29:17','2018-05-26',7,1,NULL,1,NULL,NULL);
INSERT INTO `cir` VALUES (570,'PDBY-20180526-002','',6,'2018-05-26 10:37:06','2018-05-26',6,1,NULL,1,NULL,NULL);
INSERT INTO `cir` VALUES (571,'PDBS-20180526-002','',6,'2018-05-26 10:37:39','2018-05-26',7,1,NULL,1,NULL,NULL);
INSERT INTO `cir` VALUES (572,'PDBY-20180526-003','',6,'2018-05-26 10:46:12','2018-05-26',6,1,NULL,1,NULL,NULL);
INSERT INTO `cir` VALUES (573,'PDBS-20180526-003','',6,'2018-05-26 10:47:10','2018-05-26',7,1,NULL,1,NULL,NULL);
INSERT INTO `cir` VALUES (574,'PDBY-20180526-004','',6,'2018-05-26 10:47:56','2018-05-26',6,1,NULL,1,NULL,NULL);
INSERT INTO `cir` VALUES (575,'PDBS-20180526-004','',6,'2018-05-26 10:49:03','2018-05-26',7,1,NULL,1,NULL,NULL);
INSERT INTO `cir` VALUES (576,'PDBY-20180526-005','',6,'2018-05-26 10:59:41','2018-05-26',6,1,NULL,1,NULL,NULL);
INSERT INTO `cir` VALUES (577,'PDBS-20180526-005','',6,'2018-05-26 11:00:12','2018-05-26',7,1,NULL,1,NULL,NULL);
INSERT INTO `cir` VALUES (578,'PDBY-20180526-006','',6,'2018-05-26 11:22:49','2018-05-26',6,1,NULL,1,NULL,NULL);
INSERT INTO `cir` VALUES (579,'PDBS-20180526-006','',6,'2018-05-26 11:23:45','2018-05-26',7,1,NULL,1,NULL,NULL);
INSERT INTO `cir` VALUES (580,'PDBY-20180529-001','',6,'2018-05-29 02:56:58','2018-05-29',6,1,NULL,1,NULL,NULL);
INSERT INTO `cir` VALUES (581,'PDBS-20180529-001','',6,'2018-05-29 02:58:02','2018-05-29',7,1,NULL,1,NULL,NULL);
INSERT INTO `cir` VALUES (582,'PDBY-20180601-001','',6,'2018-06-01 11:28:49','2018-06-01',6,1,NULL,1,NULL,NULL);
INSERT INTO `cir` VALUES (583,'PDBS-20180601-001','',6,'2018-06-01 11:30:03','2018-06-01',7,1,NULL,1,NULL,NULL);
INSERT INTO `cir` VALUES (584,'PDBY-20180601-002','',6,'2018-06-01 11:30:26','2018-06-01',6,1,NULL,1,NULL,NULL);
INSERT INTO `cir` VALUES (585,'PDBS-20180601-002','',6,'2018-06-01 11:31:14','2018-06-01',7,1,NULL,1,NULL,NULL);
INSERT INTO `cir` VALUES (586,'PDBY-20180601-003','',6,'2018-06-01 11:32:35','2018-06-01',6,1,NULL,1,NULL,NULL);
INSERT INTO `cir` VALUES (587,'PDBS-20180601-003','',6,'2018-06-01 11:33:21','2018-06-01',7,1,NULL,1,NULL,NULL);
INSERT INTO `cir` VALUES (588,'PDBY-20180601-004','',6,'2018-06-01 11:34:40','2018-06-01',6,1,NULL,1,NULL,NULL);
INSERT INTO `cir` VALUES (589,'PDBS-20180601-004','',6,'2018-06-01 11:35:11','2018-06-01',7,1,NULL,1,NULL,NULL);
INSERT INTO `cir` VALUES (590,'PDBY-20180601-005','',6,'2018-06-01 06:00:38','2018-06-01',6,1,NULL,1,NULL,NULL);
INSERT INTO `cir` VALUES (591,'PDBS-20180601-005','',6,'2018-06-01 06:01:04','2018-06-01',7,1,NULL,1,NULL,NULL);
INSERT INTO `cir` VALUES (592,'PDBY-20180602-001','',6,'2018-06-02 05:34:14','2018-06-02',6,1,NULL,1,NULL,NULL);
INSERT INTO `cir` VALUES (593,'PDBS-20180602-001','',6,'2018-06-02 05:35:11','2018-06-02',7,1,NULL,1,NULL,NULL);
INSERT INTO `cir` VALUES (594,'PDBY-20180602-002','',6,'2018-06-02 05:36:52','2018-06-02',6,1,NULL,1,NULL,NULL);
INSERT INTO `cir` VALUES (595,'PDBS-20180602-002','',6,'2018-06-02 05:37:46','2018-06-02',7,1,NULL,1,NULL,NULL);
INSERT INTO `cir` VALUES (596,'PDBY-20180602-003','',6,'2018-06-02 05:44:37','2018-06-02',6,1,NULL,1,NULL,NULL);
INSERT INTO `cir` VALUES (597,'PDBS-20180602-003','',6,'2018-06-02 05:45:10','2018-06-02',7,1,NULL,1,NULL,NULL);
INSERT INTO `cir` VALUES (598,'PDBY-20180602-004','',6,'2018-06-02 05:45:27','2018-06-02',6,1,NULL,1,NULL,NULL);
INSERT INTO `cir` VALUES (599,'PDBS-20180602-004','',6,'2018-06-02 05:45:52','2018-06-02',7,1,NULL,1,NULL,NULL);
INSERT INTO `cir` VALUES (600,'PDBY-20180602-005','',6,'2018-06-02 05:46:21','2018-06-02',6,1,NULL,1,NULL,NULL);
INSERT INTO `cir` VALUES (601,'PDBS-20180602-005','',6,'2018-06-02 05:47:17','2018-06-02',7,1,NULL,1,NULL,NULL);
INSERT INTO `cir` VALUES (602,'PDBY-20180607-001','',6,'2018-06-07 09:36:28','2018-06-07',6,1,NULL,1,NULL,NULL);
INSERT INTO `cir` VALUES (603,'PDBS-20180607-001','',6,'2018-06-07 09:38:33','2018-06-07',7,1,NULL,1,NULL,NULL);
INSERT INTO `cir` VALUES (604,'PDBY-20180607-002','',6,'2018-06-07 09:39:09','2018-06-07',6,1,NULL,1,NULL,NULL);
INSERT INTO `cir` VALUES (605,'PDBS-20180607-002','',6,'2018-06-07 09:41:14','2018-06-07',7,1,NULL,1,NULL,NULL);
INSERT INTO `cir` VALUES (606,'CGDH-20180607-001','',4,'2018-06-07 09:44:30','2018-06-01',0,1,NULL,1,NULL,9);
INSERT INTO `cir` VALUES (607,'CGDH-20180607-002','',4,'2018-06-07 09:46:25','2018-06-02',0,1,NULL,1,NULL,9);
INSERT INTO `cir` VALUES (608,'PDBY-20180607-003','',6,'2018-06-07 05:08:47','2018-06-07',6,1,NULL,1,NULL,NULL);
INSERT INTO `cir` VALUES (609,'PDBY-20180607-004','',6,'2018-06-07 05:22:56','2018-06-07',6,1,NULL,1,NULL,NULL);
INSERT INTO `cir` VALUES (610,'CGDH-20180617-001','',4,'2018-06-17 03:52:27','2018-06-13',0,1,NULL,1,NULL,9);
INSERT INTO `cir` VALUES (613,'CGDH-20180617-002','',4,'2018-06-17 03:55:05','2018-06-14',0,1,NULL,1,NULL,9);
INSERT INTO `cir` VALUES (614,'CGDH-20180617-003','',4,'2018-06-17 03:56:48','2018-06-15',0,1,NULL,1,NULL,9);
INSERT INTO `cir` VALUES (616,'CGDH-20180617-004','',4,'2018-06-17 04:01:05','2018-06-13',0,0,NULL,1,NULL,9);
INSERT INTO `cir` VALUES (617,'PDBY-20180620-001','',6,'2018-06-20 11:03:40','2018-06-20',6,1,NULL,1,NULL,NULL);
INSERT INTO `cir` VALUES (618,'PDBY-20180621-001','',6,'2018-06-21 05:47:06','2018-06-21',6,1,NULL,1,NULL,NULL);
INSERT INTO `cir` VALUES (619,'PDBS-20180621-001','',6,'2018-06-21 05:48:03','2018-06-21',7,1,NULL,1,NULL,NULL);
INSERT INTO `cir` VALUES (620,'PDBY-20180621-002','',6,'2018-06-21 05:48:24','2018-06-21',6,1,NULL,1,NULL,NULL);
INSERT INTO `cir` VALUES (621,'PDBS-20180621-002','',6,'2018-06-21 05:48:53','2018-06-21',7,1,NULL,1,NULL,NULL);
INSERT INTO `cir` VALUES (622,'PDBY-20180624-001','',6,'2018-06-24 11:16:11','2018-06-24',6,1,NULL,1,NULL,NULL);
INSERT INTO `cir` VALUES (623,'PDBS-20180624-001','',6,'2018-06-24 11:16:53','2018-06-24',7,1,NULL,1,NULL,NULL);
INSERT INTO `cir` VALUES (624,'PDBY-20180624-002','',6,'2018-06-24 03:17:49','2018-06-24',6,1,NULL,1,NULL,NULL);
INSERT INTO `cir` VALUES (625,'PDBS-20180624-002','',6,'2018-06-24 03:18:23','2018-06-24',7,1,NULL,1,NULL,NULL);
INSERT INTO `cir` VALUES (626,'PDBY-20180624-003','',6,'2018-06-24 03:18:41','2018-06-24',6,1,NULL,1,NULL,NULL);
INSERT INTO `cir` VALUES (627,'PDBY-20180624-004','',6,'2018-06-24 03:19:16','2018-06-24',6,1,NULL,1,NULL,NULL);
INSERT INTO `cir` VALUES (628,'PDBS-20180624-003','',6,'2018-06-24 03:19:36','2018-06-24',7,1,NULL,1,NULL,NULL);
INSERT INTO `cir` VALUES (629,'PDBS-20180624-004','',6,'2018-06-24 03:20:38','2018-06-24',7,1,NULL,1,NULL,NULL);

#
# Source for table company
#

DROP TABLE IF EXISTS `company`;
CREATE TABLE `company` (
  `id` int(11) NOT NULL AUTO_INCREMENT,
  `name` varchar(100) NOT NULL DEFAULT '',
  `tel` varchar(100) DEFAULT NULL,
  `address` varchar(100) DEFAULT NULL,
  `parent_id` int(11) NOT NULL DEFAULT '0',
  PRIMARY KEY (`id`),
  KEY `fk_company_catetory` (`parent_id`)
) ENGINE=InnoDB AUTO_INCREMENT=43 DEFAULT CHARSET=utf8 ROW_FORMAT=COMPACT;

#
# Dumping data for table company
#

INSERT INTO `company` VALUES (8,'TCL','','test',12);
INSERT INTO `company` VALUES (9,'建绵','','',13);
INSERT INTO `company` VALUES (10,'富城','6625957','',14);
INSERT INTO `company` VALUES (11,'蔡雄','','',13);
INSERT INTO `company` VALUES (12,'PSS','','',12);
INSERT INTO `company` VALUES (13,'超声','','',12);
INSERT INTO `company` VALUES (14,'海盐忠明','严小姐：15957369073','浙江省嘉兴市海盐县元通街道新兴社区',14);
INSERT INTO `company` VALUES (15,'宝华韦健','','',12);
INSERT INTO `company` VALUES (16,'林惠波','','',13);
INSERT INTO `company` VALUES (17,'海湘','','',12);
INSERT INTO `company` VALUES (18,'昶音','','',12);
INSERT INTO `company` VALUES (19,'PSS成谦','','',12);
INSERT INTO `company` VALUES (20,'PSS双林','','',12);
INSERT INTO `company` VALUES (21,'PSS协隆','','',12);
INSERT INTO `company` VALUES (22,'俊乐','','',13);
INSERT INTO `company` VALUES (23,'罗标志','','',13);
INSERT INTO `company` VALUES (24,'三鑫','李生13421017985','',14);
INSERT INTO `company` VALUES (25,'义好','13430148538','',34);
INSERT INTO `company` VALUES (26,'冯奎','18211280189','',34);
INSERT INTO `company` VALUES (27,'鑫华五金','','',34);
INSERT INTO `company` VALUES (28,'春和','罗厂13727629599','',14);
INSERT INTO `company` VALUES (29,'全亿','黄小姐：13902624213','惠州市博罗县罗阳镇獭湖工业区',14);
INSERT INTO `company` VALUES (30,'杨旭能','','',13);
INSERT INTO `company` VALUES (32,'肖爱民','18666671182','',34);
INSERT INTO `company` VALUES (33,'荣兴','陈老板13178742168','',14);
INSERT INTO `company` VALUES (34,'黄国强','13536723398','',34);
INSERT INTO `company` VALUES (35,'蔡凌冬','13825930166','',34);
INSERT INTO `company` VALUES (36,'郑长周','','',13);
INSERT INTO `company` VALUES (37,'大昌','18948209991','惠州',13);
INSERT INTO `company` VALUES (38,'润声','','',12);
INSERT INTO `company` VALUES (40,'赤诚','','',12);
INSERT INTO `company` VALUES (41,'林生','','',13);
INSERT INTO `company` VALUES (42,'良音','','',12);

#
# Source for table material
#

DROP TABLE IF EXISTS `material`;
CREATE TABLE `material` (
  `id` int(11) NOT NULL AUTO_INCREMENT,
  `name` varchar(100) DEFAULT NULL COMMENT '品名',
  `customerSerial` varchar(100) DEFAULT NULL COMMENT '编号',
  `serial` varchar(100) DEFAULT NULL,
  `level` int(11) DEFAULT NULL COMMENT '阶层',
  `left_number` double(11,2) DEFAULT NULL,
  `num_per_box` double(11,2) DEFAULT NULL,
  `not_purchaseIn_number` double(11,2) DEFAULT NULL,
  `not_sellOut_number` double(11,2) DEFAULT NULL,
  `unit` varchar(30) DEFAULT NULL COMMENT '单位',
  `spec` varchar(200) DEFAULT NULL COMMENT '规格',
  `comment` varchar(150) DEFAULT NULL COMMENT '尺寸',
  `type` int(11) DEFAULT '0' COMMENT '类型: 0-成品 1-半成品 2-原材料',
  `fetchType` int(11) DEFAULT '0' COMMENT '0-采购 1-自制',
  `status` int(11) DEFAULT NULL COMMENT '状态: 0-合格 1-不合格 2-待检 3-返工',
  `company_id` int(11) DEFAULT NULL COMMENT '客户',
  `parent_id` int(11) DEFAULT NULL,
  `surface_id` int(11) DEFAULT NULL,
  PRIMARY KEY (`id`),
  KEY `fk_material_category` (`parent_id`),
  KEY `fk_material_company` (`company_id`),
  KEY `fk_material_surface` (`surface_id`)
) ENGINE=InnoDB AUTO_INCREMENT=357 DEFAULT CHARSET=utf8 ROW_FORMAT=COMPACT;

#
# Dumping data for table material
#

INSERT INTO `material` VALUES (34,'测试','4341 071 38972','Gxxxxx',NULL,9600,NULL,8000,9000,'PCS','71*67*27.2*3.5*50八角形华司','71*67*27.2*3.5*50',NULL,NULL,0,12,22,NULL);
INSERT INTO `material` VALUES (35,'','4341 071 39472','Gxxxxx',NULL,0,NULL,0,2000,'PCS','35.1U铁','35.1*27.1*4*6',NULL,NULL,0,12,28,NULL);
INSERT INTO `material` VALUES (36,'盆架','CC88013','G221-001八寸圆返平边',NULL,0,25,0,10581,'PCS','221','',NULL,NULL,0,15,5,30);
INSERT INTO `material` VALUES (37,'不锈钢板材1','BXG-001',NULL,NULL,18,NULL,10,0,'卷','','',NULL,NULL,0,NULL,7,NULL);
INSERT INTO `material` VALUES (38,'不锈钢圆片','BXG-002','',NULL,300,NULL,200,0,'PCS','大','10cm',NULL,NULL,0,NULL,7,NULL);
INSERT INTO `material` VALUES (39,'SPCC','CC88013','G221-001八寸圆返平边',NULL,890,NULL,0,0,'公斤','280*1.5方块料','',NULL,NULL,0,23,7,NULL);
INSERT INTO `material` VALUES (40,'','4304 071 40071','',NULL,0,NULL,0,0,'PCS','24.95*5*3','',NULL,NULL,0,12,22,29);
INSERT INTO `material` VALUES (41,'','4341 071 39481',NULL,NULL,0,NULL,0,0,'PCS','24.53*3垫片','',NULL,NULL,0,12,22,NULL);
INSERT INTO `material` VALUES (42,'16铜帽','4341 071 36961','',NULL,0,NULL,12000,5980,'PCS','24.95*16*9*0.3铜帽','',NULL,NULL,0,12,36,NULL);
INSERT INTO `material` VALUES (43,'','4341 071 39491',NULL,NULL,0,NULL,0,0,'PCS','24.95*24.55*8*5*0.2铜帽','',NULL,NULL,0,12,36,NULL);
INSERT INTO `material` VALUES (44,'','4304 071 41941 ',NULL,NULL,0,NULL,0,0,'PCS','24.95*3.5垫片','',NULL,NULL,0,12,22,NULL);
INSERT INTO `material` VALUES (45,'','4341 071 38301',NULL,NULL,0,NULL,0,0,'PCS','25*1.6*23.5缺角垫片','',NULL,NULL,0,12,22,NULL);
INSERT INTO `material` VALUES (46,'垫片','4341 071 35631','',NULL,0,NULL,0,605,'PCS','25*1.6','',NULL,NULL,0,20,271,26);
INSERT INTO `material` VALUES (47,'垫片','4341 071 36661','',NULL,0,NULL,0,60000,'PCS','25*3.5*1.6蓝锌有孔垫片','',NULL,NULL,0,20,271,26);
INSERT INTO `material` VALUES (48,'','4341 071 36692',NULL,NULL,171500,NULL,0,0,'PCS','25*3.5*1.6彩锌有孔垫片','',NULL,NULL,0,12,22,NULL);
INSERT INTO `material` VALUES (49,'','4304 071 41541',NULL,NULL,0,NULL,0,0,'PCS','29.95*5*3.5垫片','',NULL,NULL,0,12,22,NULL);
INSERT INTO `material` VALUES (50,'','4304 071 41061',NULL,NULL,0,NULL,0,0,'PCS','29.95*5*4垫片','',NULL,NULL,0,12,22,NULL);
INSERT INTO `material` VALUES (51,'','4341 071 39061',NULL,NULL,0,NULL,0,0,'PCS','31.09*26.71*4*6.2U铁','',NULL,NULL,0,12,28,NULL);
INSERT INTO `material` VALUES (52,'','4341 071 38951',NULL,NULL,0,NULL,0,0,'PCS','31.75*3.5*1.5垫片','',NULL,NULL,0,12,22,NULL);
INSERT INTO `material` VALUES (53,'','4304 071 41881 ',NULL,NULL,0,NULL,0,0,'PCS','32.3*5*5垫片','',NULL,NULL,0,12,22,NULL);
INSERT INTO `material` VALUES (54,'','4304 071 41601',NULL,NULL,0,NULL,0,0,'PCS','35*6*12.7切子','',NULL,NULL,0,12,22,NULL);
INSERT INTO `material` VALUES (55,'','4304 071 41561',NULL,NULL,0,NULL,0,0,'PCS','35.1*27.1*11*15*5U铁','',NULL,NULL,0,12,28,NULL);
INSERT INTO `material` VALUES (56,'','4304 071 41581',NULL,NULL,0,NULL,0,0,'PCS','37.95*5*5垫片','',NULL,NULL,0,12,22,NULL);
INSERT INTO `material` VALUES (57,'','4341 071 39641',NULL,NULL,0,NULL,0,0,'PCS','38.5*5.85垫片','',NULL,NULL,0,12,22,NULL);
INSERT INTO `material` VALUES (58,'','4341 071 39651',NULL,NULL,0,NULL,0,0,'PCS','39*6带凹槽垫片','',NULL,NULL,0,12,22,NULL);
INSERT INTO `material` VALUES (59,'','4304 071 40451',NULL,NULL,0,NULL,0,0,'PCS','39*5*5.5垫片','',NULL,NULL,0,12,22,NULL);
INSERT INTO `material` VALUES (60,'','4341 071 37971',NULL,NULL,0,NULL,0,0,'PCS','45*14.46*3*30华司','',NULL,NULL,0,12,22,NULL);
INSERT INTO `material` VALUES (61,'','4304 071 41831 ',NULL,NULL,0,NULL,0,0,'PCS','48*19.59*2.5*36华司','',NULL,NULL,0,12,22,NULL);
INSERT INTO `material` VALUES (62,'','4341 071 37731',NULL,NULL,0,NULL,0,0,'PCS','48*19.81*3 UP华司','',NULL,NULL,0,12,22,NULL);
INSERT INTO `material` VALUES (63,'','4304 071 41901',NULL,NULL,0,NULL,0,0,'PCS','57.5*27.03*3.5*47.2华司','',NULL,NULL,0,12,22,NULL);
INSERT INTO `material` VALUES (64,'','4304 071 41722',NULL,NULL,0,NULL,0,0,'PCS','58*4台阶华司','',NULL,NULL,0,12,22,NULL);
INSERT INTO `material` VALUES (65,'','4304 071 41471',NULL,NULL,0,NULL,0,0,'PCS','59*27.06*3.5华司','',NULL,NULL,0,12,22,NULL);
INSERT INTO `material` VALUES (66,'','4341 071 39051',NULL,NULL,0,NULL,0,0,'PCS','60*23.9*5*42华司','',NULL,NULL,0,12,22,NULL);
INSERT INTO `material` VALUES (67,'','4341 071 38401',NULL,NULL,0,NULL,0,0,'PCS','61*27.16*3.5*47.2华司','',NULL,NULL,0,12,22,NULL);
INSERT INTO `material` VALUES (68,'','4341 071 38261',NULL,NULL,0,NULL,0,0,'PCS','61*27.4*3.5*47.2华司','',NULL,NULL,0,12,22,NULL);
INSERT INTO `material` VALUES (69,'','4341 071 38371',NULL,NULL,0,NULL,0,0,'PCS','61*28.57*3.5*47.2华司','',NULL,NULL,0,12,22,NULL);
INSERT INTO `material` VALUES (70,'','4341 071 38341',NULL,NULL,0,NULL,0,0,'PCS','61*29.08*4*47.2华司','',NULL,NULL,0,12,22,NULL);
INSERT INTO `material` VALUES (71,'','4304 071 41491',NULL,NULL,0,NULL,0,0,'PCS','64.2*28.5*4华司','',NULL,NULL,0,12,22,NULL);
INSERT INTO `material` VALUES (72,'','4341 071 35753',NULL,NULL,0,NULL,0,0,'PCS','65*27*4*50华司','',NULL,NULL,0,12,22,NULL);
INSERT INTO `material` VALUES (73,'','4304 071 41101',NULL,NULL,0,NULL,0,0,'PCS','67.9*27.2*3.5*53华司','',NULL,NULL,0,12,22,NULL);
INSERT INTO `material` VALUES (74,'','4304 071 41532',NULL,NULL,0,NULL,0,0,'PCS','69.2*28.98*4*53华司','',NULL,NULL,0,12,22,NULL);
INSERT INTO `material` VALUES (75,'','4341 071 38961',NULL,NULL,0,NULL,0,0,'PCS','71*65*27.1*3*50八角华司','',NULL,NULL,0,12,22,NULL);
INSERT INTO `material` VALUES (77,'','4304 071 41702',NULL,NULL,0,NULL,0,0,'PCS','73台阶华司','',NULL,NULL,0,12,22,NULL);
INSERT INTO `material` VALUES (78,'华司','4341 071 35793','',NULL,0,NULL,0,24,'PCS','75*4','',NULL,NULL,0,20,22,26);
INSERT INTO `material` VALUES (79,'','4304 071 41621',NULL,NULL,0,NULL,0,0,'PCS','82*42.04*5*60+B华司','',NULL,NULL,0,12,22,NULL);
INSERT INTO `material` VALUES (80,'','4304 071 41301',NULL,NULL,0,NULL,0,0,'PCS','82*41.84*5*60华司','',NULL,NULL,0,12,22,NULL);
INSERT INTO `material` VALUES (81,'65*4圆片','4341 071 35753','',NULL,731,NULL,0,0,'公斤','64.5*4','64.5*4',NULL,NULL,0,22,113,NULL);
INSERT INTO `material` VALUES (82,'75*4圆片','4341 071 35793','',NULL,0,NULL,0,0,'公斤','75*4','75*4',NULL,NULL,0,22,113,NULL);
INSERT INTO `material` VALUES (83,'58.5*3.5圆片','','',NULL,0,NULL,0,0,'公斤','58.5*3.5','58.5*3.5',NULL,NULL,0,22,7,NULL);
INSERT INTO `material` VALUES (84,'48*3圆片','','',NULL,0,NULL,0,0,'公斤','48*3','48*3',NULL,NULL,0,22,7,NULL);
INSERT INTO `material` VALUES (85,'60.5*3.5圆片','','',NULL,4176,NULL,0,0,'公斤','60.5*3.5','60.5*3.5',NULL,NULL,0,22,7,NULL);
INSERT INTO `material` VALUES (86,'65*6圆片','','',NULL,2000,NULL,0,0,'公斤','65*6','65*6',NULL,NULL,0,16,7,NULL);
INSERT INTO `material` VALUES (87,'55.5*3.5圆片','','',NULL,635,NULL,0,0,'公斤','55.5*3.5','55.5*3.5',NULL,NULL,0,16,7,NULL);
INSERT INTO `material` VALUES (88,'56.6*4圆片','','',NULL,1065,NULL,0,0,'公斤','56.6*4','56.6*4',NULL,NULL,0,16,7,NULL);
INSERT INTO `material` VALUES (89,'56.6*5.5','','',NULL,409.6,NULL,0,0,'公斤','56.6*5.5','56.6*5.5',NULL,NULL,0,16,7,NULL);
INSERT INTO `material` VALUES (90,'宝华6寸盆架','CC87637','',NULL,0,NULL,0,200,'PCS','6寸','',NULL,NULL,0,15,23,NULL);
INSERT INTO `material` VALUES (91,'195*0.9方块料','CC87637','六寸',NULL,0,NULL,0,0,'公斤','195*0.9','195*0.9',NULL,NULL,0,11,115,NULL);
INSERT INTO `material` VALUES (92,'盆架','T200700002660','UFRA08900-0001',NULL,0,NULL,0,90,'PCS','3.5加筋','',NULL,NULL,0,13,23,NULL);
INSERT INTO `material` VALUES (93,'盆架','T200700000180','UFRA04600-0002',NULL,0,NULL,0,0,'PCS','40方+29*2','',NULL,NULL,0,13,23,NULL);
INSERT INTO `material` VALUES (94,'盆架','T20070000298A','',NULL,0,NULL,0,0,'PCS','101*44船形+33*中孔18.75*3','',NULL,NULL,0,13,23,NULL);
INSERT INTO `material` VALUES (95,'华司','T200400001580','UPLA08000-0006',NULL,0,NULL,0,0,'PCS','158*80.88*10','',NULL,NULL,0,13,22,NULL);
INSERT INTO `material` VALUES (96,'华司','T200400003330','',NULL,0,NULL,0,6390,'PCS','60*3','',NULL,NULL,0,13,22,NULL);
INSERT INTO `material` VALUES (97,'盆架','T200700003080','3”折角',NULL,0,NULL,0,8436,'PCS','3”折角','',NULL,NULL,0,13,5,NULL);
INSERT INTO `material` VALUES (98,'华司','T200400000050','UPLA01900-0006',NULL,0,NULL,0,0,'PCS','18.5*4垫片','',NULL,NULL,0,13,22,NULL);
INSERT INTO `material` VALUES (99,'华司','T200400001790','50*20.85*3T P28',NULL,0,NULL,0,4674,'PCS','50*20.85*3T P28','',NULL,NULL,0,13,22,NULL);
INSERT INTO `material` VALUES (100,'华司','T200400002530','UPLA05700-0002',NULL,0,NULL,0,2283,'PCS','135*58.2*8','',NULL,NULL,0,13,22,NULL);
INSERT INTO `material` VALUES (101,'盆架','T200700000070','UFRA01300-0002',NULL,0,NULL,0,2864,'PCS','513船形','',NULL,NULL,0,13,23,NULL);
INSERT INTO `material` VALUES (102,'盆架','T200700000490','2”正边切角',NULL,0,NULL,0,54241,'PCS','2”正边切角','',NULL,NULL,0,13,23,7);
INSERT INTO `material` VALUES (103,'盆架','T200700001270','23/4方反边',NULL,0,NULL,0,2671,'PCS','23/4方反边','',NULL,NULL,0,13,5,NULL);
INSERT INTO `material` VALUES (104,'盆架','T200700002900','3*6船形',NULL,0,NULL,0,4524,'PCS','3*6船形','',NULL,NULL,0,13,5,NULL);
INSERT INTO `material` VALUES (105,'盆架','T200700000510','UFRA07400-0002',NULL,0,NULL,0,0,'PCS','新24/3正边切角','',NULL,NULL,0,13,23,NULL);
INSERT INTO `material` VALUES (106,'华司','T200400000870','100*40.6*6',NULL,0,NULL,0,530,'PCS','100*40.6*6','',NULL,NULL,0,13,5,NULL);
INSERT INTO `material` VALUES (107,'华司','T200400001930','110*45.4*8',NULL,0,NULL,0,1063,'PCS','110*45.4*8','',NULL,NULL,0,13,22,NULL);
INSERT INTO `material` VALUES (108,'盆架','T20070000015A','40方轻形',NULL,0,NULL,0,7045,'PCS','40方轻形','',NULL,NULL,0,13,5,NULL);
INSERT INTO `material` VALUES (109,'盆架','T200700002920','4*6船形',NULL,0,NULL,0,11425,'PCS','4*6船形','',NULL,NULL,0,13,23,NULL);
INSERT INTO `material` VALUES (110,'华司','T200400001550','',NULL,0,NULL,0,0,'PCS','80*5攻牙','',NULL,NULL,0,13,22,NULL);
INSERT INTO `material` VALUES (111,'华司','T200400002580','67*27.6*6',NULL,0,NULL,0,107951,'PCS','67*27.6*6','66.5*6',NULL,NULL,0,13,22,NULL);
INSERT INTO `material` VALUES (112,'盆架','T200700002940','70折角',NULL,0,NULL,0,10231,'PCS','70折角','90*0.6',NULL,NULL,0,13,23,7);
INSERT INTO `material` VALUES (113,'盆架','T200700001200','UFRA05900-0002',NULL,0,NULL,0,0,'PCS','新2\"正边切角（线夹）','',NULL,NULL,0,13,23,NULL);
INSERT INTO `material` VALUES (114,'华司','T200400001480','32*17.8*2',NULL,0,NULL,0,4800,'PCS','32*17.8*2','',NULL,NULL,0,13,22,NULL);
INSERT INTO `material` VALUES (115,'','T200400000340','UPLA02100-0004',NULL,0,NULL,0,0,'PCS','55*4','',NULL,NULL,0,13,22,NULL);
INSERT INTO `material` VALUES (116,'','T200400003320','',NULL,0,NULL,0,0,'PCS','36*2','',NULL,NULL,0,13,22,NULL);
INSERT INTO `material` VALUES (117,'盆架','T200700001300','24/3方金刚',NULL,0,NULL,0,20041,'PCS','24/3方金刚','',NULL,NULL,0,13,23,NULL);
INSERT INTO `material` VALUES (118,'盆架','T200700003070','UFRA08700-X001',NULL,0,NULL,0,840,'PCS','24/3加筋','',NULL,NULL,0,13,23,NULL);
INSERT INTO `material` VALUES (119,'盆架','T200700003090','',NULL,0,NULL,0,0,'PCS','2“正边','',NULL,NULL,0,13,23,NULL);
INSERT INTO `material` VALUES (120,'盆架','T200700001290','UFRA07000-0001',NULL,0,NULL,0,832,'PCS','23/4圆盆架','',NULL,NULL,0,13,23,NULL);
INSERT INTO `material` VALUES (121,'盆架+华司','MMPSA231T4AAA','',NULL,0,NULL,0,1388,'PCS','42方+32华司','',NULL,NULL,0,18,5,NULL);
INSERT INTO `material` VALUES (122,'盆架+华司','71E-30400-000-1','4寸折角+41*15.6*2.5',NULL,0,NULL,0,220564,'PCS','4寸折角+41*15.6*2.5','',NULL,NULL,0,17,23,NULL);
INSERT INTO `material` VALUES (123,'盆架','72P-60340-000-2','',NULL,0,NULL,0,2001,'PCS','3\"五花金刚','',NULL,NULL,0,17,23,NULL);
INSERT INTO `material` VALUES (124,'','841-21880-000-1','彩锌',NULL,0,NULL,0,0,'PCS','18.8*4垫片','',NULL,NULL,0,17,22,NULL);
INSERT INTO `material` VALUES (125,'盆架+华司','71R-30240-001-3','24/1圆四花+28*14.35*2',NULL,0,NULL,0,1002,'PCS','24/1圆四花+28*14.35*2','',NULL,NULL,0,17,5,NULL);
INSERT INTO `material` VALUES (126,'','842-34502-180-1','',NULL,0,NULL,0,0,'PCS','45*21.8*2.5','',NULL,NULL,0,17,22,NULL);
INSERT INTO `material` VALUES (127,'47.2*3.2圆片','','',NULL,0,NULL,0,0,'公斤','47.2*3.2','47.2*3.2',NULL,NULL,0,16,7,NULL);
INSERT INTO `material` VALUES (128,'盆架+华司','71R-30240-001-8','',NULL,0,NULL,0,0,'PCS','241圆+28*14.6*1.5','',NULL,NULL,0,17,23,NULL);
INSERT INTO `material` VALUES (129,'盆架','72L-62050-000-1','',NULL,0,NULL,0,0,'PCS','新船形','',NULL,NULL,0,17,23,NULL);
INSERT INTO `material` VALUES (130,'','842-34501-560-2','',NULL,0,NULL,0,0,'PCS','45*15.6*3','',NULL,NULL,0,17,22,NULL);
INSERT INTO `material` VALUES (131,'盆架','72P-30300-001-1','',NULL,0,NULL,0,0,'PCS','3\"双极','',NULL,NULL,0,17,23,NULL);
INSERT INTO `material` VALUES (132,'盆架','72R-30500-000-1','5寸圆正边',NULL,0,NULL,0,8007,'PCS','5寸圆正边','',NULL,NULL,0,17,23,NULL);
INSERT INTO `material` VALUES (133,'外购铁柱','701-31100-600-2','铁柱11*6',NULL,0,NULL,0,16625,'PCS','铁柱11*6','',NULL,NULL,0,17,28,NULL);
INSERT INTO `material` VALUES (134,'盆架','72S-60340-000-2','',NULL,0,NULL,0,0,'PCS','31/2普通形直冲花（31/4方形缺边）','100*0.45',NULL,NULL,0,17,23,NULL);
INSERT INTO `material` VALUES (135,'盆架','72R-60400-000-2','',NULL,0,NULL,0,5045,'PCS','4\"浅园四耳','',NULL,NULL,0,17,23,NULL);
INSERT INTO `material` VALUES (136,'','842-34761-570-1','镀镍改蓝锌',NULL,0,NULL,0,0,'PCS','47.6*15.75*3.3','',NULL,NULL,0,17,22,NULL);
INSERT INTO `material` VALUES (137,'铁框','950-00000-022-8','',NULL,0,NULL,0,0,'PCS','铁框','',NULL,NULL,0,17,22,NULL);
INSERT INTO `material` VALUES (138,'盆架+U铁','71R-30150-000-6','',NULL,0,NULL,0,0,'PCS','11/2\"铆20U铁 ','',NULL,NULL,0,17,23,NULL);
INSERT INTO `material` VALUES (139,'盆架+华司','71R-30200-000-1','',NULL,0,NULL,0,6154,'PCS','2”园+28*14.3*2','',NULL,NULL,0,17,23,NULL);
INSERT INTO `material` VALUES (140,'盆架','72P-60300-001-3','',NULL,0,NULL,0,0,'PCS','3\"大底','',NULL,NULL,0,17,23,NULL);
INSERT INTO `material` VALUES (141,'盆架','72P-60300-000-7','新3”（3“六花金刚）',NULL,0,NULL,0,502,'PCS','新3”（3“六花金刚）','',NULL,NULL,0,17,5,NULL);
INSERT INTO `material` VALUES (142,'盆架+U铁','72L-33070-000-5','',NULL,0,NULL,0,0,'PCS','3070+双U（大孔）','',NULL,NULL,0,17,23,NULL);
INSERT INTO `material` VALUES (143,'盆架+U铁','72L-33070-000-4','',NULL,0,NULL,0,3600,'PCS','3070小孔','',NULL,NULL,0,17,23,NULL);
INSERT INTO `material` VALUES (144,'盆架','72L-62040-000-1','60*100船形（捆包）',NULL,0,NULL,0,5302,'PCS','60*100船形（捆包）','',NULL,NULL,0,17,23,NULL);
INSERT INTO `material` VALUES (145,'华司','842-33702-100-1','37*21*4华司',NULL,0,NULL,0,3506,'PCS','37*21*4华司','',NULL,NULL,0,17,22,NULL);
INSERT INTO `material` VALUES (146,'盆架+华司','71R-30240-001-7','',NULL,0,NULL,0,0,'PCS','241圆+28*14.3*1.5','',NULL,NULL,0,17,23,NULL);
INSERT INTO `material` VALUES (147,'盆架+华司','71L-34171-000-2','',NULL,0,NULL,0,0,'PCS','4070(方3.2）+28*14.3*2','',NULL,NULL,0,17,23,NULL);
INSERT INTO `material` VALUES (148,'盆架+华司','71F-30200-000-4','2寸尖耳+36*14.2*2',NULL,0,NULL,0,1200,'PCS','2寸尖耳+36*14.2*2','',NULL,NULL,0,17,5,NULL);
INSERT INTO `material` VALUES (149,'圆片','950-00000-057-2','',NULL,0,NULL,0,0,'PCS','外径83*厚度0.6H（有花纹）','',NULL,NULL,0,17,22,NULL);
INSERT INTO `material` VALUES (150,'31.09U铁料','4341 071 39061','',NULL,0,NULL,0,0,'公斤','37*2.3U铁料','37*2.3',NULL,NULL,0,36,264,NULL);
INSERT INTO `material` VALUES (151,'盆架+U铁','梅县3070','',NULL,0,NULL,0,0,'PCS','3070+18U*14.4*4.0','',NULL,NULL,0,NULL,23,NULL);
INSERT INTO `material` VALUES (152,'57*3.5圆片','','',NULL,0,NULL,0,0,'公斤','57*3.5','57*3.5',NULL,NULL,0,NULL,7,NULL);
INSERT INTO `material` VALUES (154,'35.1U铁','4341 071 39472','',NULL,7000,NULL,0,0,'公斤','48.2*5','48.2*5',NULL,NULL,0,NULL,264,NULL);
INSERT INTO `material` VALUES (155,'盆架+华司','67GFT0650-00001','2 1/4高音折角',NULL,0,NULL,0,6253,'PCS','2 1/4高音折角','',NULL,NULL,0,8,23,NULL);
INSERT INTO `material` VALUES (156,'盆架','67-FM4944-00003','',NULL,0,NULL,0,0,'PCS','49*44','',NULL,NULL,0,8,23,NULL);
INSERT INTO `material` VALUES (157,'盆架','67-FM0690-00002','',NULL,0,NULL,0,0,'PCS','69方折四角-1（小中孔）','',NULL,NULL,0,8,23,NULL);
INSERT INTO `material` VALUES (158,'垫片(外购）','67GTP0250-04002','24.95*4垫片',NULL,0,NULL,0,43431,'PCS','24.95*4垫片','',NULL,NULL,0,8,271,NULL);
INSERT INTO `material` VALUES (159,'盆架','67GFM0690-00001','69方折四角',NULL,0,NULL,0,43575,'PCS','69方折四角','',NULL,NULL,0,8,23,NULL);
INSERT INTO `material` VALUES (160,'垫片(外购）','67-TP0160-02001','15.95*2拉光',NULL,0,NULL,0,58400,'PCS','15.95*2拉光','',NULL,NULL,0,8,22,NULL);
INSERT INTO `material` VALUES (161,'U铁','67-YP2150-05002','',NULL,0,NULL,0,0,'PCS','26U铁','',NULL,NULL,0,8,28,NULL);
INSERT INTO `material` VALUES (162,'垫片(外购）','67GTP0250-03003','',NULL,0,NULL,0,0,'PCS','24.95*3.5(拉光）','',NULL,NULL,0,8,22,26);
INSERT INTO `material` VALUES (163,'垫片(外购）','67-TP0200-04003','19.95*4拉光',NULL,0,NULL,0,127334,'PCS','19.95*4拉光','',NULL,NULL,0,8,22,NULL);
INSERT INTO `material` VALUES (164,'垫片(外购）','67GTP0200-03005','',NULL,0,NULL,0,15238,'PCS','19.95*3拉光','',NULL,NULL,0,8,22,26);
INSERT INTO `material` VALUES (165,'垫片(外购）','67GTP0180-03006','18.5*3.5 拉光',NULL,0,NULL,0,138341,'PCS','18.5*3.5 拉光','',NULL,NULL,0,8,22,NULL);
INSERT INTO `material` VALUES (166,'垫片(外购）','67GTP0190-02004','18.95*2.5拉光',NULL,0,NULL,0,137070,'PCS','18.95*2.5拉光','',NULL,NULL,0,8,22,NULL);
INSERT INTO `material` VALUES (167,'华司','67GTP0283-04001','65*4T （28.3）P50*',NULL,0,NULL,0,14476,'PCS','65*4T （28.3）P50*4','',NULL,NULL,0,8,22,NULL);
INSERT INTO `material` VALUES (168,'盆架+华司','67MFT0600-00001','2寸高音圆+40.5*15*1.5',NULL,0,NULL,0,73703,'PCS','2寸高音圆+40.5*15*1.5','',NULL,NULL,0,8,23,NULL);
INSERT INTO `material` VALUES (169,'盆架','67GFM0480-00005','48方金刚',NULL,0,NULL,0,244617,'PCS','48方金刚','',NULL,NULL,0,8,23,NULL);
INSERT INTO `material` VALUES (170,'盆架+华司','67GFT0600-00002','2寸高音折角+40.5*15.2*1.5',NULL,0,NULL,0,36767,'PCS','2寸高音折角+40.5*15.2*1.5','',NULL,NULL,0,8,23,NULL);
INSERT INTO `material` VALUES (171,'盆架','67MFM0480-00004','',NULL,0,NULL,0,0,'PCS','48异形','',NULL,NULL,0,8,23,NULL);
INSERT INTO `material` VALUES (172,'垫片(外购）','67MTP0160-03006','',NULL,0,NULL,0,0,'PCS','15.92*3拉光','',NULL,NULL,0,8,22,26);
INSERT INTO `material` VALUES (173,'盆架','67-FM0580-00001','58方平面',NULL,0,NULL,0,27046,'PCS','58方平面','',NULL,NULL,0,8,23,NULL);
INSERT INTO `material` VALUES (174,'垫片(外购）','67GTP0200-03005','',NULL,0,NULL,0,0,'PCS','19.95*3拉光','',NULL,NULL,0,8,22,26);
INSERT INTO `material` VALUES (175,'垫片（外购）','67-TP0190-03002','18.95*3拉光',NULL,0,NULL,0,303237,'PCS','18.95*3拉光','test',NULL,NULL,0,8,22,NULL);
INSERT INTO `material` VALUES (176,'华司','67GTP0190-03002','',NULL,0,NULL,0,0,'PCS','18.95*3拉光','',NULL,NULL,0,8,22,26);
INSERT INTO `material` VALUES (177,'盆架','67-FM5855-00002','',NULL,0,NULL,0,0,'PCS','58*55','',NULL,NULL,0,8,23,NULL);
INSERT INTO `material` VALUES (178,'华司','67GTP0160-02001','',NULL,0,NULL,0,0,'PCS','15.95*2拉光','',NULL,NULL,0,8,22,26);
INSERT INTO `material` VALUES (179,'华司','MW-97837731','',NULL,0,NULL,0,514004,'PCS','48*3 UP','48*3 ',NULL,NULL,0,19,22,NULL);
INSERT INTO `material` VALUES (180,'圆片','MW-97837731','',NULL,0,NULL,12700,0,'公斤','47.6*3','47.6*3',NULL,NULL,0,22,113,NULL);
INSERT INTO `material` VALUES (181,'圆片','','',NULL,0,NULL,0,0,'公斤','63.8*4','63.8*4',NULL,NULL,0,NULL,113,NULL);
INSERT INTO `material` VALUES (182,'圆片','','',NULL,0,NULL,0,0,'公斤','60*3','60*3',NULL,NULL,0,NULL,113,NULL);
INSERT INTO `material` VALUES (183,'4里板材','','',NULL,0,NULL,0,0,'公斤','4里板材','4里板材',NULL,NULL,0,NULL,265,NULL);
INSERT INTO `material` VALUES (184,'圆片','','',NULL,0,NULL,0,0,'公斤','82*5','82*5',NULL,NULL,0,NULL,113,NULL);
INSERT INTO `material` VALUES (186,'圆片','','',NULL,0,NULL,0,0,'公斤','37*2.3','37*2.3',NULL,NULL,0,NULL,113,NULL);
INSERT INTO `material` VALUES (187,'圆片','','',NULL,279,NULL,0,0,'公斤','48*2.5','48*2.5',NULL,NULL,0,NULL,113,NULL);
INSERT INTO `material` VALUES (188,'圆片','','',NULL,6756,NULL,0,0,'公斤','68*3.5','68*3.5',NULL,NULL,0,NULL,113,NULL);
INSERT INTO `material` VALUES (189,'5里条料','','',NULL,697,NULL,0,0,'公斤','5里条料','',NULL,NULL,0,NULL,41,NULL);
INSERT INTO `material` VALUES (190,'圆片','','',NULL,0,NULL,0,0,'公斤','67*6','67*6',NULL,NULL,0,NULL,113,NULL);
INSERT INTO `material` VALUES (191,'铜帽','MC-99839192','',NULL,0,NULL,0,15991,'PCS','24.95*10*8h*0.25','',NULL,NULL,0,37,36,NULL);
INSERT INTO `material` VALUES (192,'盆架','MP-99825622','',NULL,0,NULL,931,931,'PCS','201*70大船','方：235*135*0.8',NULL,NULL,0,19,23,NULL);
INSERT INTO `material` VALUES (193,'圆片','','',NULL,0,NULL,0,0,'公斤','70.5*3.5','70.5*3.5',NULL,NULL,0,NULL,113,NULL);
INSERT INTO `material` VALUES (194,'16铜帽','MC-99836961','24.95*24.35*8.7H*16中孔*0.3',NULL,0,NULL,0,3838,'PCS','24.95*24.35*8.7H*16中孔*0.3','',NULL,NULL,0,19,36,NULL);
INSERT INTO `material` VALUES (195,'方块料','MP-98825522','4”正边',NULL,0,NULL,0,0,'公斤','0.8*140','',NULL,NULL,0,9,115,NULL);
INSERT INTO `material` VALUES (196,'方块料','MP-98825471','5”五耳',NULL,0,NULL,0,0,'公斤','0.9*180','方块：180*0.9',NULL,NULL,0,9,115,NULL);
INSERT INTO `material` VALUES (197,'方块料','MP-98825571','6.5“六角形',NULL,0,NULL,0,0,'公斤','0.9*230','',NULL,NULL,0,9,115,NULL);
INSERT INTO `material` VALUES (198,'方块料','MP-98825793','3\'四耳',NULL,0,NULL,0,0,'公斤','0.6*105','',NULL,NULL,0,9,115,NULL);
INSERT INTO `material` VALUES (199,'方块料','MP-99825531','新24/3正边',NULL,0,NULL,0,0,'公斤','0.6*92','',NULL,NULL,0,19,115,NULL);
INSERT INTO `material` VALUES (200,'方块料','MP-99825612','94*35小船',NULL,0,NULL,0,0,'公斤','0.6*65*110','',NULL,NULL,0,19,115,NULL);
INSERT INTO `material` VALUES (201,'方块料','MP-99825622','201*70大船',NULL,0,NULL,0,0,'公斤','0.8*135*235','',NULL,NULL,0,19,115,NULL);
INSERT INTO `material` VALUES (202,'方块料','MP-99829973','大深船',NULL,0,NULL,0,8020,'PCS','0.8*142*185','',NULL,NULL,0,19,23,NULL);
INSERT INTO `material` VALUES (203,'铁网  （0.35厚+110宽）','MQ-99838642','铁网',NULL,0,NULL,0,0,'卷',' （0.35厚+110宽）','',NULL,NULL,0,19,114,NULL);
INSERT INTO `material` VALUES (204,'6厘条料','MQ-99839641','38.5*5.85（38.5+-0.05*5.85+-0.05）',NULL,0,NULL,0,0,'公斤','6厘条料','',NULL,NULL,0,19,41,NULL);
INSERT INTO `material` VALUES (205,'U铁料','MU-97839011','23.66U铁',NULL,0,NULL,0,0,'公斤','33*4','',NULL,NULL,0,19,264,NULL);
INSERT INTO `material` VALUES (206,'U铁料','MU-97839061','31.09*26.71*4h*6.2H',NULL,0,NULL,0,0,'公斤','37*2.3','',NULL,NULL,0,19,264,NULL);
INSERT INTO `material` VALUES (207,'U铁料','MU-99837341','23.86U铁',NULL,0,NULL,0,0,'公斤','28*3有孔','',NULL,NULL,0,19,264,NULL);
INSERT INTO `material` VALUES (208,'圆片','MW-97837731','48*3（UP）',NULL,1100,NULL,0,0,'公斤','47.6*3','',NULL,NULL,0,19,113,NULL);
INSERT INTO `material` VALUES (209,'外购垫片','MW-97838951-01','31.75*3.5*1.5 ',NULL,0,NULL,0,48000,'PCS','31.75*3.5*1.5','',NULL,NULL,0,19,22,NULL);
INSERT INTO `material` VALUES (210,'垫片(外购）','MW-97839021','15.82*3',NULL,0,NULL,0,0,'公斤','3*15.82','',NULL,NULL,0,19,113,NULL);
INSERT INTO `material` VALUES (211,'垫片(外购）','MW-97839031','15*1',NULL,0,NULL,0,0,'公斤','1*15','',NULL,NULL,0,19,113,NULL);
INSERT INTO `material` VALUES (212,'垫片(外购）','MW-97839071-01','20*5*2 垫片',NULL,0,NULL,0,8000,'PCS','2*5*20','',NULL,NULL,0,19,22,NULL);
INSERT INTO `material` VALUES (213,'6厘条料【39*6（5.95+-0.05）】','MW-97839651','',NULL,0,NULL,0,0,'公斤','6厘条料','',NULL,NULL,0,19,41,NULL);
INSERT INTO `material` VALUES (214,'4厘条料','MW-97841541','29.95*5*3.5垫片',NULL,0,NULL,0,0,'公斤','140*485*3.5','',NULL,NULL,0,19,41,NULL);
INSERT INTO `material` VALUES (215,'圆片','MW-98838341','61*4华司',NULL,0,NULL,0,0,'公斤','60.5*4','',NULL,NULL,0,19,113,NULL);
INSERT INTO `material` VALUES (216,'圆片','MW-98838511','74*21.7*6 P50',NULL,0,NULL,0,0,'公斤','73.2*6','',NULL,NULL,0,19,113,NULL);
INSERT INTO `material` VALUES (217,'圆片','MW-98838561','90*中孔32.62*6 P60',NULL,0,NULL,0,0,'公斤','89.5*6','',NULL,NULL,0,19,113,NULL);
INSERT INTO `material` VALUES (218,'白料圆片','MW-98838972','71*3.5八角形',NULL,0,NULL,300,0,'公斤','70.5*66.5*3.5','',NULL,NULL,0,19,113,NULL);
INSERT INTO `material` VALUES (219,'中：59.8*23.9*5T','MW-98839051','60*23.9*5',NULL,0,NULL,0,0,'公斤','59.8*23.9*5T','',NULL,NULL,0,19,113,NULL);
INSERT INTO `material` VALUES (220,'圆片','MW-98841831','48*19.59*2.5  4-中2.9  P36',NULL,600,NULL,0,0,'公斤','48*2.5','',NULL,NULL,0,19,113,NULL);
INSERT INTO `material` VALUES (221,'圆片','MW-99835602','60*4华司',NULL,0,NULL,0,0,'公斤','60*4','',NULL,NULL,0,19,113,NULL);
INSERT INTO `material` VALUES (222,'垫片(外购）','MW-99835631','25*1.6华司',NULL,0,NULL,125,0,'公斤','25*1.6','',NULL,NULL,0,19,113,NULL);
INSERT INTO `material` VALUES (223,'圆片','MW-99835753','65*4华司',NULL,0,NULL,0,0,'公斤','64.5*4','',NULL,NULL,0,19,113,NULL);
INSERT INTO `material` VALUES (224,'圆片','MW-99835793','75*4华司',NULL,0,NULL,0,0,'公斤','74.5*4','',NULL,NULL,0,19,113,NULL);
INSERT INTO `material` VALUES (225,'圆片','MW-99836113','85*38.3*6 P60 4-∮5',NULL,0,NULL,0,0,'公斤','85*6','',NULL,NULL,0,19,113,NULL);
INSERT INTO `material` VALUES (226,'垫片(外购）','MW-99836692','25*3.6*1.6',NULL,0,NULL,0,245861,'PCS','25*3.6*1.6','',NULL,NULL,0,19,22,NULL);
INSERT INTO `material` VALUES (227,'垫片(外购）','MW-99837351','18.11*1.5有孔',NULL,0,NULL,0,0,'公斤','1.5*18.11','',NULL,NULL,0,19,113,NULL);
INSERT INTO `material` VALUES (228,'垫片(外购）','MW-99840071','24.95*5*3',NULL,0,NULL,0,20000,'PCS','24.95*3','',NULL,NULL,0,19,113,NULL);
INSERT INTO `material` VALUES (229,'卷料 ','PJ310-22U-1-Cr3+','310船+21.8U铁',NULL,0,NULL,0,0,'卷','0.6*100','',NULL,NULL,0,13,114,NULL);
INSERT INTO `material` VALUES (230,'垫片(外购）','T200400000050','18.5*4垫片',NULL,0,NULL,0,0,'公斤','18.5*4','',NULL,NULL,0,13,113,NULL);
INSERT INTO `material` VALUES (231,'圆片','T200400000340','55*4',NULL,0,NULL,0,0,'公斤','55*4','',NULL,NULL,0,13,113,NULL);
INSERT INTO `material` VALUES (232,'圆片','T200400000870','100*40.6*6',NULL,0,NULL,0,0,'公斤','100*6','',NULL,NULL,0,13,113,NULL);
INSERT INTO `material` VALUES (233,'圆片','T200400001480','32*17.8*2',NULL,0,NULL,0,0,'公斤','32*2','',NULL,NULL,0,13,113,NULL);
INSERT INTO `material` VALUES (234,'圆片','T200400001550','80*5攻牙',NULL,0,NULL,0,0,'公斤','80*5','',NULL,NULL,0,13,113,NULL);
INSERT INTO `material` VALUES (235,'圆片','T200400001580','158*80.88*10',NULL,0,NULL,0,0,'公斤','158*10','',NULL,NULL,0,13,113,NULL);
INSERT INTO `material` VALUES (236,'圆片','T200400001790','50*20.85*3T P28',NULL,350,NULL,0,0,'公斤','50*3','',NULL,NULL,0,13,113,NULL);
INSERT INTO `material` VALUES (237,'圆片','T200400001930','110*45.4*8',NULL,0,NULL,0,0,'公斤','110*8','',NULL,NULL,0,13,113,NULL);
INSERT INTO `material` VALUES (238,'圆片','T200400002530','135*58.2*8',NULL,0,NULL,0,0,'公斤','135*8','',NULL,NULL,0,13,113,NULL);
INSERT INTO `material` VALUES (239,'圆片','T200400002580','67*27.6*6',NULL,2000,NULL,0,0,'公斤','66.5*6','',NULL,NULL,0,13,113,NULL);
INSERT INTO `material` VALUES (240,'圆片','T200400003320','36*2',NULL,0,NULL,0,0,'公斤','2*17.4*35.6','',NULL,NULL,0,13,113,NULL);
INSERT INTO `material` VALUES (241,'圆片','T200400003330','60*3',NULL,0,NULL,0,0,'公斤','3*28.35*59.8','',NULL,NULL,0,NULL,113,NULL);
INSERT INTO `material` VALUES (242,'卷料','T200700000070','513船形',NULL,0,NULL,0,0,'卷','0.6*145','',NULL,NULL,0,13,114,NULL);
INSERT INTO `material` VALUES (243,'卷料','T20070000015A','40方轻形',NULL,65.8,NULL,4.2,0,'公斤','0.5*55','',NULL,NULL,0,NULL,114,NULL);
INSERT INTO `material` VALUES (244,'卷料','T200700000180','40方+29*2',NULL,0,NULL,0,0,'公斤','0.5*55','',NULL,NULL,0,NULL,114,NULL);
INSERT INTO `material` VALUES (245,'卷料','T200700000490','2”正边切角',NULL,0,NULL,520,0,'公斤','0.5*81','',NULL,NULL,0,NULL,114,NULL);
INSERT INTO `material` VALUES (246,'方块','T200700000510','新24/3正边切角',NULL,0,NULL,0,0,'PCS','0.7*89','',NULL,NULL,0,NULL,115,NULL);
INSERT INTO `material` VALUES (247,'卷料','T200700001200','新2寸正边切角（线夹）',NULL,0,NULL,0,0,'公斤','0.5*81','',NULL,NULL,0,NULL,114,NULL);
INSERT INTO `material` VALUES (248,'卷料','T200700001250','2',NULL,0,NULL,0,0,'卷','0.55*77','',NULL,NULL,0,NULL,114,NULL);
INSERT INTO `material` VALUES (249,'卷料','T200700001270','23/4方反边',NULL,0,NULL,0,0,'卷','0.55*95','',NULL,NULL,0,NULL,114,NULL);
INSERT INTO `material` VALUES (250,'方块','T200700001290','23/4圆盆架',NULL,125.5,NULL,0,0,'PCS','0.5*93','',NULL,NULL,0,13,115,NULL);
INSERT INTO `material` VALUES (251,'卷料','T200700001300','24/3方金刚',NULL,0,NULL,200,0,'公斤','0.6*90','',NULL,NULL,0,NULL,114,NULL);
INSERT INTO `material` VALUES (252,'方块','T200700002900','3*6船形',NULL,0,NULL,600,0,'公斤','0.8*127*175','',NULL,NULL,0,13,115,NULL);
INSERT INTO `material` VALUES (253,'方块','T200700002660','3.5加筋',NULL,0,NULL,0,0,'公斤','0.55*118','',NULL,NULL,0,NULL,115,NULL);
INSERT INTO `material` VALUES (254,'方块','T200700002920','4*6船形',NULL,0,NULL,0,0,'公斤','0.8*140*193','',NULL,NULL,0,NULL,115,NULL);
INSERT INTO `material` VALUES (255,'卷料','T200700002940','70折角',NULL,441,NULL,59,0,'公斤','0.6*90','',NULL,NULL,0,NULL,114,NULL);
INSERT INTO `material` VALUES (256,'卷料','T20070000298A','101*44船形+33*中孔18.75*3',NULL,0,NULL,0,0,'卷','0.5*120','',NULL,NULL,0,NULL,114,NULL);
INSERT INTO `material` VALUES (257,'方块','T200700003070','24/3加筋',NULL,0,NULL,0,0,'公斤','0.9*92','',NULL,NULL,0,NULL,115,NULL);
INSERT INTO `material` VALUES (258,'卷料','T200700003080','3”折角',NULL,0,NULL,0,0,'卷','0.6*105','',NULL,NULL,0,NULL,114,NULL);
INSERT INTO `material` VALUES (259,'卷料','T200700003090','2“正边',NULL,0,NULL,0,0,'卷','0.6*70','',NULL,NULL,0,NULL,114,NULL);
INSERT INTO `material` VALUES (260,'方块','67-FM0580-00001','58方平面',NULL,0,NULL,800,0,'公斤','0.8*78','',NULL,NULL,0,NULL,115,NULL);
INSERT INTO `material` VALUES (261,'方块','67-FM0690-00002','69方折四角-1（小中孔）',NULL,0,NULL,0,0,'公斤','0.6*103','',NULL,NULL,0,NULL,115,NULL);
INSERT INTO `material` VALUES (262,'卷料','67-FM4944-00003','49*44',NULL,0,NULL,0,0,'卷','0.6*66','',NULL,NULL,0,NULL,114,NULL);
INSERT INTO `material` VALUES (263,'卷料','67-FM5855-00002','58*55',NULL,0,NULL,0,0,'卷','0.6*78','',NULL,NULL,0,NULL,114,NULL);
INSERT INTO `material` VALUES (264,'方块','67-FM7070-00001','241折角',NULL,0,NULL,0,0,'公斤','99*0.6','',NULL,NULL,0,NULL,115,NULL);
INSERT INTO `material` VALUES (265,'外购（林生）','67-TP0160-02001','15.95*2拉光',NULL,0,NULL,0,0,'公斤','15.95*2','',NULL,NULL,0,NULL,22,NULL);
INSERT INTO `material` VALUES (266,'华司','MW-99835631','25*1.6',NULL,0,NULL,0,998201,'PCS','25*1.6','',NULL,NULL,0,19,22,NULL);
INSERT INTO `material` VALUES (267,'华司','MW-99835602','60*4',NULL,0,NULL,0,1918,'PCS','60*4','',NULL,NULL,0,19,22,NULL);
INSERT INTO `material` VALUES (268,'华司','MW-99835753','65*4',NULL,0,NULL,0,322183,'PCS','65*4','',NULL,NULL,0,19,22,NULL);
INSERT INTO `material` VALUES (270,'垫片','MW-97841541','29.95*5*3.5',NULL,0,NULL,0,100000,'PCS','29.95*5*3.5','',NULL,NULL,0,19,22,NULL);
INSERT INTO `material` VALUES (271,'华司','MW-99835793','75*4',NULL,0,NULL,0,179101,'PCS','75*4','',NULL,NULL,0,19,22,NULL);
INSERT INTO `material` VALUES (273,'铁网','MQ-99838642','铁网',NULL,0,NULL,0,36000,'PCS','铁网','',NULL,NULL,0,19,5,NULL);
INSERT INTO `material` VALUES (274,'盆架','MP-98825471','5”五耳',NULL,0,NULL,0,894,'PCS','5”五耳','',NULL,NULL,0,19,23,NULL);
INSERT INTO `material` VALUES (275,'盆架','MP-98825793 ','',NULL,0,NULL,0,47735,'PCS','3寸四耳','',NULL,NULL,0,19,23,NULL);
INSERT INTO `material` VALUES (277,'盆架+华司','71S-30400-000-7','4“方切角+54*22*3',NULL,0,NULL,0,2007,'PCS','4“方切角+54*22*3','',NULL,NULL,0,17,23,NULL);
INSERT INTO `material` VALUES (278,'华司','MW-98837761','',NULL,0,NULL,0,909,'PCS','95*32.26*6','',NULL,NULL,0,19,22,NULL);
INSERT INTO `material` VALUES (279,'盆架','MP-98825522','4寸正边',NULL,0,NULL,0,4375,'PCS','4寸正边','',NULL,NULL,0,19,23,NULL);
INSERT INTO `material` VALUES (280,'外购（林生）','MW-99836692','25*3.6*1.6',NULL,0,NULL,0,0,'公斤','25*3.6*1.6','',NULL,NULL,0,NULL,11,NULL);
INSERT INTO `material` VALUES (282,'外购垫片','MW-97839071-01','20*5*2 ',NULL,0,NULL,0,0,'公斤','20*5*2 ','',NULL,NULL,0,NULL,11,NULL);
INSERT INTO `material` VALUES (283,'外购（林生）','701-31100-600-2','铁柱11*6',NULL,0,NULL,0,0,'公斤','铁柱11*6','',NULL,NULL,0,NULL,11,NULL);
INSERT INTO `material` VALUES (284,'盆架+U铁','PJ310-22U-1-Cr3+','310船+21.8U铁（G9228-001L)',NULL,0,NULL,0,120000,'PCS','310船+21.8U铁（G9228-001L)','',NULL,NULL,0,38,23,NULL);
INSERT INTO `material` VALUES (285,'方块料','','',NULL,0,NULL,0,0,'公斤','08*78','08*78',NULL,NULL,0,9,115,NULL);
INSERT INTO `material` VALUES (286,'盆架','UFRA06900-0001','23/4方反边',NULL,0,NULL,0,35,'PCS','23/4方反边','',NULL,NULL,0,13,23,NULL);
INSERT INTO `material` VALUES (288,'垫片(外购）','67-TP0200-03005','19.95*3拉光',NULL,0,NULL,0,302012,'PCS','19.95*3拉光','',NULL,NULL,0,8,22,26);
INSERT INTO `material` VALUES (289,'U铁','67GYP2140-11001','27.5*21.45*11.5H*14.5H*25*1H',NULL,0,NULL,0,138330,'PCS','27.5*21.45*11.5H*14.5H*25*1H','',NULL,NULL,0,8,28,NULL);
INSERT INTO `material` VALUES (290,'方块','','',NULL,100,NULL,0,0,'公斤','05*118','05*118',NULL,NULL,0,NULL,115,NULL);
INSERT INTO `material` VALUES (291,'盆架','72L-34171-000-4','4070 轻型 方孔3.2',NULL,0,NULL,0,1360,'PCS','4070 轻型 方孔3.2','',NULL,NULL,0,17,23,NULL);
INSERT INTO `material` VALUES (292,'圆片','434107141101','67.8*3.5',NULL,0,NULL,0,0,'公斤','67.8*3.5','',NULL,NULL,0,22,113,NULL);
INSERT INTO `material` VALUES (293,'圆片','434107138261','60.5*3.5',NULL,855,NULL,0,0,'公斤','60.5*3.5','',NULL,NULL,0,22,113,NULL);
INSERT INTO `material` VALUES (294,'圆片','434107141491','63.8*4',NULL,0,NULL,0,0,'公斤','63.8*4','',NULL,NULL,0,22,113,NULL);
INSERT INTO `material` VALUES (295,'方块','MP-98825793','',NULL,0,NULL,400,1314,'公斤','105*0.6','',NULL,NULL,0,9,115,NULL);
INSERT INTO `material` VALUES (296,'方块','T200700002920','193*140*0.8',NULL,0,NULL,1300,0,'公斤','193*140*0.8','',NULL,NULL,0,9,115,NULL);
INSERT INTO `material` VALUES (297,'4厘条料','434107141061','',NULL,0,NULL,0,0,'公斤','140*485*4','',NULL,NULL,0,16,41,NULL);
INSERT INTO `material` VALUES (298,'卷料','','',NULL,924,NULL,0,0,'公斤','0.55*85','',NULL,NULL,0,9,114,NULL);
INSERT INTO `material` VALUES (299,'方块','','',NULL,0,NULL,0,0,'公斤','05*157','05*157',NULL,NULL,0,9,115,NULL);
INSERT INTO `material` VALUES (300,'圆片','','',NULL,0,NULL,0,0,'公斤','95*6','95*6',NULL,NULL,0,NULL,113,NULL);
INSERT INTO `material` VALUES (301,'圆片','71E-30400-000-1','',NULL,0,NULL,0,0,'公斤','40.5*2.5','40.5*2.5',NULL,NULL,0,NULL,113,NULL);
INSERT INTO `material` VALUES (303,'卷料','67GFM0480-00005','',NULL,2415,NULL,85,0,'公斤','055*69','',NULL,NULL,0,9,114,NULL);
INSERT INTO `material` VALUES (304,'卷料','','',NULL,0,NULL,0,0,'公斤','04* 82*106','04 82*106',NULL,NULL,0,NULL,114,NULL);
INSERT INTO `material` VALUES (305,'卷料','','',NULL,0,NULL,0,0,'公斤','05*118','05 118',NULL,NULL,0,NULL,114,NULL);
INSERT INTO `material` VALUES (306,'卷料','','',NULL,0,NULL,0,0,'公斤','05*73','05 73',NULL,NULL,0,NULL,114,NULL);
INSERT INTO `material` VALUES (307,'方块料','','',NULL,0,NULL,0,0,'公斤','0.5*117','117*05',NULL,NULL,0,NULL,115,NULL);
INSERT INTO `material` VALUES (308,'方块料','','',NULL,0,NULL,0,0,'公斤','08*90*120','08  90*120',NULL,NULL,0,9,115,NULL);
INSERT INTO `material` VALUES (309,'圆片','','',NULL,0,NULL,0,0,'公斤','100*6','100*6',NULL,NULL,0,NULL,113,NULL);
INSERT INTO `material` VALUES (310,'方块料','','',NULL,0,NULL,0,0,'公斤','06*136','06 136',NULL,NULL,0,NULL,115,NULL);
INSERT INTO `material` VALUES (311,'方块料','','',NULL,0,NULL,0,0,'公斤','08*108','08*108',NULL,NULL,0,NULL,115,NULL);
INSERT INTO `material` VALUES (312,'方块料','','',NULL,0,NULL,0,0,'公斤','0.45*72','0.45*72',NULL,NULL,0,NULL,115,NULL);
INSERT INTO `material` VALUES (313,'卷料','','',NULL,0,NULL,0,0,'公斤','055*85','055 85',NULL,NULL,0,NULL,114,NULL);
INSERT INTO `material` VALUES (314,'华司','','',NULL,0,NULL,0,0,'PCS','61*4','',NULL,NULL,0,19,22,27);
INSERT INTO `material` VALUES (315,'华司','MW-98838341','',NULL,0,NULL,0,6471,'PCS','61*4','',NULL,NULL,0,19,22,27);
INSERT INTO `material` VALUES (316,'华司','MW-98841831','',NULL,0,NULL,0,69205,'PCS','48*19.59*2.5  4-中2.9  P36','',NULL,NULL,0,19,22,29);
INSERT INTO `material` VALUES (317,'卷料','','',NULL,0,NULL,0,0,'卷','055 103','055 103',NULL,NULL,0,NULL,114,NULL);
INSERT INTO `material` VALUES (318,'圆片','','',NULL,552,NULL,0,0,'公斤','70.5*3.5八角','70.5*3.5八角',NULL,NULL,0,NULL,113,NULL);
INSERT INTO `material` VALUES (319,'圆片','','',NULL,0,NULL,0,0,'公斤','71*3.5','71*3.5',NULL,NULL,0,NULL,7,NULL);
INSERT INTO `material` VALUES (320,'华司','MW-98838972','',NULL,0,NULL,0,101070,'PCS','71*3.5八角形','',NULL,NULL,0,19,22,29);
INSERT INTO `material` VALUES (321,'华司','MW-99840071','',NULL,0,NULL,0,40000,'PCS','24.95*5*3','',NULL,NULL,0,19,22,27);
INSERT INTO `material` VALUES (322,'盆架+U铁','MP-98000210','',NULL,0,NULL,0,10600,'PCS','3“圆金刚中孔80+U铁','',NULL,NULL,0,19,23,NULL);
INSERT INTO `material` VALUES (323,'盆架','MP-99825531','',NULL,0,NULL,0,27007,'PCS','新243正边','',NULL,NULL,0,19,23,28);
INSERT INTO `material` VALUES (324,'华司','MQ-99839641','',NULL,0,NULL,0,40000,'PCS','38.5*5.85','',NULL,NULL,0,19,22,27);
INSERT INTO `material` VALUES (325,'方块料','','',NULL,0,NULL,0,0,'公斤','07 105','07 105',NULL,NULL,0,NULL,115,NULL);
INSERT INTO `material` VALUES (326,'卷料','','',NULL,0,NULL,0,0,'卷','05 106','05 106',NULL,NULL,0,NULL,114,NULL);
INSERT INTO `material` VALUES (327,'盆架+U铁','','G-ZJ-195',NULL,0,NULL,0,6000,'PCS','48盆+28U*22*12H','',NULL,NULL,0,40,23,NULL);
INSERT INTO `material` VALUES (328,'垫片','G-HS-121','',NULL,0,NULL,0,6000,'PCS','18.8*4H 垫片','',NULL,NULL,0,40,22,26);
INSERT INTO `material` VALUES (329,'垫片','G-HS-059','',NULL,0,NULL,0,6000,'PCS','17.9*2.0H 垫片','',NULL,NULL,0,40,22,26);
INSERT INTO `material` VALUES (330,'介钱','67MFT0600-00001','',NULL,0,NULL,0,0,'公斤','40.5*15*1.5','',NULL,NULL,0,11,270,NULL);
INSERT INTO `material` VALUES (331,'垫片','67GTP0180-03006','',NULL,0,NULL,0,0,'公斤','18.5*3.5','',NULL,NULL,0,41,11,NULL);
INSERT INTO `material` VALUES (332,'','','',NULL,0,NULL,0,0,'公斤','186*82*0.4','',NULL,NULL,0,9,115,NULL);
INSERT INTO `material` VALUES (333,'','','',NULL,0,NULL,0,0,'公斤','58*0.5 ','',NULL,NULL,0,9,115,NULL);
INSERT INTO `material` VALUES (334,'垫片','MW-97839651','',NULL,0,NULL,0,40000,'PCS','39*6','',NULL,NULL,0,19,271,27);
INSERT INTO `material` VALUES (335,'盆架','72L-34171-000-6','',NULL,0,NULL,0,130,'PCS','4070(方3.2)+36*14.3*2','',NULL,NULL,0,17,23,27);
INSERT INTO `material` VALUES (336,'方块','72L-34171-000-4','',NULL,0,NULL,50,0,'公斤','83*65*0.5','',NULL,NULL,0,9,115,27);
INSERT INTO `material` VALUES (337,'卷料','71E-30400-000-1','',NULL,2224.5,NULL,4075.5,0,'公斤','0.5*118','',NULL,NULL,0,9,114,NULL);
INSERT INTO `material` VALUES (338,'卷料','67GFM0690-00001','',NULL,0,NULL,800,0,'公斤','0.55*103','',NULL,NULL,0,9,114,NULL);
INSERT INTO `material` VALUES (339,'方块','T200700002900','',NULL,0,NULL,0,0,'公斤','0.8*127*175','',NULL,NULL,0,9,115,NULL);
INSERT INTO `material` VALUES (340,'U铁','MU-97839061','',NULL,0,NULL,0,8000,'PCS','31.09*26.71*4h*6.2H','',NULL,NULL,0,19,28,29);
INSERT INTO `material` VALUES (341,'卷料','','67GFM0690-00001',NULL,0,NULL,0,0,'公斤','103*0.55','',NULL,NULL,0,9,114,NULL);
INSERT INTO `material` VALUES (342,'卷料','67GFM0480-00005','',NULL,0,NULL,0,0,'公斤','69*0.55','',NULL,NULL,0,9,114,NULL);
INSERT INTO `material` VALUES (343,'卷料','T200700001300','',NULL,0,NULL,400,0,'公斤','90*0.6','',NULL,NULL,0,9,114,NULL);
INSERT INTO `material` VALUES (344,'方块','T200700003080','',NULL,0,NULL,550,0,'公斤','105*0.6','',NULL,NULL,0,9,115,NULL);
INSERT INTO `material` VALUES (345,'盆架002','customer002','inner002',NULL,0,300,0,100,'PCS','2*2','',NULL,NULL,0,22,23,7);
INSERT INTO `material` VALUES (347,'','','',NULL,0,NULL,0,0,'PCS','','',NULL,NULL,0,NULL,36,NULL);
INSERT INTO `material` VALUES (348,'','','',NULL,0,NULL,0,0,'PCS','','',NULL,NULL,0,NULL,28,NULL);
INSERT INTO `material` VALUES (352,'1','','',NULL,0,NULL,0,0,'PCS','','',NULL,NULL,0,NULL,36,NULL);
INSERT INTO `material` VALUES (353,'2','','',NULL,0,NULL,0,0,'PCS','','',NULL,NULL,0,NULL,36,NULL);
INSERT INTO `material` VALUES (354,'','','',NULL,0,NULL,0,0,'PCS','','',NULL,NULL,0,NULL,41,NULL);
INSERT INTO `material` VALUES (355,'','','',NULL,0,NULL,0,0,'公斤','','',NULL,NULL,0,NULL,36,NULL);
INSERT INTO `material` VALUES (356,'','','',NULL,0,NULL,0,0,'PCS','','',NULL,NULL,0,NULL,36,NULL);

#
# Source for table material_attach
#

DROP TABLE IF EXISTS `material_attach`;
CREATE TABLE `material_attach` (
  `Id` int(11) NOT NULL AUTO_INCREMENT,
  `material_id` int(11) DEFAULT '0' COMMENT '必须设为允许空，因为hibernate的inverse为false，会先update set material_id=null，cascade=all再delete',
  `url` varchar(255) DEFAULT '',
  `location` varchar(255) DEFAULT NULL,
  `name` varchar(100) DEFAULT NULL,
  `priority` int(11) DEFAULT '0',
  `src` text,
  `type` varchar(50) DEFAULT NULL,
  `size` double DEFAULT NULL,
  PRIMARY KEY (`Id`),
  KEY `material_id` (`material_id`)
) ENGINE=InnoDB AUTO_INCREMENT=33 DEFAULT CHARSET=utf8;

#
# Dumping data for table material_attach
#

INSERT INTO `material_attach` VALUES (20,352,NULL,NULL,'Chrysanthemum.jpg',0,NULL,NULL,NULL);
INSERT INTO `material_attach` VALUES (21,352,NULL,NULL,'Hydrangeas.jpg',1,NULL,NULL,NULL);
INSERT INTO `material_attach` VALUES (22,352,NULL,NULL,'Tulips.jpg',2,NULL,NULL,NULL);
INSERT INTO `material_attach` VALUES (23,353,NULL,NULL,'Lighthouse.jpg',0,NULL,NULL,NULL);
INSERT INTO `material_attach` VALUES (24,353,NULL,NULL,'Penguins.jpg',1,NULL,NULL,NULL);
INSERT INTO `material_attach` VALUES (25,354,NULL,'E://201807//20180705154235_878.jpg','Desert.jpg',0,'',NULL,NULL);
INSERT INTO `material_attach` VALUES (26,355,NULL,'E://201807//20180705161522_494.jpg','Chrysanthemum.jpg',0,'data:image/jpeg;base64,/9j/4AAQSkZJRgABAQAAAQABAAD/2wBDAAoHBwgHBgoICAgLCgoLDhgQDg0NDh0VFhEYIx8lJCIfIiEmKzcvJik0KSEiMEExNDk7Pj4+JS5ESUM8SDc9Pjv/2wBDAQoLCw4NDhwQEBw7KCIoOzs7Ozs7Ozs7Ozs7Ozs7Ozs7Ozs7Ozs7Ozs7Ozs7Ozs7Ozs7Ozs7Ozs7Ozs7Ozs7Ozv/wAARCABuAG4DASIAAhEBAxEB/8QAGgAAAwEBAQEAAAAAAAAAAAAAAwQFBgIBAP/EADgQAAIBAgUCBAMHBAICAwAAAAECAwQRAAUSITETQSJRYXGBkaEGFCMyQrHwwdHh8RVDM1I0YuL/xAAbAQADAQEBAQEAAAAAAAAAAAACAwQAAQUGB//EACoRAAICAgIBAwIGAwAAAAAAAAECABEDIRIxQSJR8BOBBBRhcaHxI5Gx/9oADAMBAAIRAxEAPwD6rhipAamGHUFUnpKO/pjP09dPX5prexLDSB2QemNBJMDHsbqRvfEeOhlpswFTEo6THUyg7i4x8njdSCW7n6Vj0Ny5WQaaLQDtpABPY4x1PVNT1ZPANwRjWTZlEPwZFZuoSpI7YylTAYcybqA2Vi4uNmHPyw38ObBDTYuQFGaylqFqqV4dR8S22O4x5l/XlRJJwUspBU/v/PPECirZFq1VP+077ceZxWfNj1hAqGw3JPJwlkZbAmbGRYXzPM3dljVQtww0i3F/LBMlymmpomqJbST3uzkcG3A+B+P7cTyrLRySJZtA1DvuOfjyMOQNooo1Bt4b7eZ9MAzMEoQHB4ASZ9qIlqKWGUsUZJCqBRcbji3wGF6J56WlIapeVALBX3HkAB29vTBc3cyyU1Kkeu7328x/vFGDIWqD1qiQqBwAdgPjzz9cPD8MYBM3oRbaRGgXM8xFHAjQzt+eRR4dNrkkenr6eeKC/ZuFauVKaskh6aC5U3JY8X+R2xzW5VLTZjFU5XO8LdJlcnxBrWsDfz/pfC9HFnma1BqYpkp7WDSXsCLA2099jffDLLKCp1B5Mba6ESNHSirZ6zODTVaEgj7sTrG9rEGx2A8u2A5tOhy6mp4mWoeJ2OobbEk/Pi435wfPoKJ3s2a008xBNooz+4LAH3wjSrlk1AKapkeGaOTV1r7sD27j/WHgWFY+P0gE3fHd/t395sJaRurJJboweEItrk7AH6++AzTWUm/I3wlLXz10Eky30oh0qDuD/wCx8gMKy1ck1NrVdwPFZhscQfSJ7lKoejBz1YMIKm5U2+WPnnWtSAMbPfQx/wDqSP588By2QCrmn/XDE8qX41Dj++E1n6a3AF73uRfFYxi6HiM5Cbcmmjy2SngVUULsB5+f0xlZawPIzxlmHfULEf4wajzCfpu2l3QLuQLhffCELJHI87tpUlgqab6v8ev774DFiK3ygKOH3lKmrV+5TrK1g9wNrmx/3g3/ADfUkCwwmOJbDxvcj5AXxFXrOkjpCxgvbWFNlPYavjjqkca0U2te5vg2wrRMIcWM0mS06PVvVzuHYgaQRbT/AA4u1VWqwNptoA4xm6+oaio4HiO5a2523/1jqonqf+HWuI1Rg8C+54/fb4YjbE2Qg+Ih8YZgxM8rc0fpmnhAM5Fm1H8vfvtxidBVaaWSlzBJ40UDVKl2Qi+2q3rYD4Yr5FkUU6mqr/xJZN9J/Kv+cd5rltGK2GCltAzIxkKAiw4Xbi9wflhy5Ma+j+ZzmOXFdGQMkoaSur542fwoA3dfDwSb2ta4OHm+y8E0jr97ETox8LLe47EWP8N8N5fFTUFZGTIjlYzDK6qFUAm41dhe1vl54mZ3WSVGYsq6yyADUjcj1HbthzFmb0GZQx9JniZbUIvQLgpMbiaxGkAE2I7XsD3HHlicJXhfp+IMDa3ripTTFY+lSZxGh28M4KLb0Y7YmmIVOZyLPULGEZjJKp1iw7jfe+3zwaXvlDL1oGFeGSE6+tCXmVkaNZASNuT28u+EGZViUMvjJ3JPAx88qGSQQI5DLYBjcjceQwITMsKrsDKeT5fzfD1UxD5RC6nZgLEaNjftgotOSzSxxIuyg38XtYH6+eFRL1JGBd5JNRF031+frjhZF+8LrDpCPTfbsMFwi/rgAbjmttZU8IdPoMfI4GlluDc7+m1sBaYLLJeMqroRpbe18fDVZAu6gYHjHjLvUsMtRmM9JSqCsbC9xuAL2Jt6W+uNRXVEK0i0cUZZFTSES5NgPnjKUVY0GlkCsyqbkncLuSP3xSp85hiiBZvEey8/H6YiyBhpRqOZLNyxlzTUNGDOtntxe9sZmozpoJKmc/8AzJGIUbHT2v8AD+mGzmbVbgX3IsFGwHvfHdN9lqOXTNJNLIW8TbgBvPthacEJOWKyKygnyZBjrqhsqNBEGW7b6T+cHm/rwPbHkc0uWknbruACGF9K+o8z/T1xppqXKcse0YBl/SinUPrjJsVqa2olDXWSR2Uk8jUfPFmN1yWQNRNEFa7g5IWKhi9geNsGghkaKWoJURhdLM3c3GwHn/nHrqUVopBpZTtv9MCWKUQsvUSzm4jubm199gbd+cOskTMvEggf3AhFEcjCTxFgAPTzwaFY5IKxEjjqpAvgYtpkQA3LAbg7c+XIPOBxGRKtRl4lE5tp3uVPmLcYOVeKiaNnibRyAFJv2sb3PPbbbfDPMmChr/T581B1FPHs33xtUUf4aLzfw7cbbMTf0OBzpC5eFGkA6hEa2vpHnt3wvLMzXeRgXACKL77jY+1gfoMPUojlt14y8u4UK1ueNrHfkfEe+DIIFmArLkdgB3AagwhM0zHc6vDuN/PHqTHdEOosdzg7RNVSdIpHAsaXVWIFyLDt33vgNFBoIaYAICQbna/uMASKjQMgcAf737CVaRI6aJ552BUoVW1/zEEAe+PKbqLRyyppULYG6je/bA/vMZpPu0QJMj3J5sBxjss0iLl8Z0ESfiN5ngfz+2JCD5+CekCB1G6GdGYtJ0UKjw2jAv8A3x5WZvWIgEpeJG4VRbV8ccGkXK5wKtg7W1IiX8Xlv24tjpWqK+oWSaElF2VQNlGFlV5ciLEImxqTJKp5AygW1ixJ5tgtDRipjI1AaD/r+vyxs6WhppIenJDGR3DqCMDkyiippg1PBcsCNK822v7jj+HC/wA2tEAVJr9e9zI1uqOcU1VTvqvZSo8X/wCsDp+jT0tapVuu6ARav0+LxeY4/nOL9YsEFK8z6WniUlmDXMaMxsO9idlB7e3Oddo465J5EWRNJYAX07rt8AbbemKsbcxQgZRvkf6nFLS9aWFYpgOop6zOwAS1yfW1revOPBLLMqwqJfxG/DjufDfyHwHuRgSLTfcKpnaT7ySOm+qy6f1bW3/uB8e+pHG3iRl/LoZxZiNO/bgm/wAsUbuSo3QOh+/z2/mLy06NGjMbFd+wKja245Pw/fBkUqqjUwHbfbDbwSshpZAE6J1TKRZhYgC+3rbvbfAH1IimNfET+UEDbz59Tgi9ioa4QjFxPZna4R5y6AaVKXJB7AX3tjmnkeSMUc4cRCXW5BFxsAd/bA6hkjhUhF6zHcMBdTbscMZfSl3WonJMOrxMx59PpgDQWzOi2y8R8E6pZIoQdKM036C2wX1t3w+MvanNLLI+ppyW0nkDbc++OFqqBq2Sd42Ki2iNLi9hYc8cY8dquumErg6b2UKuyjE7Ek31LsYAqtyzmkEc5poNZaRVLfA/6w1l9K9KVLW0+Zx5leSuCHdixO5JGPc/zD7mqUtLIPvF7vpF9It39eMeft/8anUxYXwG4/mNTDT0LPIbX/KVI1E+nOIdJn9XFFZaN5WJ8TN3+P8ATExos0qn6vV6j9tXPyOBTU9W/hq2I7hXNgfbt3+uKEwKFpjcALWqnc1LLT0pWSUuZmDPfuRxvziYerqIjsR3uLjGoIp6qKWoVhfclW/QORhunyOCPKrOgMsnibzB8v6fPDBn4D1CZ1XQ6mLq4o5gCjX0RrqFu9gD9ceTVLMlM7Qr1YiNLaQSd+T54dellgqZkTfbSwH6gT/cDAyZadUM0akg+Esu4F+fX44rDg1J3wnZ6v79eYnNII3kYTa3BO1tmB7fPH0lakiuFgNrCwtbSfMYoQUNHLFJLrdmRdb3XSqgHbfuSbD547ngy6npKeBZg80p1TOo1BL8D2F9+e+O816qLOPLZogA/f8A7J0baaYRCK7TkN1GNyCvlh+mFOVUdGUyG/hBFr9sAnhkZI5AV8I1DTa255+eKaSTvlpqII4YuhbU6g6juAL32wvI2tSnCnAm/Fe3zu4olOZq5002cubqOx7jFqeJsryhw7aZJCOn57MCbYlZbTu84MbFWHDDDRiq8yrmSon6hgYx3IA2BPYYnyUW2dCUAECo8Mzqa7L2Wmq2imA8Ua2Gv27g+39cJUURkkBdmJ5JI7+d8LwSxUVdJFP/AONJCuo9rHnFZarL3mLRzqB/7MbXPnhTgoCAJgQOpTpZ442EVQVueDbnDHUpmcxul+4BFxjLZvm1G8qU8H4zRtqaS23sD3/bjHCV7VIXrSUqRqLKjta3qdxvgVwPQY6iCUOwY3S5aJ8sOZTqHdnLIg4Kjtb3Bw1RZs1VMaSKMQykE6pJL8dhsL4HBmklRRCGCFYljARdTlu1vLEV5GaskhgYqQ5Uyn8xIPa3A24GGcCxIaMo16u49LlNbNVu0cjbklmHhwnXQCiJilDTPcE+Lce5sfTBXzPM0iaIVhC7g2UA/O18Nw0Bly+Azyai+qTV37sbnv8Az4GCUrkYW73qL0eW1+YZU5i0pBIwJRdtWm4Fzz54QjoWhqOjJFqN724vjW5JmFLDS1FJTpJeF9ywHfaw39Prj0whoqvMiiExK4RTvut+fl/L4AZ2sjxFggG2HUyTZdLT0aySRlRrAvfzH+MU6uJctyQBt2qCuw5tzf6Yr/amKNMqp9AteYMD5eE4nzZa2ZUvWMp1wAR2Y3AAF9vnjgy8wGb3hJtbXUBR1tJRU3VId2H6FXc+t+MBoJqytknWnk0dViz25F8NZbS9JQJCGjNwVtx7YSraR8szBmp5SjJ4lI8vL14wShSxA7htyuUl+zzrATIgcEA3tia+WS0bNJEvVRDZ04I9sW8n+1fXC0dZAWlAsJE4awvcjsbeX0wxLEEzF5VAAYWYefOA+pkSw0QrFjuZ+npqHMmMcWqKoH/U217C+3b+XxPrMvmp5CskZBvttz64q57QxxA1cA6ZjCvsbWBNtvUHjAKjNGqMuVXBNRA6qzncMGBIPvsP4cVIxIDLBJF00//Z',NULL,NULL);
INSERT INTO `material_attach` VALUES (27,356,NULL,'E://201807//20180706155218_276.jpg','Chrysanthemum.jpg',0,'data:image/jpeg;base64,/9j/4AAQSkZJRgABAQAAAQABAAD/2wBDAAoHBwgHBgoICAgLCgoLDhgQDg0NDh0VFhEYIx8lJCIfIiEmKzcvJik0KSEiMEExNDk7Pj4+JS5ESUM8SDc9Pjv/2wBDAQoLCw4NDhwQEBw7KCIoOzs7Ozs7Ozs7Ozs7Ozs7Ozs7Ozs7Ozs7Ozs7Ozs7Ozs7Ozs7Ozs7Ozs7Ozs7Ozs7Ozv/wAARCABuAG4DASIAAhEBAxEB/8QAGgAAAwEBAQEAAAAAAAAAAAAAAwQFBgIBAP/EADgQAAIBAgUCBAMHBAICAwAAAAECAwQRAAUSITETQSJRYXGBkaEGFCMyQrHwwdHh8RVDM1I0YuL/xAAbAQADAQEBAQEAAAAAAAAAAAACAwQAAQUGB//EACoRAAICAgIBAwIGAwAAAAAAAAECABEDIRIxQSJR8BOBBBRhcaHxI5Gx/9oADAMBAAIRAxEAPwD6rhipAamGHUFUnpKO/pjP09dPX5prexLDSB2QemNBJMDHsbqRvfEeOhlpswFTEo6THUyg7i4x8njdSCW7n6Vj0Ny5WQaaLQDtpABPY4x1PVNT1ZPANwRjWTZlEPwZFZuoSpI7YylTAYcybqA2Vi4uNmHPyw38ObBDTYuQFGaylqFqqV4dR8S22O4x5l/XlRJJwUspBU/v/PPECirZFq1VP+077ceZxWfNj1hAqGw3JPJwlkZbAmbGRYXzPM3dljVQtww0i3F/LBMlymmpomqJbST3uzkcG3A+B+P7cTyrLRySJZtA1DvuOfjyMOQNooo1Bt4b7eZ9MAzMEoQHB4ASZ9qIlqKWGUsUZJCqBRcbji3wGF6J56WlIapeVALBX3HkAB29vTBc3cyyU1Kkeu7328x/vFGDIWqD1qiQqBwAdgPjzz9cPD8MYBM3oRbaRGgXM8xFHAjQzt+eRR4dNrkkenr6eeKC/ZuFauVKaskh6aC5U3JY8X+R2xzW5VLTZjFU5XO8LdJlcnxBrWsDfz/pfC9HFnma1BqYpkp7WDSXsCLA2099jffDLLKCp1B5Mba6ESNHSirZ6zODTVaEgj7sTrG9rEGx2A8u2A5tOhy6mp4mWoeJ2OobbEk/Pi435wfPoKJ3s2a008xBNooz+4LAH3wjSrlk1AKapkeGaOTV1r7sD27j/WHgWFY+P0gE3fHd/t395sJaRurJJboweEItrk7AH6++AzTWUm/I3wlLXz10Eky30oh0qDuD/wCx8gMKy1ck1NrVdwPFZhscQfSJ7lKoejBz1YMIKm5U2+WPnnWtSAMbPfQx/wDqSP588By2QCrmn/XDE8qX41Dj++E1n6a3AF73uRfFYxi6HiM5Cbcmmjy2SngVUULsB5+f0xlZawPIzxlmHfULEf4wajzCfpu2l3QLuQLhffCELJHI87tpUlgqab6v8ev774DFiK3ygKOH3lKmrV+5TrK1g9wNrmx/3g3/ADfUkCwwmOJbDxvcj5AXxFXrOkjpCxgvbWFNlPYavjjqkca0U2te5vg2wrRMIcWM0mS06PVvVzuHYgaQRbT/AA4u1VWqwNptoA4xm6+oaio4HiO5a2523/1jqonqf+HWuI1Rg8C+54/fb4YjbE2Qg+Ih8YZgxM8rc0fpmnhAM5Fm1H8vfvtxidBVaaWSlzBJ40UDVKl2Qi+2q3rYD4Yr5FkUU6mqr/xJZN9J/Kv+cd5rltGK2GCltAzIxkKAiw4Xbi9wflhy5Ma+j+ZzmOXFdGQMkoaSur542fwoA3dfDwSb2ta4OHm+y8E0jr97ETox8LLe47EWP8N8N5fFTUFZGTIjlYzDK6qFUAm41dhe1vl54mZ3WSVGYsq6yyADUjcj1HbthzFmb0GZQx9JniZbUIvQLgpMbiaxGkAE2I7XsD3HHlicJXhfp+IMDa3ripTTFY+lSZxGh28M4KLb0Y7YmmIVOZyLPULGEZjJKp1iw7jfe+3zwaXvlDL1oGFeGSE6+tCXmVkaNZASNuT28u+EGZViUMvjJ3JPAx88qGSQQI5DLYBjcjceQwITMsKrsDKeT5fzfD1UxD5RC6nZgLEaNjftgotOSzSxxIuyg38XtYH6+eFRL1JGBd5JNRF031+frjhZF+8LrDpCPTfbsMFwi/rgAbjmttZU8IdPoMfI4GlluDc7+m1sBaYLLJeMqroRpbe18fDVZAu6gYHjHjLvUsMtRmM9JSqCsbC9xuAL2Jt6W+uNRXVEK0i0cUZZFTSES5NgPnjKUVY0GlkCsyqbkncLuSP3xSp85hiiBZvEey8/H6YiyBhpRqOZLNyxlzTUNGDOtntxe9sZmozpoJKmc/8AzJGIUbHT2v8AD+mGzmbVbgX3IsFGwHvfHdN9lqOXTNJNLIW8TbgBvPthacEJOWKyKygnyZBjrqhsqNBEGW7b6T+cHm/rwPbHkc0uWknbruACGF9K+o8z/T1xppqXKcse0YBl/SinUPrjJsVqa2olDXWSR2Uk8jUfPFmN1yWQNRNEFa7g5IWKhi9geNsGghkaKWoJURhdLM3c3GwHn/nHrqUVopBpZTtv9MCWKUQsvUSzm4jubm199gbd+cOskTMvEggf3AhFEcjCTxFgAPTzwaFY5IKxEjjqpAvgYtpkQA3LAbg7c+XIPOBxGRKtRl4lE5tp3uVPmLcYOVeKiaNnibRyAFJv2sb3PPbbbfDPMmChr/T581B1FPHs33xtUUf4aLzfw7cbbMTf0OBzpC5eFGkA6hEa2vpHnt3wvLMzXeRgXACKL77jY+1gfoMPUojlt14y8u4UK1ueNrHfkfEe+DIIFmArLkdgB3AagwhM0zHc6vDuN/PHqTHdEOosdzg7RNVSdIpHAsaXVWIFyLDt33vgNFBoIaYAICQbna/uMASKjQMgcAf737CVaRI6aJ552BUoVW1/zEEAe+PKbqLRyyppULYG6je/bA/vMZpPu0QJMj3J5sBxjss0iLl8Z0ESfiN5ngfz+2JCD5+CekCB1G6GdGYtJ0UKjw2jAv8A3x5WZvWIgEpeJG4VRbV8ccGkXK5wKtg7W1IiX8Xlv24tjpWqK+oWSaElF2VQNlGFlV5ciLEImxqTJKp5AygW1ixJ5tgtDRipjI1AaD/r+vyxs6WhppIenJDGR3DqCMDkyiippg1PBcsCNK822v7jj+HC/wA2tEAVJr9e9zI1uqOcU1VTvqvZSo8X/wCsDp+jT0tapVuu6ARav0+LxeY4/nOL9YsEFK8z6WniUlmDXMaMxsO9idlB7e3Oddo465J5EWRNJYAX07rt8AbbemKsbcxQgZRvkf6nFLS9aWFYpgOop6zOwAS1yfW1revOPBLLMqwqJfxG/DjufDfyHwHuRgSLTfcKpnaT7ySOm+qy6f1bW3/uB8e+pHG3iRl/LoZxZiNO/bgm/wAsUbuSo3QOh+/z2/mLy06NGjMbFd+wKja245Pw/fBkUqqjUwHbfbDbwSshpZAE6J1TKRZhYgC+3rbvbfAH1IimNfET+UEDbz59Tgi9ioa4QjFxPZna4R5y6AaVKXJB7AX3tjmnkeSMUc4cRCXW5BFxsAd/bA6hkjhUhF6zHcMBdTbscMZfSl3WonJMOrxMx59PpgDQWzOi2y8R8E6pZIoQdKM036C2wX1t3w+MvanNLLI+ppyW0nkDbc++OFqqBq2Sd42Ki2iNLi9hYc8cY8dquumErg6b2UKuyjE7Ek31LsYAqtyzmkEc5poNZaRVLfA/6w1l9K9KVLW0+Zx5leSuCHdixO5JGPc/zD7mqUtLIPvF7vpF9It39eMeft/8anUxYXwG4/mNTDT0LPIbX/KVI1E+nOIdJn9XFFZaN5WJ8TN3+P8ATExos0qn6vV6j9tXPyOBTU9W/hq2I7hXNgfbt3+uKEwKFpjcALWqnc1LLT0pWSUuZmDPfuRxvziYerqIjsR3uLjGoIp6qKWoVhfclW/QORhunyOCPKrOgMsnibzB8v6fPDBn4D1CZ1XQ6mLq4o5gCjX0RrqFu9gD9ceTVLMlM7Qr1YiNLaQSd+T54dellgqZkTfbSwH6gT/cDAyZadUM0akg+Esu4F+fX44rDg1J3wnZ6v79eYnNII3kYTa3BO1tmB7fPH0lakiuFgNrCwtbSfMYoQUNHLFJLrdmRdb3XSqgHbfuSbD547ngy6npKeBZg80p1TOo1BL8D2F9+e+O816qLOPLZogA/f8A7J0baaYRCK7TkN1GNyCvlh+mFOVUdGUyG/hBFr9sAnhkZI5AV8I1DTa255+eKaSTvlpqII4YuhbU6g6juAL32wvI2tSnCnAm/Fe3zu4olOZq5002cubqOx7jFqeJsryhw7aZJCOn57MCbYlZbTu84MbFWHDDDRiq8yrmSon6hgYx3IA2BPYYnyUW2dCUAECo8Mzqa7L2Wmq2imA8Ua2Gv27g+39cJUURkkBdmJ5JI7+d8LwSxUVdJFP/AONJCuo9rHnFZarL3mLRzqB/7MbXPnhTgoCAJgQOpTpZ442EVQVueDbnDHUpmcxul+4BFxjLZvm1G8qU8H4zRtqaS23sD3/bjHCV7VIXrSUqRqLKjta3qdxvgVwPQY6iCUOwY3S5aJ8sOZTqHdnLIg4Kjtb3Bw1RZs1VMaSKMQykE6pJL8dhsL4HBmklRRCGCFYljARdTlu1vLEV5GaskhgYqQ5Uyn8xIPa3A24GGcCxIaMo16u49LlNbNVu0cjbklmHhwnXQCiJilDTPcE+Lce5sfTBXzPM0iaIVhC7g2UA/O18Nw0Bly+Azyai+qTV37sbnv8Az4GCUrkYW73qL0eW1+YZU5i0pBIwJRdtWm4Fzz54QjoWhqOjJFqN724vjW5JmFLDS1FJTpJeF9ywHfaw39Prj0whoqvMiiExK4RTvut+fl/L4AZ2sjxFggG2HUyTZdLT0aySRlRrAvfzH+MU6uJctyQBt2qCuw5tzf6Yr/amKNMqp9AteYMD5eE4nzZa2ZUvWMp1wAR2Y3AAF9vnjgy8wGb3hJtbXUBR1tJRU3VId2H6FXc+t+MBoJqytknWnk0dViz25F8NZbS9JQJCGjNwVtx7YSraR8szBmp5SjJ4lI8vL14wShSxA7htyuUl+zzrATIgcEA3tia+WS0bNJEvVRDZ04I9sW8n+1fXC0dZAWlAsJE4awvcjsbeX0wxLEEzF5VAAYWYefOA+pkSw0QrFjuZ+npqHMmMcWqKoH/U217C+3b+XxPrMvmp5CskZBvttz64q57QxxA1cA6ZjCvsbWBNtvUHjAKjNGqMuVXBNRA6qzncMGBIPvsP4cVIxIDLBJF00//Z',NULL,NULL);
INSERT INTO `material_attach` VALUES (28,356,NULL,'E://201807//20180706155218_220.jpg','Hydrangeas.jpg',1,'data:image/jpeg;base64,/9j/4AAQSkZJRgABAQAAAQABAAD/2wBDAAoHBwgHBgoICAgLCgoLDhgQDg0NDh0VFhEYIx8lJCIfIiEmKzcvJik0KSEiMEExNDk7Pj4+JS5ESUM8SDc9Pjv/2wBDAQoLCw4NDhwQEBw7KCIoOzs7Ozs7Ozs7Ozs7Ozs7Ozs7Ozs7Ozs7Ozs7Ozs7Ozs7Ozs7Ozs7Ozs7Ozs7Ozs7Ozv/wAARCABuAG4DASIAAhEBAxEB/8QAHAAAAgMBAQEBAAAAAAAAAAAAAwUCBAYHAQAI/8QANxAAAgECBQIEBAUDAwUAAAAAAQIDBBEABRIhMUFRBhMiYRRxgZEyobHR8AcVwSNC4TNSYpLx/8QAGQEAAwEBAQAAAAAAAAAAAAAAAQIDBAAF/8QAJBEAAgIBBAMAAwEBAAAAAAAAAAECEQMEEiExEyJBUWFxMpH/2gAMAwEAAhEDEQA/AOYrsLFvTtcDE1UkEhbgLub8Y+ETouoBdIYblgT9sTii1Fdw23GoC3tc/wA3xhbMLPBHfUTe4404eZOjRuS0igGPQFI779h164VrHKrBAiXW5uhDE/PfFsq0f/VZwxsdK7Di4427bYXfQLoDmVN5zlYyxcElSu53vyOnTCiogqaeMv5moAergW7Y06HVHZZZmjOw1GwvyBubdsQlpzpEgAjdDdWXYk9LW+WBHKkGMjHGaRuXP02wNyzG7MT8zhnmtAtMySRRyKj31XsVDXvYdtrc9uey0gnbG2EotWjVFrtEMegE9MFWMDnc4lxthtwdwIRsd+MWqaaqpifJneMMQSFbZrXtcdeT98DG2CJ37YSTtUxW7GS5l5qjzobOB+OMc7C11Pvck368YKQjLZHDDm6gjp774XwsFFzycWIATqN7b4zvGvhJxRYEYW5J36HExEvIsOPwjn6YjFm1DKwI8zULD1qBb7HfB0zOjiXaNiwG141O/uT8h3xLbP8ABPZIlHBJe5UkseQd7/XB44IpDrjbcHpxfrvxgE0YzFovS0aMLqqm59Vr9PbE4slRZbCokiQi7WO5F+AfnbCcfXTCsdjKCiq3KhlLlhbUfV+Z44w5pfD9ZUMSyi+xuW/wNuMUqCSSMs0SJG19gosNP8/QY0NFXVVHTMiqqszai7Dfgd/l+eBj0+bLk21x/wAKrFFf6EE2STPRypXU6BSpMkaPqtY35sDfb8sc/q6aCAhoJzIjEjS66JEt/wBw3H2J+nGO55XWBfMiqVaRpBcMx3uBwSf4N8FpKakK2SmEZPquq7G/Un3xfx5NPJwauisYxa9Wfn/pj4A469UeBqKTNJXWQqk9SKkq6X9QVrLzxqYn8vfGUzf+ndTQU4NFU/Gy6rMmgR7d92xeEt0d1UhWqMZ1wTrYYsZjRf2+ramLaniUaz0LEX29t7YrqPTf74Zik0vffoMGjlKD0/U4rg6idtsFXY2thBSgw0sGHI3xZirlSRHaISW5RuDiu+IAsjalJBHUYuW7NrlyF4RLImhlOyjhbYZpOJ6iGPozgAAdb4z2RZmxhCVO8RNtQFyh/bD+my+eqlZViKhRqBe4Hz/Tb3x5eSL8i/oiNJS5OWe4Ugdbi47fXGkfK4yqOVsG3K+/8GM8KnOSqxx1DKLAHSgG45PG3/P0xbo6XO6qpEq1TyaCASxsn1749bLlin68FFz2hnSUHmVjkqQii4+eL02WKbMlw44t0wPLfPg1GteTWZLtr9RANthbYAe374eOEBRVKtr3Ug/iHt3xPLq4ySfbQ0MdGampGtZgwI274BIjsdBiLEKSzXuT9P5zjTVNLFou7aWbb54VyLFGbzEgWtsL2HfB1OdvTWo2zow9uWcs8fZPGkAzKKHQ/mATWW1trb/W2MNzsQMdszOirZKaoqaWmeQoupIQwDsO2/X/AObnnkmZZjLmVQWmRI7cWG4HuecSWTyJSqiU40yig+mDgAKDviCoAbNt74sIoA07G3XAJsrT0KAHQxuO5vgMGV1VU4WLyizEgK06KTb2JB+uL01gDfkjDTJfDD19AuZrLHIQ5CoGPoIP+63B627Ed8HG5NBhJjTIfD+YrTRSzUhYx3CmORHUleN1J9h88aWEx0la7xQrKpjKhb20nY8c32tbnf2wvyqWXIMy+JcKY9BSRRYllPb6gH6e+L9PmVTX19TUjy2ptKGGyBbH1BrdQdub97dcZEpTy8dl1SQ0y7NaPNafzaVZYnIuIZYyH6X2txcjcXHvyMaPJnUa6RiokPqW3+7v/P2xzienqUqviIXeNwPS6+llvyAb3xbp85CVkb5iahJYyLT05AY/TjjGjwtTdPsKyflHRKiK7lVBv+uBU6VNNqIqfKQngi4G/Y4oR+LaMxyTmhnQlrGUrGTIttnNm49uduMD/uhzTyUh3Ri2plGjTY7bXJufbix42vgntxS55a/Ze1JcDCGaWsJf1HX1cWNvl0/X9MWHoVMOokKR1OMvndNU0mTZhU0zOpigd/MVirAAXJBH+4Abe/tj7I86zTMspgqpJ51EqgqrIt/mbg7Hp9MJ5nkjukv0C0uDTBV+HdSpOkH0qSCftjhPiukr4vEtUcyKPLKxcMqhQyXspAubbC1r323J5x1qSorBdXqnQMwJXTpA+q2+wxzDxdmk9XnUsZqI5kjTytSJY7EnSSdzYnvz3tfGvTSTg+SOZmfWIgcki9t8EVLC1uPfHsswEd2AULuT3wOlrKaWRxI2kjca+Di9urMnL5PH0qrFt2/CB/nfFrwfUVEPimjigq/hkllAl1H0uouSpHBuLge5xRnbawHTbEcpkWHPKKR20qlRGWJ2sNQvh8Y8DrU9DBnWYNAkbaVA8yRW06f3640tPQUyfhRQFULoVQAAOOm1unzxzTNPE1NDUP8ACVCFiLh4pbkad+nGNZ4H8TTZ3kJqawqZ45mjJCBQeCPyYdv3rocVqUJLl/S276M8yyV2QNToBc9Ol+p74Q5pRqkTI3pZf0xspK9IaNyELFBe3U4RFRnUc1SsbRwqdCpIAG1bXJt88LkwPE9zC2pcIhS5VHVUlHBHKB5kCuoZr6ja7W/b9sD+DSneGppndpIJSqFHsjXB1XHUXC9uOcU6rMc3ppFKzJKItrSxq11uDa9r72HB6YPVeKqfLKeljTLWrfiGKay/luCoG7gKRc35Xb2HGPHyY3KTa+lFQ0kjnnoIqeUvNGdQkRTpU3P4WC2BGk2s2xHc4sWShpkpxGI441CoB6QAANh7DYYpjxPmMMdqXLqen3sWkJc2+lsJPEfiHOTRLVO8LJGRqhXUqtvbchgevF7bDbF8WinW5y4C5o2ck8VWixrATGACJWHPsMcT8b0X9l8SzwU6okMwE8Srb0Br3FgABZgwA7WxpM98e1tJR0j5NBRIk8d5xpJkDjkEhtufn7453mGaV2bVCTVs3mvGnlqdIXStybbDuTjZhwqCdiTakCWSRJhIx19w24I7YeU1MtJEKgUjMJ7HSdmX79MIoyglQy3KBhqtzbrjXyZl/cpA1AvoVbAMLbYbJdcE2KJ6ZWi81ZUsNtr7H6jCuaMKx5tftjRtS6ogth3tbe/8t9vutnowYzySGIJ5tiOOddmeMqFN16LjS+FfFcvh6nq0NC9ZC5VtIlKLGdwTbSRvsOnAwqioo0kVmOva+m21/wDIxdTQoYBACTq22BJ3xdah45XDsd5K6G+Zf1Az2eMrTUsNHHIbJYa5ARzzsf8A1w38B+K8pyjJamkz6vkgqpKtprSxSOzKUSxJAPY4yiq8oUra3ABIGBtDEbufKLkdV1G9sCWqnJ+/IFlrs7FHPk+d5d8bl06VEJJXUARYjkEGxB+Y4IPBwiX4etzdY0jsKNiSxve9h0tcdDfqOLg45rAa/LI5HoK6qgZralhLLrtxex3tc841n9PsyWSmzCKsmAkjf4h5JZPUykWYm/QaRc/+WK6fHinJV2W3bjYVTeVGXYrova3fGdzqYVGXTUoQu0jKL+wIN/ythZnfi2avqLZfoFGgsrup1Od/Vbp7Ajp72xXpKr4tddVLI1QlwbG119rW69P+caMuoxQi8cP4TeRXREZXFItpIGe+1gw/XCbNMljha9D5ruT6omX58Hrxx+uNKNFgqTFmv+FuD9/8Youks9VMpOnTY6lNipvtt9MYrpWDdSMXIbG2DwVVQq2WVlAFgBth7mOQNVhquJgJiBrS2zN39r/XfsDtQkyHMKcvaAzKpADxeoHnpz07bbdxelpopao01R5EECyq5AYDSNuD/ncD5fkidmvc+onZsHkdpvLjc3INgT27fp9sBIIVmPI2JB5xh4+GSwd9ygHte298fcgNwBtv3x64IWM35G2JoLrISLaTY2PuOPucEBFHcSeq4tY2Ptjy4vsLjBGiIkboCl/ytiY0p/pBdhuT3+eDRx95Mykhgo2vueRitPFI4lYyyhnQJZWurAEEAjtcA/S9sFLeokX223x7EC8ukWuNscnt5QU66KNExjkMEg03BI1ADe3v8v5fDWIsrkgkPsw4BDDn+e4xSqYDVMIy5DJsov6R9OmDUlZ8UA5W0qt6ui3N7FQLAccew+WHfsrGfKsdPXQyUXmuhJVbutwSPcDtf68e2PsoQzIEsbsCR1Bawt+QOFcijz4luyI0im6ncBrbe+x/l8NaZQrqup7k3547W+t8K5XR26xggaN3ivfzONWx974KY4ZncT22tYD5YhqM63J/1o1DA22Pb5YPF/qKLAXYazf3+WLLoof/2Q==',NULL,NULL);
INSERT INTO `material_attach` VALUES (29,356,NULL,'E://201807//20180706155218_892.jpg','Koala.jpg',2,'data:image/jpeg;base64,/9j/4AAQSkZJRgABAQAAAQABAAD/2wBDAAoHBwgHBgoICAgLCgoLDhgQDg0NDh0VFhEYIx8lJCIfIiEmKzcvJik0KSEiMEExNDk7Pj4+JS5ESUM8SDc9Pjv/2wBDAQoLCw4NDhwQEBw7KCIoOzs7Ozs7Ozs7Ozs7Ozs7Ozs7Ozs7Ozs7Ozs7Ozs7Ozs7Ozs7Ozs7Ozs7Ozs7Ozs7Ozv/wAARCABuAG4DASIAAhEBAxEB/8QAGwAAAgMBAQEAAAAAAAAAAAAABQYDBAcCAQD/xAA5EAACAQIFAgQEAwcDBQAAAAABAgMEEQAFEiExQVEGEyJhFDJxgZGhsSNCUsHR4fAHFRYkM1Ri8f/EABgBAQEBAQEAAAAAAAAAAAAAAAIDAQAE/8QAHREBAQEBAQADAQEAAAAAAAAAAAERAiESMVEyQf/aAAwDAQACEQMRAD8AUpRpa2oG5ta/TDNlOQ19fGi01NIwtYtoOkfU9MFcn8EQQQpmniJ2ip//AAyoDOOLk32G49/ywYzHxjlcEcVLKIkDAq0IdwkfQXIBU832B4B7Eef479rW/iPLfB1JTRSPm8oldRq8inJZgPe3v/8AeccHJ/ChBZcxqEjuFu6d7i9yB1B3427YET+NEq4xaOSB3fTeSo0svHGk83AG4v1uccxVzVIlURLokIDzRNubjt1sO3TC+ME0f8e8PVKiKjrG1+UXU3uAN7n32/TC7nORTZXUsAjNByjnqP8AOmAtbSyrQAUVVUIzSKiHyrtIDchT3ubAk9OebYbsqzynrcrFLm0SSIVBSWNlLad11enYcEi3c7c3y8yx0LcFM086xruWOHigytaShDNsSMVKHw7LT5h5kamaE/I67/Y+4wVzOWSGmayN6RxbjEcur8ZJpXzipWR2gZivY9sDWgcRxygfKulv648qGaeUuQdjbfEpmM1MY2B1KvIOxGB1PxPr30NK3vjkxgYsBLg3GLFJl8tY+lEYqSBcA8nC3BsCnW+4H44no6dpHay6rDrhrh8FpIEketp0ia4J1XO22w732+xx7/sGX5bZ584RFfZGWJm1cHn7g+98K89WeQVTxfX5lmdqWljeOxsGuUQdAew5tuSMZ3XGsVnijaNtTandFFk6ekWsLjrt1+uNCzJnmncOwWMXu5vYHgbH7cb8YRvEVbpLU9OfSTYuWFvtb74tCoHHNItQA29z3BJ6fMf1w+5ebUEVTVUjs25ujkMBpttfa/0thPyuk86TR5TN1DRqW/HbB+tzB8py+JVusgYt+1IPH222t36YcGu6rxClLI01O7sYYyIviNN4L3uRc329VuvrGxvuOyOoqpMzSKFHPmugMYAUIqgWB0jY/MWJ6264V3qqjMZ44ad/MqJxo06QFj4+Xtfe9ubnbu/+FcgNBEtTPaSN/VMwD3NjuAV7gkG/Fwd72x1mRku1o9HmMeXUKr5N7oG80DZjY8243AA67gm2O5PFCGNm81ET5VJGn1EX5PJ7i1xv7XBvQVlDVww0cxjaVgiBk1ooOkh1so02Crtf3vsb/Pl0lfl1IS121NdBK6qpYAqNt72vsAexItgeqeCVTntFWyLBU08VQpksfMIWwt86nfYn07dR9jJFl2RPFregClbLJpkZSrdiCbD63N8BDl6ZaHElUYELFWZJAbIygqigA67XsBvbc+5oyVFXDWRTjzZTIRoj31k7ixBGwJudvTtbcbDM/WmWo8N5GiKRXSRBhcByDf6cdx9cL2cZ5Fk9TDSZZOyADU1QbGxO1uLdQbavcnbalW5/OlK04EbysASS/oj2uWQA3BsLD2IsQNgleLc5jfNaOaJ5dKMslyuksQxLEHVcb2HPThbb7OZo36O4qKbLkOmtctBGqw+TpkmYXPzgbKLi5v8AMGUAggnHlT43pactU+Sgd5CoMczF2HJJ0sDvt+AHAXFTK5csSCKKJkkVVZysQDaLtbSSN/4SA24B9jiGtqqWqqStLSRLCu5SRLamJPq4/l1GGOrlbBJ5PmVEhkBGyqlunT7dd8KecQPc6gIVBsFXdz9TjSD/ALfVQvNQsVl6o3qO315/t7YUswp46ORqlkMs7k+XrF9I72wI2oMloa6npVqVAiDfuyDUf6Yp+JYmaleWVRI7XAa+y/QYYsuqi9JdnDvf/uNYX/LbAjN9NWRGdbWNgo7/AFw9D7D/APTrw7LOXzQwFykmiO25BAvbsASQCegv742emymChpow0oppNriJgx12A5IuNgP7XOBmQZFR5ZQ06ylUSNAGimUAM5Nyb2HWw3vtfba+LVbmdRG/kp/1sdmSXSyhySQbDYbbkfryMZbpyYtVaK0cmhlZ44pCFQFXuF0m1hq1W+5v0FryuFbLwUSFuLFGMav6trEHYb7Anp0vsJWueGlV5EeeRrxyJqJGi5/dYc8GwAP2AArSZmgj+HmSQ6/SIVtd7DZdR4AI4uOotYgY5y/VwwwRsyFXVSI1dlaRUBsdVuu9h33JHuNlamooXnSNCpQoWJKaxZrKb7Pc6AeQSQCNycfQzpTxItVJA4JtcsVDFtixDD+NbdtzY3Av3VtLMkMkbJCE9AGlvLDC7XIG43tzbaw/9sY1n2fmWrSSGZoYmDFrNGEZFN29QBa5FgAetxuCRhNq5DYxsixPESHJ3uxPzdT0A77Y0yqb4XL2lWnZY1fQCZdTABgwBJt6b9rHfsbYzbP2iNWk0MICkKr6bhtQuDvxc2vcAb97XwuR6XckqHjitS+XGZAwZGj8xDweCdjtyLH1dhvxJl2dQ3lElRIjsdIR2e3Xc4LeEsvp5lExaN3UKSpFgNtiCBzuAed7nqMOEmQRVMKvldQKa1teokA7dwP6D8Mbgy4m8J5tluf5pqiTyqgDSi3srDrt3/rgtnXhwR1Ugk9CS/LIx2K9sZF4OzbyKomQ6StvUO2N+yfMqHP8rEE0iyXAt0P2PfE7PcUl/wBKMmVwUECkW0WstsS5flNJI61oRmWnOthtc23+2+COc+GKyCUPTM1RT8e6fUYuUPw+X0LNMt41AUrYG5JAHPuRucT2/LFJOfjei54i8RwZNPFltQKaRKiIzvFJG3mDgLptcA2OwIPbYYMUtJTIfLMTJDpbywzi4W4udxxYA26X++FvxJSZTWeIYM0zHS0qBVjVG1IwudNxwN9/64K57Mhp40MrokgvIBbVpsBpv0uSw77bWvioXE1d44ySkn+EWZpfK5kjh8xI7EbEg9bdO53xBFUQvF8VSTRyU8ilWcEEhdvTYfKeg4tYb72wGTMqOnozDAgjQ/uoNI262wIoaibKa5vILtSyhnUIQBG9tj7c9OMLA0frMwky+QTedFGFDBNPNz3JA4FuByLHpiGLNqiucguAjalIVCgTa1rXtbYbXAPa18CR8RmAZzLo0AMxC2Lgfz5t2/QbTeKb5gaR55oHkKAAKvli7LdWB59JPq5v0HTsd9m6WWnqnp6UOFmkfy3kFySLFArA2J5W5IH3GEysoY6qSTTqVTI7IjWGm9tyb25a22563vhph0xSPDV06STRusi+YuoSSLsbX7guORvbtvUzTVNTicGSSQhlkf5bjUd/7/THMqllsNDFELguQhIK2DKAbHbg7EH8cMyVFXAnoWGaMGxWNxGVbm4ud15HPTbbfC5kOWq1ZI63NvUArEXB6+3XB+GOanyhIEBMySWukQuQL3IB4ubX37e1lKNjE6R5YqpQlwxNiMaTkmdVOXwARMy2GwHU4H1uQQ0+YtXRxAhze/8ACTi9S0KjdAT33xK9TpTLzWgZD4yfyFSc33JOrpghnElLXULSx2XWjBo7bPtxtv1/LCZQ5LLUftIgtyN74NxSsyCmcuWMdiGFiLc7/TB3KebAfK8sfPMzNHOHmZCiPLMyn1LuQBwFGq4IBJOAnjbP4sqzmTLoXEiUoWFTYbED1cWv6i2GXLKuTKaiqqqTQJWudUnAubccgX3P1+pxjmcU1YZ5KmZ/OBb1uvAPvisSGKbxBrI1HZcG6OtTNanyodBABJ9m6WxnQ1AAj7Y0L/T2hNRHI8odFRxqNutrj8iOcKirxZlVUzLSpFbY6xIQoO/y727jnBOghooakZq9PH5sbCwL+rcXHT3FrX3264ueJ6ehkgPkMI6pL8tp123t9b79u+A2SK3xEbSyzL5d9cf8ROwI9r7fT6nBbtNcpkaqhljkjijBZ9SG+tRY29XYj24N+bY5nRXpyQw2uda7g9N+OwFsVTIpiiYPeXRYtvtxsPp6dvbriczGJE1K0lx1N7Hpc/5zjnKbZhDlVXRqVSJ5JPWqgqCB7kjB6Wo8ibz4HYgjSTEbE3sR+WM/zOpp8zzKYCcCFSETUAdhyR15N8Hss8QrDEFZVDqioW3s2kfT3wepc8Pm++iIjDgoRs3OKVMEhlZUkVgDYb4kzPMBQ0DyjeQjSgHU4TsszlqKv0VQ2lOxPQ4lzFO2qZTUiBwCoXURhjFAkt6mOyuR6j3wi0daHjDhxtuMN2T5iZkSNm2Pqb2AwOtLmgefZUIJTdbQVSne3B6j/PbCrn/heKbJ0qaJ2iMqgTxhtmYbE97nk41jNqamrsr8iS4HKkcqcZzmENdlM0kUn7anbewv9jboe/fFeevE+pl1ncGQVEcmgEXPLlfl+mDFbWVXh/KEpqGoKzSyXka/qY/y6fgMW66t+GTXHCXJ4A/ngJeSpqDUVji+2gDYL1sB/nJw9GjgqYTQLJMlpNJ80EBttvb8/c4j+JWGziPWrhixGxPBt+Nx98U56iM2QNZNrWHNsfRM9PJG2sG4sVsCb9+43x2swfinvF5hdxbazAAgc8/h+OKec5uaehZDIqVFR6EG+wt83O22BmZ53FBJ5Uel5n5UbgHtbAGSaaqqHklkJaS97i9vt0FvpjYxdiqSBGUp0ZSq2Nt14B/Qj8/rcy4v50msuSFA0q1mHv8AQ4owuE0eYoCINLAHkC3Xpvtbf+WLMphVFIAW1gCw6dABv2wmGDMoRX1KmnmLRr6UBG4Pc4Vs/ompramDX3uMOUGSV+UpKZ5ad5CSfRe36YBnJ58xzxYJJUCJKNQud+uPNLZ09eT4epcpqKqkpKdan0tIgIJ6jDjkuYEuSG9Om2+B9bQx1VOqgBWjA0HsO2KGVzPDKRc3HbG/aX81pbZnBBlvxMzny4145LHsMZ5n3jt5JCFy9QjbBmkttxvtti/ndfPBQxjZoiQDc7gnqMIWYUxmSOpD+uSMSR7WAvY+obg/2GHxB7qDM85mqnGiKONRwQSbfpgY9VVW3AHUkg2xNQSMyRO0cTI8nl3ZbspJ5/w4tTxoHkpnjVViksWX1Em9uvSw23xXIlof8VVtEQGCoOSBvj1PiHVl1tIt/Vp9Qv1Gx4wQkpkeoWnCg6pli9RLXJ63N/yGPqNHqWfQfXGplOokXUADSSOdvbHY7UVNRjVGHDE/PbSL788f57Y88py+gEqy2sQAFPf6d735/LtNE9MWUHUwUtckXYX633H1+vtjxS9QpLKh0WGk7gGw4v3uMc5IwiFtAsCQbltTDfuOOT2x7HIqE/tCehIFyTiD1NRJNrIjtci25s236DE8UZaUB3YWQabW2G3tjmv/2Q==',NULL,NULL);
INSERT INTO `material_attach` VALUES (30,356,NULL,'','zhengming.pdf',3,'',NULL,NULL);
INSERT INTO `material_attach` VALUES (31,356,NULL,'E://201807//20180706155219_19.jpg','广州塔.jpg',4,'data:image/jpeg;base64,/9j/4AAQSkZJRgABAQAAAQABAAD/2wBDAAoHBwgHBgoICAgLCgoLDhgQDg0NDh0VFhEYIx8lJCIfIiEmKzcvJik0KSEiMEExNDk7Pj4+JS5ESUM8SDc9Pjv/2wBDAQoLCw4NDhwQEBw7KCIoOzs7Ozs7Ozs7Ozs7Ozs7Ozs7Ozs7Ozs7Ozs7Ozs7Ozs7Ozs7Ozs7Ozs7Ozs7Ozs7Ozv/wAARCABuAG4DASIAAhEBAxEB/8QAGwAAAgMBAQEAAAAAAAAAAAAAAwUBAgQGAAf/xAA4EAABAwMCBAQEBQMDBQAAAAABAgMRAAQhEjEFQVFhBhMigXGRocEVMkKx8BQj0QdS8TRDYnLh/8QAFwEBAQEBAAAAAAAAAAAAAAAAAQACA//EAB0RAQEBAAMBAAMAAAAAAAAAAAABEQISITEiQXH/2gAMAwEAAhEDEQA/AOvaXrQEOpmMiaMFBJAQAieQETQkJGTjP0q6VQsEiQDXdwVctyFqWkApj9IwPavBJTEgia2NrbkHqKhxuTIUAIzTOTN4fuM0kSBmK9qyBUrSdXPOx61ZNtj1Lj2p2RnKxNraPEHQl1JUW0gJkTIKprUEx7VzNqhtXjAoC8tuumCQdwR07fzn1YbSkZM1W4pxUA7fKiIbUYnA/erBaU4AqvmgGNqNa6yChtGMfWraG4HpHzoYIWYFESkHnWbW5IhUAggD5VXmZI+NWUkUJS4MTQS5LyiN9qJq2GaytuY+1HDkjOO9bYGCzFF1qIzWVLmQTRC4IFCG1T7UVLiTgnaswWPvXioxRTKVNqI8WXK1NqKUt+hRGyoRJnuFfRVNhcAkgnFJWRPim4UQgksQCUeqPTsrp2+Hs2AHMbUj0XzByzVCo715JAO2KklIGwo1YuhZzGK9rc1YOKEFiKjzYPKojh1ZOaE64Jzk9qGt4RyrM9ckc496sOgpMg7ZGaKFDTifekyOKtgSYnbJq54sA2VJSCeQ1VvGNOAobUQLMUiRxhGkFUSR9aIjjCVbchJowadBQjepLm1JHONhhQCkTzMHb+RVRx1tZIiIyZOw+dGHWplYHiF4pCACzE6jqJ9PLpBGf80zDmd649ni7H4qu7QshxYAcQSQkgJxnYn/AD2FMjxyNJ0SFdPhRilPlOYgmqKcxSX8Y1JJCNontXhxcFIMAz3pxabFzpUeZ3pQeKE7KSMTuKEriiklRVskZIg04TlTk43+FAWo9R70qHFitsKR6iR+XY7xXhxJShqQTvntUiNLig76LdxvlLsH6wMVLlyGmwj/ALgxKSkjl0+O9b1XBTcoaUpCUqTPq/VygZ6x12NDbtbN64UpAJUCHJQVCc76h3nnRqxgVeJEpmRyBorVz6SUqShS4B0/p/mabseGXYS4LS4U0UgSoK0gH9WM952oh8L3K1ybd4J9RCdClaSE4GSY9QiCJmd6z2XWkL10VAoXuBCSBvt9qEXJWTkSDlPf/wCUxVw4t3ai8CtKifMhRC57cv5GKOr+hbSs/hhfVoSEgukTAzknEkAY5H53ZSMSrZLdkHWlJCFkKVIzIAVpBnucbwDnEGgv21NJRoyk/mk7fCjumyQn/o3isrlKElK0pAmRlI3J3zGOmmsS3lG4UlTSwDKwmZ0CCcEY9o7Yo7LB0vKBSQFq3BBT/O1CVdcQtQp6xdebKJSpbBKYTuQSD8N6K1Zm4bedQ+462hJIDQBUcgAlJVtEnE/ejsvoPD1sMWr7qnUwtaETkiCqIHPYVdj1Et7x+54Q5d2q1JfcHlqUj8yhIkHnkUsdun0r1KUc5JcglZknnWuyYsOGMpSOJXBGFLSGUkpgiQR5hPsKNd2Hh5xhxVpxC4W7pVoC1QrzBsI0Rp7znl1q7HGG04xeuOot1C30KUNUWzYMTyITI+NaG3VobhYS65iZgxyO/cH51hddT5ZcDJCXJTqSn0glAkT1B+9WbdS6takr8pQJAKwTjUo8georWiO+at/CNgWLq4ct1PkRCX1OhMjMpClDTI3IjYcxRk+KfD9q/FilRBOpxdtbaQuAYSVYncEHI7ivl6r11LpCCltWmRCEkJBA35gc47csVRx3W4kBbjo80khR1ARGSBkdOpzmKxjevo994/aQLhhmySgBBCS8/lPpzKUz15HI6UnvfHPEbsulD5bQqPSy2G9v/KdQzM+/KkFnwu/uFJDFkpAESpcNkDOZGZyRgY5da1fga7ZbbLt9b+eY1NNKAcJxBAOem3Ks/jDnJuQ85ct+c84txaySVOKKieW5+FQedK/JubZ8v2q1OtnC23vSepjYdfhNXZ4t52hKbdZcWojQDmBz/f5VVnGrTDsx7VoSRvFKRxVgLR5lw0EqGXM+kx/tE4mJO/bqrun1PuJdWpuTjUlzBwN425fKhWY6tbbThSVtoVpMpkAwetYbi1a8yUtoBG0JFc+288ygrQ6tAOVBDkD6GedEZdvnZWm5cQhIKta/VjnIJoqh2hkktkwS2ISYzE7TzHY7VdfD2EtqUEDUtKgvA9Un6RyiKSC+vkARcKVMaFFtICu4EbfztWpfEL9lhIeVbqkYJSoE/tUV3bFvQHPSlCDkDJVudhnMRt02mqq4e062lLTjiSgmVkmF9wFAEf8APtnTxO51FRYQtscwdJjkdzRxxgpHotwT/wC/+Aatp8bOF+Gn3303CktlQUDJSfTGxmYPyO1PrfhVnw9KUKuCFg4bb/MSdx1M4pXxDxb5LhYQVEgT5TWFkfHl7ddjXNufiHEzNw6A3MhoD0++fvTdv1rZPjsLvxfbWzht7K1L74MBIyZ6EDbNJLnjvG31+t9pgluAwkypU8oSDBM7GNoNKVWNywdbawMEDSIiRnaqIt7l3c6d5A5d6z4rytEuEqUsru1O+bJChq/LE426/erOuWxZaDIV50QrQcDAgDedlEz1gDFGZ4UCZdUVHua3ItmUCAgSd6dYC4Yt0sDzZCgfTO4+NaXrZDyf9pggkDcHcVX0pVgRRdWOtZRTccPKJ0JAkfp2mZJIjpiBH7zjNxcWaVExpXAUZnMb5PfpFdAVcqQX9156Sm3bIz6x+rly/nOlIauT6XS4NZG5Mg/yPjVgVuvH+4lwKVhKZJPwxR+GcCvb6yXeMhJShUEFemYAJAEdxzp1xDwdxy4t7fiNjwoFk2ocX5CkAk5OEzJMRtJ5UfxrLJ6QOrWkJQyhJGnIOTO9CaDQX/c06tORnH2/5rQ7bX1kdPELO4tPMEp81gpOJ5kUN91Nq4UrbQsyfVqGfkfpSB7S0baT+WTGSa26o2EUkb4k42oBwBQ6jBpmy8HU64MTEUhqCpOakEAyBQUqzEVaSDUhgreKgq6HNCJyB1qQqaEnV6jFX1kJoKjirapEVlorduL20WpThUoTucp+VL0FGoqbVGrdJ2roVhJkKE1kXw5hwlQQEkcwINOrGfhPFL7g7ijbkBt0p8xO+qNv3/zXS8H8dXNq7qbeNukklTav7jSiTP5ZGmJ/SQTzmDPKvWTttK0OyBuDU26U3MNFOkkYI2FGT61LZMfV7L/ULhN+HLfijHlJjSpUF1tQxjaefSO9Hu/BXhPxCn+qtkob1KkuWbg0mMRBlI2zAmR8a+QPWq2QAHNzI7VVl27thLFyts7ShZSY9q3rFf/Z',NULL,NULL);
INSERT INTO `material_attach` VALUES (32,356,NULL,'E://201807//20180706155219_668.pdf','证明.pdf',5,'',NULL,NULL);

#
# Source for table ord
#

DROP TABLE IF EXISTS `ord`;
CREATE TABLE `ord` (
  `Id` int(11) NOT NULL AUTO_INCREMENT,
  `serial` varchar(100) NOT NULL DEFAULT '',
  `name` varchar(100) DEFAULT NULL,
  `create_user_id` int(11) DEFAULT NULL,
  `create_time` datetime DEFAULT NULL,
  `bill_time` datetime DEFAULT NULL,
  `deadline_time` datetime DEFAULT NULL,
  `type` tinyint(3) NOT NULL DEFAULT '1' COMMENT '1-purchase 2-sell',
  `status` tinyint(3) NOT NULL DEFAULT '0' COMMENT '0-未审核 1-审核完成 2-部分完成 3-全部完成',
  `comment` varchar(200) DEFAULT NULL,
  `direction` tinyint(3) DEFAULT '1',
  `company_id` int(11) DEFAULT NULL,
  PRIMARY KEY (`Id`),
  KEY `fk_order_user` (`create_user_id`),
  KEY `fk_order_company` (`company_id`)
) ENGINE=InnoDB AUTO_INCREMENT=511 DEFAULT CHARSET=utf8;

#
# Dumping data for table ord
#

INSERT INTO `ord` VALUES (13,'CGDD-20180127-001','',4,'2018-01-27 12:53:34','2018-01-27','2018-01-27',1,3,'',1,9);
INSERT INTO `ord` VALUES (14,'CGDD-20180127-002','',4,'2018-01-27 12:58:57','2018-01-27',NULL,1,2,'',1,9);
INSERT INTO `ord` VALUES (16,'CGDD-20180127-003','',4,'2018-01-27 01:07:43','2018-01-27',NULL,1,3,'',1,11);
INSERT INTO `ord` VALUES (18,'KHDD-20180127-001','',3,'2018-01-27 01:29:29','2018-01-27',NULL,2,2,'',1,8);
INSERT INTO `ord` VALUES (19,'CGDD-20180128-001','',1,'2018-01-28 11:02:06','2018-01-27',NULL,1,1,'',1,16);
INSERT INTO `ord` VALUES (20,'KHDD-20180226-001','123456',1,'2018-02-26 03:03:30','2018-02-26',NULL,2,2,'测试',1,12);
INSERT INTO `ord` VALUES (22,'KHDD-20180227-002','4500154656',1,'2018-02-27 10:24:34','2018-02-27',NULL,2,1,'交期3.19',1,15);
INSERT INTO `ord` VALUES (23,'KHDD-20180227-003','4500155239',1,'2018-02-27 10:41:24','2018-02-27',NULL,2,1,'test',1,15);
INSERT INTO `ord` VALUES (25,'KHDD-20180227-004','test',1,'2018-02-27 11:21:31','2018-02-27',NULL,2,1,'test',1,15);
INSERT INTO `ord` VALUES (26,'KHDD-20180227-005','test',1,'2018-02-27 11:23:19','2018-02-27',NULL,2,1,'test',1,15);
INSERT INTO `ord` VALUES (27,'KHDD-20180227-006','test2',1,'2018-02-27 02:06:41','2018-02-27',NULL,2,1,'test2',1,15);
INSERT INTO `ord` VALUES (28,'KHDD-20180227-007','PO80201070',1,'2018-02-27 05:06:20','2018-02-02',NULL,2,1,'',1,19);
INSERT INTO `ord` VALUES (29,'CGDD-20180227-001','HG201803004',1,'2018-02-27 05:08:34','2018-02-26',NULL,1,1,'',1,22);
INSERT INTO `ord` VALUES (30,'CGDD-20180307-001','test宝华8寸',1,'2018-03-07 05:18:46','2018-03-07',NULL,1,3,'test',1,23);
INSERT INTO `ord` VALUES (31,'KHDD-20180307-001','test',4,'2018-03-07 05:33:54','2018-03-07',NULL,2,1,'test',1,15);
INSERT INTO `ord` VALUES (33,'KHDD-20180324-002','',4,'2018-03-24 09:50:39','2018-03-24',NULL,2,1,'',1,19);
INSERT INTO `ord` VALUES (34,'KHDD-20180324-003','',4,'2018-03-24 09:55:17','2018-03-24',NULL,2,1,'',1,19);
INSERT INTO `ord` VALUES (35,'CGDD-20180324-001','',4,'2018-03-24 09:56:28','2018-03-24',NULL,1,1,'',1,19);
INSERT INTO `ord` VALUES (36,'KHDD-20180324-004','P080208087',4,'2018-03-24 10:04:21','2018-03-24',NULL,2,0,'16铜帽',1,19);
INSERT INTO `ord` VALUES (37,'KHDD-20180324-005','MC-99836961',4,'2018-03-24 10:06:42','2018-03-24',NULL,2,1,'',1,19);
INSERT INTO `ord` VALUES (38,'KHDD-20180414-001','P080208087',4,'2018-04-14 10:21:19','2018-02-08',NULL,2,1,'',1,19);
INSERT INTO `ord` VALUES (39,'KHDD-20180414-002','P080301052',4,'2018-04-14 10:25:55','2018-03-02',NULL,2,1,'',1,19);
INSERT INTO `ord` VALUES (40,'KHDD-20180414-003','P080329056',4,'2018-04-14 10:37:57','2018-03-29',NULL,2,1,'',1,19);
INSERT INTO `ord` VALUES (41,'KHDD-20180414-004','P080329056',4,'2018-04-14 10:39:22','2018-03-29',NULL,2,1,'',1,19);
INSERT INTO `ord` VALUES (42,'CGDD-20180414-001','HG201803034',4,'2018-04-14 10:56:49','2018-03-21',NULL,1,0,'',1,16);
INSERT INTO `ord` VALUES (43,'KHDD-20180414-005','P080329056',4,'2018-04-14 04:09:04','2018-03-29','2018-04-14',2,1,'蓝白锌/交期5月15',1,19);
INSERT INTO `ord` VALUES (44,'KHDD-20180414-006','P080404067',4,'2018-04-14 04:19:09','2018-03-29','2018-04-14',2,1,'蓝白锌/交期4月24',1,19);
INSERT INTO `ord` VALUES (45,'KHDD-20180414-007','P080404067',4,'2018-04-14 04:22:05','2018-04-04','2018-04-14',2,1,'蓝白锌/交期5月8',1,19);
INSERT INTO `ord` VALUES (46,'KHDD-20180414-008','P080404067',4,'2018-04-14 04:36:02','2018-04-04','2018-05-08',2,1,'蓝白锌/交期5月8',1,19);
INSERT INTO `ord` VALUES (47,'KHDD-20180414-009','P080404067',4,'2018-04-14 04:49:40','2018-04-04','2018-05-08',2,1,'耐盐雾/交期5月8号',1,19);
INSERT INTO `ord` VALUES (48,'KHDD-20180414-010','P080404067',4,'2018-04-14 05:07:42','2018-04-04','2018-05-08',2,1,'蓝白锌/交期5月8号',1,19);
INSERT INTO `ord` VALUES (49,'KHDD-20180414-011','P080404067',4,'2018-04-14 05:28:01','2018-04-04','2018-05-13',2,1,'蓝白锌/交期5月13',1,19);
INSERT INTO `ord` VALUES (50,'KHDD-20180414-012','P080404067',4,'2018-04-14 05:32:22','2018-04-04','2018-05-15',2,1,'彩锌/交期5月15号',1,19);
INSERT INTO `ord` VALUES (51,'KHDD-20180414-013','P080404067',4,'2018-04-14 05:35:00','2018-04-04','2018-05-15',2,1,'电咏/交期5月15',1,19);
INSERT INTO `ord` VALUES (52,'KHDD-20180414-014','P080404067',4,'2018-04-14 05:45:36','2018-04-04','2018-05-22',2,1,'耐盐雾/交期5月22',1,19);
INSERT INTO `ord` VALUES (53,'KHDD-20180414-015','P080404067',4,'2018-04-14 05:46:31','2018-04-04','2018-05-22',2,1,'蓝白锌/交期5月22号',1,19);
INSERT INTO `ord` VALUES (54,'KHDD-20180415-001','18MC000331',4,'2018-04-15 02:40:15','2018-03-19',NULL,2,1,'',1,18);
INSERT INTO `ord` VALUES (55,'KHDD-20180415-002','测试',1,'2018-04-15 04:20:12','2018-04-15',NULL,2,1,'',1,12);
INSERT INTO `ord` VALUES (56,'CGDD-20180415-001','测试',1,'2018-04-15 04:21:44','2018-04-15',NULL,1,3,'',1,16);
INSERT INTO `ord` VALUES (57,'CGDD-20180415-002','测试2',1,'2018-04-15 04:36:23','2018-04-15',NULL,1,1,'',1,16);
INSERT INTO `ord` VALUES (58,'KHDD-20180417-001','HB29637',4,'2018-04-17 04:31:08','2018-04-03','2018-04-13',2,1,'彩锌三价/交期4月13号',1,17);
INSERT INTO `ord` VALUES (59,'KHDD-20180417-002','HB29649',4,'2018-04-17 04:34:31','2018-04-09','2018-04-14',2,1,'蓝锌/交期4月14号',1,17);
INSERT INTO `ord` VALUES (60,'KHDD-20180417-003','P080404067',4,'2018-04-17 04:45:28','2018-04-04','2018-05-10',2,1,'电咏/交期5月10号',1,19);
INSERT INTO `ord` VALUES (61,'KHDD-20180417-004','MP-98825793',4,'2018-04-17 04:47:27','2018-04-04','2018-05-17',2,1,'电咏/交期5月17号',1,19);
INSERT INTO `ord` VALUES (62,'KHDD-20180419-001','P080412083',4,'2018-04-19 02:26:43','2018-04-12','2018-05-08',2,1,'蓝白锌/交期5月8号',1,19);
INSERT INTO `ord` VALUES (63,'KHDD-20180419-002','P080412083',4,'2018-04-19 03:00:37','2018-04-12','2018-05-08',2,1,'蓝白锌/交期5月8号',1,19);
INSERT INTO `ord` VALUES (64,'KHDD-20180419-003','P080412083',4,'2018-04-19 03:06:52','2018-04-12','2018-05-15',2,1,'蓝白锌/交期5月15号',1,19);
INSERT INTO `ord` VALUES (65,'KHDD-20180419-004','P080412083',4,'2018-04-19 03:10:40','2018-04-12','2018-05-15',2,1,'蓝白锌/交期5月15号',1,19);
INSERT INTO `ord` VALUES (66,'KHDD-20180419-005','P080412083',4,'2018-04-19 03:14:50','2018-04-12','2018-05-15',2,1,'蓝白锌/交期5月15号',1,19);
INSERT INTO `ord` VALUES (67,'KHDD-20180419-006','P080412083',4,'2018-04-19 03:31:43','2018-04-12','2018-05-20',2,1,'蓝白锌/交期5月20',1,19);
INSERT INTO `ord` VALUES (68,'KHDD-20180419-007','P080412083',4,'2018-04-19 03:33:37','2018-04-12','2018-05-22',2,1,'蓝白锌/交期5月22',1,19);
INSERT INTO `ord` VALUES (69,'KHDD-20180419-008','P080412083',4,'2018-04-19 03:39:10','2018-04-12','2018-05-29',2,1,'耐盐雾/交期5月29',1,19);
INSERT INTO `ord` VALUES (70,'KHDD-20180419-009','P080412083',4,'2018-04-19 03:41:17','2018-04-12','2018-05-29',2,1,'蓝白锌/交期5月29',1,19);
INSERT INTO `ord` VALUES (71,'KHDD-20180419-010','P080412083',4,'2018-04-19 03:48:33','2018-04-12','2018-05-29',2,1,'耐盐雾/交期5月29',1,19);
INSERT INTO `ord` VALUES (72,'KHDD-20180419-011','P080410056',4,'2018-04-19 03:52:47','2018-04-11','2018-04-14',2,1,'电咏/交期4月14',1,19);
INSERT INTO `ord` VALUES (73,'KHDD-20180419-012','P080410056',4,'2018-04-19 03:54:17','2018-04-11','2018-05-08',2,1,'蓝白锌/交期5月8',1,19);
INSERT INTO `ord` VALUES (74,'KHDD-20180419-013','P080410056',4,'2018-04-19 04:04:51','2018-04-11','2018-05-13',2,1,'蓝白锌/交期5月13',1,19);
INSERT INTO `ord` VALUES (75,'KHDD-20180419-014','18MC000440',4,'2018-04-19 04:17:37','2018-04-16','2018-04-19',2,1,'盆烤黑/司蓝锌/4月25',1,18);
INSERT INTO `ord` VALUES (76,'KHDD-20180419-015','HB29659',4,'2018-04-19 05:08:40','2018-04-10','2018-05-05',2,1,'彩锌三价/交期5月5',1,17);
INSERT INTO `ord` VALUES (77,'KHDD-20180419-016','HB29678',4,'2018-04-19 05:12:14','2018-04-12','2018-04-25',2,1,'蓝锌/交期4月25',1,17);
INSERT INTO `ord` VALUES (78,'KHDD-20180419-017','HB29684',4,'2018-04-19 05:14:25','2018-04-13','2018-04-26',2,1,'彩锌三价/4月26',1,17);
INSERT INTO `ord` VALUES (79,'KHDD-20180419-018','HB29684',4,'2018-04-19 05:17:26','2018-04-13','2018-05-19',2,1,'彩锌/交期5月19',1,17);
INSERT INTO `ord` VALUES (80,'KHDD-20180419-019','HB29693',4,'2018-04-19 05:20:04','2018-04-16','2018-04-25',2,1,'烤黑/交期4月25',1,17);
INSERT INTO `ord` VALUES (81,'KHDD-20180419-020','HB29693',4,'2018-04-19 05:21:52','2018-04-16','2018-04-25',2,1,'彩锌/交期4月25',1,17);
INSERT INTO `ord` VALUES (82,'KHDD-20180419-021','SW18040117',4,'2018-04-19 06:02:55','2018-04-12','2018-04-17',2,1,'蓝锌/交期4月17',1,38);
INSERT INTO `ord` VALUES (83,'KHDD-20180420-001','4800123264 ',4,'2018-04-20 09:07:37','2018-04-02','2018-05-07',2,1,'蓝锌/交期5月7',1,13);
INSERT INTO `ord` VALUES (84,'KHDD-20180420-002','4800124963 ',4,'2018-04-20 09:23:36','2018-04-13','2018-05-14',2,1,'烤黑/交期5月14',1,13);
INSERT INTO `ord` VALUES (85,'KHDD-20180420-003','4800124963 ',4,'2018-04-20 09:25:53','2018-04-13','2018-05-14',2,1,'烤黑/交期5月14',1,13);
INSERT INTO `ord` VALUES (86,'KHDD-20180420-004','4800123909 ',4,'2018-04-20 09:28:35','2018-04-04','2018-05-07',2,1,'蓝锌/交期5月7',1,13);
INSERT INTO `ord` VALUES (87,'KHDD-20180420-005','4800124191 ',4,'2018-04-20 09:30:10','2018-04-09','2018-05-10',2,1,'烤黑/交期5月10',1,13);
INSERT INTO `ord` VALUES (88,'KHDD-20180420-006','4800124191 ',4,'2018-04-20 09:56:57','2018-04-09','2018-04-19',2,1,'烤黑/交期4月19',1,13);
INSERT INTO `ord` VALUES (89,'KHDD-20180420-007','4800124191',4,'2018-04-20 09:58:22','2018-04-09','2018-04-28',2,1,'烤黑/交期4月28',1,13);
INSERT INTO `ord` VALUES (90,'KHDD-20180420-008','4800124191 ',4,'2018-04-20 09:59:58','2018-04-09','2018-04-15',2,1,'烤黑/交期4月15',1,13);
INSERT INTO `ord` VALUES (91,'KHDD-20180420-009','4800124464 ',4,'2018-04-20 10:01:35','2018-04-11','2018-05-11',2,1,'蓝锌/交期5月11',1,13);
INSERT INTO `ord` VALUES (92,'KHDD-20180420-010','4800124464 ',4,'2018-04-20 10:03:05','2018-04-11','2018-05-09',2,1,'蓝锌/交期5月9',1,13);
INSERT INTO `ord` VALUES (93,'KHDD-20180420-011','4800124353 ',4,'2018-04-20 10:05:26','2018-04-11','2018-05-11',2,1,'烤黑/交期5月11',1,13);
INSERT INTO `ord` VALUES (94,'KHDD-20180420-012','4800124353',4,'2018-04-20 10:06:33','2018-04-11','2018-04-28',2,1,'烤黑/交期4月28',1,13);
INSERT INTO `ord` VALUES (95,'KHDD-20180423-001','4800123652 ',4,'2018-04-23 03:53:34','2018-04-02','2018-04-02',2,1,'烤黑/交期4月2',1,13);
INSERT INTO `ord` VALUES (96,'KHDD-20180423-002','4800123691 ',4,'2018-04-23 04:05:04','2018-04-04','2018-04-02',2,1,'烤黑/交期4月2',1,13);
INSERT INTO `ord` VALUES (97,'KHDD-20180423-003','4800124353',4,'2018-04-23 04:12:45','2018-04-11','2018-05-12',2,1,'烤黑/交期5月12',1,13);
INSERT INTO `ord` VALUES (99,'KHDD-20180423-004','4800125248 ',4,'2018-04-23 04:27:00','2018-04-16','2018-05-17',2,1,'蓝锌/交期：5月17',1,13);
INSERT INTO `ord` VALUES (100,'KHDD-20180423-005','4800125294 ',4,'2018-04-23 04:40:22','2018-04-16','2018-05-14',2,1,'烤黑/交期：5月14',1,13);
INSERT INTO `ord` VALUES (101,'KHDD-20180423-006','4800125294 ',4,'2018-04-23 04:45:25','2018-04-16','2018-04-28',2,1,'烤黑/交期：4月28',1,13);
INSERT INTO `ord` VALUES (102,'KHDD-20180423-007','4800125294',4,'2018-04-23 04:46:46','2018-04-16','2018-05-17',2,1,'烤黑/交期:5月17',1,13);
INSERT INTO `ord` VALUES (103,'KHDD-20180423-008','4800125294 ',4,'2018-04-23 04:48:19','2018-04-16','2018-05-17',2,1,'烤黑/交期：5月17',1,13);
INSERT INTO `ord` VALUES (104,'KHDD-20180423-009','20160000040-104-1218',4,'2018-04-23 04:53:01','2018-04-02','2018-04-16',2,1,'蓝锌/交期：4月16',1,8);
INSERT INTO `ord` VALUES (105,'KHDD-20180423-010','20160000040-79-1217',4,'2018-04-23 05:04:45','2018-04-02','2018-04-16',2,1,'蓝锌/交期：4月16',1,8);
INSERT INTO `ord` VALUES (106,'KHDD-20180423-011','20160000040-84-1218',4,'2018-04-23 05:18:57','2018-04-02','2018-04-16',2,1,'蓝锌/交期:4月16',1,8);
INSERT INTO `ord` VALUES (107,'KHDD-20180423-012','20160000040-104-1219',4,'2018-04-23 05:20:22','2018-04-02','2018-04-16',2,1,'蓝锌/交期：4月16',1,8);
INSERT INTO `ord` VALUES (108,'KHDD-20180423-013','20160000040-79-1218',4,'2018-04-23 05:21:32','2018-04-02','2018-04-16',2,1,'蓝锌/交期：4月16',1,8);
INSERT INTO `ord` VALUES (109,'KHDD-20180423-014','20160000040-84-1220',4,'2018-04-23 05:22:56','2018-04-03','2018-04-17',2,1,'蓝锌/交期：4月17',1,8);
INSERT INTO `ord` VALUES (110,'KHDD-20180423-015','20160000040-101-1221',4,'2018-04-23 05:26:20','2018-04-04','2018-04-18',2,1,'烤黑/交期：4月18',1,8);
INSERT INTO `ord` VALUES (112,'KHDD-20180423-016','20160000040-98-1221',4,'2018-04-23 05:33:22','2018-04-04','2018-04-18',2,1,'蓝锌/交期：4月18',1,8);
INSERT INTO `ord` VALUES (113,'KHDD-20180423-017','20160000040-104-1221',4,'2018-04-23 05:34:51','2018-04-04','2018-04-18',2,1,'蓝锌/交期：4月18',1,8);
INSERT INTO `ord` VALUES (114,'KHDD-20180423-018','20160000040-79-1221',4,'2018-04-23 05:36:11','2018-04-04','2018-04-18',2,1,'蓝锌/交期：4月18',1,8);
INSERT INTO `ord` VALUES (115,'KHDD-20180423-019','20160000040-84-1222',4,'2018-04-23 05:40:26','2018-04-06','2018-04-20',2,1,'蓝锌/交期：4月20',1,8);
INSERT INTO `ord` VALUES (116,'KHDD-20180423-020','20160000040-80-1222',4,'2018-04-23 05:46:30','2018-04-06','2018-04-20',2,1,'蓝锌/交期：4月20',1,8);
INSERT INTO `ord` VALUES (117,'KHDD-20180423-021','20160000040-70-1222',4,'2018-04-23 05:52:32','2018-04-06','2018-04-20',2,1,'蓝锌/交期：4月20',1,8);
INSERT INTO `ord` VALUES (118,'KHDD-20180423-022','20160000040-75-1222',4,'2018-04-23 05:55:16','2018-04-06','2018-04-20',2,1,'蓝锌/交期：4月20',1,8);
INSERT INTO `ord` VALUES (119,'KHDD-20180424-001','20160000040-98-1222',4,'2018-04-24 08:24:15','2018-04-06','2018-04-20',2,1,'蓝锌/交期：4月20',1,8);
INSERT INTO `ord` VALUES (120,'KHDD-20180424-002','20160000040-84-1223',4,'2018-04-24 08:31:16','2018-04-07','2018-04-21',2,1,'蓝锌：交期：4月21',1,8);
INSERT INTO `ord` VALUES (121,'KHDD-20180424-003','20160000040-70-1223',4,'2018-04-24 08:34:10','2018-04-07','2018-04-21',2,1,'蓝锌/交期：4月21',1,8);
INSERT INTO `ord` VALUES (122,'KHDD-20180424-004','20160000040-98-1223',4,'2018-04-24 08:35:31','2018-04-07','2018-04-21',2,1,'蓝锌/交期；4月21 ',1,8);
INSERT INTO `ord` VALUES (123,'KHDD-20180424-005','20160000040-101-1224',4,'2018-04-24 08:37:02','2018-04-09','2018-04-23',2,1,'烤黑/交期：4月23',1,8);
INSERT INTO `ord` VALUES (124,'KHDD-20180424-006','20160000040-84-1224',4,'2018-04-24 08:38:33','2018-04-09','2018-04-23',2,1,'蓝锌/交期：4月23',1,8);
INSERT INTO `ord` VALUES (125,'KHDD-20180424-007','20160000040-104-1224',4,'2018-04-24 08:39:38','2018-04-09','2018-04-23',2,1,'蓝锌/交期：4月23',1,8);
INSERT INTO `ord` VALUES (126,'KHDD-20180424-008','20160000040-79-1224',4,'2018-04-24 08:40:53','2018-04-09','2018-04-23',2,1,'蓝锌/交期：4月23',1,8);
INSERT INTO `ord` VALUES (127,'KHDD-20180424-009','20160000040-104-1225',4,'2018-04-24 09:21:19','2018-04-11','2018-04-25',2,1,'蓝锌/交期4月25',1,8);
INSERT INTO `ord` VALUES (128,'KHDD-20180424-010','20160000040-89-1233',4,'2018-04-24 09:22:31','2018-04-12','2018-04-26',2,1,'蓝锌/交期：4月26',1,8);
INSERT INTO `ord` VALUES (129,'KHDD-20180424-011','20160000040-97-1233',4,'2018-04-24 09:32:29','2018-04-12','2018-04-26',2,1,'蓝锌/交期：4月26',1,8);
INSERT INTO `ord` VALUES (130,'KHDD-20180424-012','20160000040-112-1233',4,'2018-04-24 03:27:39','2018-04-12','2018-04-26',2,1,'蓝锌/交期：4月26',1,8);
INSERT INTO `ord` VALUES (131,'KHDD-20180424-013','20160000040-73-1226',4,'2018-04-24 05:34:46','2018-04-12','2018-04-26',2,1,'蓝锌/交期：4月26',1,8);
INSERT INTO `ord` VALUES (132,'KHDD-20180424-014','20160000040-80-1228',4,'2018-04-24 05:35:58','2018-04-12','2018-04-26',2,1,'蓝锌/交期：4月26',1,8);
INSERT INTO `ord` VALUES (133,'KHDD-20180424-015','20160000040-101-1231',4,'2018-04-24 05:36:57','2018-04-12','2018-04-26',2,1,'烤黑/交期：4月26',1,8);
INSERT INTO `ord` VALUES (134,'KHDD-20180424-016','20160000040-80-1229',4,'2018-04-24 05:38:09','2018-04-12','2018-04-26',2,1,'蓝锌/交期：4月26',1,8);
INSERT INTO `ord` VALUES (135,'KHDD-20180424-017','20160000040-113-1231',4,'2018-04-24 05:39:38','2018-04-12','2018-04-26',2,1,'烤黑/交期：4月26',1,8);
INSERT INTO `ord` VALUES (136,'KHDD-20180424-018','20160000040-75-1227',4,'2018-04-24 05:40:46','2018-04-12','2018-04-26',2,1,'蓝锌/交期：4月26',1,8);
INSERT INTO `ord` VALUES (137,'KHDD-20180424-019','20160000040-88-1230',4,'2018-04-24 05:43:02','2018-04-12','2018-04-26',2,1,'蓝锌/交期：4月26',1,8);
INSERT INTO `ord` VALUES (138,'KHDD-20180424-020','20160000040-88-1230',4,'2018-04-24 05:44:10','2018-04-12','2018-04-26',2,1,'蓝锌/交期“4月26',1,8);
INSERT INTO `ord` VALUES (139,'KHDD-20180424-021','20160000040-113-1232',4,'2018-04-24 05:45:14','2018-04-12','2018-04-26',2,1,'烤黑/交期：4月26',1,8);
INSERT INTO `ord` VALUES (140,'KHDD-20180424-022','20160000040-70-1226',4,'2018-04-24 05:46:11','2018-04-12','2018-04-26',2,1,'蓝锌/交期：4月26',1,8);
INSERT INTO `ord` VALUES (141,'KHDD-20180424-023','20160000040-73-1227',4,'2018-04-24 05:47:38','2018-04-12','2018-04-26',2,1,'蓝锌/交期：4月26',1,8);
INSERT INTO `ord` VALUES (142,'KHDD-20180424-024','20160000040-75-1228',4,'2018-04-24 05:48:36','2018-04-12','2018-04-26',2,1,'蓝锌/交期：4月26',1,8);
INSERT INTO `ord` VALUES (143,'KHDD-20180424-025','20160000040-88-1231',4,'2018-04-24 05:49:56','2018-04-12','2018-04-26',2,1,'蓝锌/交期：4月26',1,8);
INSERT INTO `ord` VALUES (144,'KHDD-20180424-026','20160000040-98-1231',4,'2018-04-24 05:51:20','2018-04-12','2018-04-26',2,1,'蓝锌/交期：4月26',1,8);
INSERT INTO `ord` VALUES (145,'KHDD-20180424-027','20160000040-90-1231',4,'2018-04-24 05:52:48','2018-04-12','2018-04-26',2,1,'烤黑/交期：4月26',1,8);
INSERT INTO `ord` VALUES (146,'KHDD-20180424-028','67-TP0190-03002',4,'2018-04-24 05:55:11','2018-04-13','2018-04-27',2,1,'蓝锌/交期：4月27',1,8);
INSERT INTO `ord` VALUES (147,'KHDD-20180424-029','20160000040-98-1235',4,'2018-04-24 05:56:10','2018-04-14','2018-04-28',2,1,'蓝锌/交期4月28',1,8);
INSERT INTO `ord` VALUES (148,'KHDD-20180424-030','20160000040-101-1236',4,'2018-04-24 05:57:14','2018-04-16','2018-04-30',2,1,'烤黑/交期：4月30',1,8);
INSERT INTO `ord` VALUES (149,'KHDD-20180424-031','20160000040-84-1236',4,'2018-04-24 05:58:03','2018-04-16','2018-04-30',2,1,'蓝锌/交期：4月30',1,8);
INSERT INTO `ord` VALUES (150,'KHDD-20180424-032','20160000040-104-1236',4,'2018-04-24 05:58:49','2018-04-16','2018-04-30',2,1,'蓝锌/交期：4月30',1,8);
INSERT INTO `ord` VALUES (151,'KHDD-20180424-033','20160000040-79-1236',4,'2018-04-24 05:59:45','2018-04-16','2018-04-30',2,1,'蓝锌/交期：4月30',1,8);
INSERT INTO `ord` VALUES (152,'KHDD-20180424-034','20160000040-90-1236',4,'2018-04-24 06:00:32','2018-04-16','2018-04-30',2,1,'烤黑/交期：4月30',1,8);
INSERT INTO `ord` VALUES (153,'KHDD-20180425-001','20160000040-80-1237',4,'2018-04-25 11:09:12','2018-04-18','2018-05-02',2,1,'蓝锌/交期：5月2',1,8);
INSERT INTO `ord` VALUES (154,'KHDD-20180425-002','20160000040-89-1245',4,'2018-04-25 11:10:35','2018-04-19','2018-05-03',2,1,'蓝锌/交期：5月3',1,8);
INSERT INTO `ord` VALUES (155,'KHDD-20180425-003','20160000040-97-1245',4,'2018-04-25 11:11:38','2018-04-19','2018-05-03',2,1,'蓝锌/交期：5月3',1,8);
INSERT INTO `ord` VALUES (156,'KHDD-20180425-004','20160000040-112-1245',4,'2018-04-25 11:12:41','2018-04-19','2018-05-03',2,1,'蓝锌/交期：5月3',1,8);
INSERT INTO `ord` VALUES (157,'KHDD-20180425-005','20160000040-73-1239',4,'2018-04-25 11:13:35','2018-04-19','2018-05-03',2,1,'蓝锌/交期：5月3',1,8);
INSERT INTO `ord` VALUES (158,'KHDD-20180425-006','20160000040-80-1241',4,'2018-04-25 11:14:30','2018-04-19','2018-05-03',2,1,'蓝锌/交期：5月3',1,8);
INSERT INTO `ord` VALUES (159,'KHDD-20180425-007','20160000040-113-1243',4,'2018-04-25 11:15:35','2018-04-19','2018-05-03',2,1,'烤黑/交期：5月3',1,8);
INSERT INTO `ord` VALUES (160,'KHDD-20180425-008','20160000040-70-1238',4,'2018-04-25 11:19:04','2018-04-19','2018-05-03',2,1,'蓝锌/交期：5月3',1,8);
INSERT INTO `ord` VALUES (161,'KHDD-20180425-009','20160000040-75-1240',4,'2018-04-25 01:42:06','2018-04-19','2018-05-03',2,1,'蓝锌/交期：5月3',1,8);
INSERT INTO `ord` VALUES (162,'KHDD-20180425-010','20160000040-88-1242',4,'2018-04-25 01:43:15','2018-04-19','2018-05-03',2,1,'蓝锌/交期：5月3',1,8);
INSERT INTO `ord` VALUES (163,'KHDD-20180425-011','20160000040-104-1243',4,'2018-04-25 01:58:29','2018-04-19','2018-05-03',2,1,'蓝锌/交期：5月3',1,8);
INSERT INTO `ord` VALUES (164,'KHDD-20180425-012','20160000040-104-1243',4,'2018-04-25 02:07:42','2018-04-19','2018-05-03',2,1,'蓝锌/交期：5月3',1,8);
INSERT INTO `ord` VALUES (165,'KHDD-20180425-013','20160000040-79-1241',4,'2018-04-25 02:08:33','2018-04-19','2018-05-03',2,1,'蓝锌/交期：5月3',1,8);
INSERT INTO `ord` VALUES (166,'KHDD-20180425-014','20160000040-80-1242',4,'2018-04-25 02:09:38','2018-04-19','2018-05-03',2,1,'蓝锌/交期：5月3',1,8);
INSERT INTO `ord` VALUES (167,'KHDD-20180425-015','20160000040-113-1244',4,'2018-04-25 02:10:37','2018-04-19','2018-05-03',2,1,'烤黑/交期：5月3',1,8);
INSERT INTO `ord` VALUES (168,'KHDD-20180425-016','20160000040-70-1239',4,'2018-04-25 02:11:31','2018-04-19','2018-05-03',2,1,'蓝锌/交期：5月3',1,8);
INSERT INTO `ord` VALUES (169,'KHDD-20180425-017','20160000040-73-1240',4,'2018-04-25 02:12:25','2018-04-19','2018-05-03',2,1,'蓝锌/交期：5月3',1,8);
INSERT INTO `ord` VALUES (170,'KHDD-20180425-018','20160000040-75-1241',4,'2018-04-25 02:13:29','2018-04-19','2018-05-03',2,1,'蓝锌/交期：5月3',1,8);
INSERT INTO `ord` VALUES (171,'KHDD-20180425-019','20160000040-88-1243',4,'2018-04-25 02:15:02','2018-04-19','2018-05-03',2,1,'蓝锌/交期：5月3',1,8);
INSERT INTO `ord` VALUES (172,'KHDD-20180425-020','20160000040-98-1243',4,'2018-04-25 02:16:03','2018-04-19','2018-05-03',2,1,'蓝锌/交期：5月3',1,8);
INSERT INTO `ord` VALUES (173,'KHDD-20180425-021','20160000040-90-1243',4,'2018-04-25 02:17:27','2018-04-19','2018-05-03',2,1,'蓝锌/交期：5月3',1,8);
INSERT INTO `ord` VALUES (174,'KHDD-20180425-022','20160000040-84-1246',4,'2018-04-25 02:18:24','2018-04-21','2018-05-05',2,1,'蓝锌/交期：5月5',1,8);
INSERT INTO `ord` VALUES (175,'KHDD-20180425-023','20160000040-104-1246',4,'2018-04-25 02:20:09','2018-04-21','2018-05-05',2,1,'蓝锌/交期：5月5',1,8);
INSERT INTO `ord` VALUES (176,'KHDD-20180425-024','20160000040-79-1246',4,'2018-04-25 02:21:01','2018-04-21','2018-05-05',2,1,'蓝锌/交期：5月5',1,8);
INSERT INTO `ord` VALUES (177,'KHDD-20180425-025','20160000040-104-1249',4,'2018-04-25 02:21:57','2018-04-23','2018-05-07',2,1,'蓝锌/交期；5月7',1,8);
INSERT INTO `ord` VALUES (178,'KHDD-20180425-026','20160000040-79-1247',4,'2018-04-25 02:24:53','2018-04-23','2018-05-05',2,1,'蓝锌/交期：5月5',1,8);
INSERT INTO `ord` VALUES (179,'KHDD-20180425-027','20160000040-84-1249',4,'2018-04-25 02:25:57','2018-04-23','2018-05-07',2,1,'蓝锌/交期：5月7',1,8);
INSERT INTO `ord` VALUES (180,'KHDD-20180425-028','20160000040-104-1250',4,'2018-04-25 02:26:46','2018-04-23','2018-05-05',2,1,'蓝锌/交期：5月5',1,8);
INSERT INTO `ord` VALUES (181,'KHDD-20180425-029','20160000040-79-1248',4,'2018-04-25 02:27:44','2018-04-23','2018-05-07',2,1,'蓝锌/交期：5月7',1,8);
INSERT INTO `ord` VALUES (182,'KHDD-20180425-030','20160000040-104-1251',4,'2018-04-25 02:28:42','2018-04-23','2018-05-07',2,1,'蓝锌/交期：5月7',1,8);
INSERT INTO `ord` VALUES (183,'KHDD-20180425-031','20160000040-79-1249',4,'2018-04-25 02:29:55','2018-04-23','2018-05-07',2,1,'蓝锌/交期‘5月7',1,8);
INSERT INTO `ord` VALUES (184,'KHDD-20180425-032','4800125638',4,'2018-04-25 02:37:52','2018-04-18','2018-05-11',2,1,'烤黑/交期：5月11',1,13);
INSERT INTO `ord` VALUES (185,'KHDD-20180425-033','4800125638 ',4,'2018-04-25 02:39:01','2018-04-18','2018-05-19',2,1,'烤黑/交期：5月19',1,13);
INSERT INTO `ord` VALUES (186,'KHDD-20180425-034','4800125638 ',4,'2018-04-25 02:41:01','2018-04-18','2018-05-19',2,1,'烤黑/交期；5月19',1,13);
INSERT INTO `ord` VALUES (187,'KHDD-20180425-035','4800125638 ',4,'2018-04-25 02:42:29','2018-04-18','2018-05-18',2,1,'烤黑/交期：5月18',1,13);
INSERT INTO `ord` VALUES (188,'KHDD-20180425-036','4800125802 ',4,'2018-04-25 02:43:35','2018-04-19','2018-05-11',2,1,'烤黑/交期：5月11',1,13);
INSERT INTO `ord` VALUES (189,'KHDD-20180425-037','4800125802 ',4,'2018-04-25 02:44:41','2018-04-19','2018-05-19',2,1,'烤黑/交期：5月19',1,13);
INSERT INTO `ord` VALUES (190,'KHDD-20180425-038','4800125882 ',4,'2018-04-25 02:45:45','2018-04-19','2018-05-16',2,1,'蓝锌/交期：5月16',1,13);
INSERT INTO `ord` VALUES (191,'KHDD-20180425-039','4800125882 ',4,'2018-04-25 02:50:07','2018-04-19','2018-05-14',2,1,'蓝锌/交期：5月14',1,13);
INSERT INTO `ord` VALUES (192,'KHDD-20180425-040','4800125882 ',4,'2018-04-25 02:58:18','2018-04-19','2018-05-18',2,1,'蓝锌/交期：5月18',1,13);
INSERT INTO `ord` VALUES (193,'KHDD-20180425-041','4800125882 ',4,'2018-04-25 02:59:54','2018-04-19','2018-05-21',2,1,'蓝锌/交期：5月21',1,13);
INSERT INTO `ord` VALUES (194,'KHDD-20180425-042','4800126523 ',4,'2018-04-25 03:01:50','2018-04-23','2018-05-19',2,1,'烤黑/交期：5月19',1,13);
INSERT INTO `ord` VALUES (195,'KHDD-20180425-043','补退货',4,'2018-04-25 03:39:15','2018-04-02','2018-04-25',2,1,'颜色：彩锌三价',1,17);
INSERT INTO `ord` VALUES (196,'KHDD-20180425-044','补退货',4,'2018-04-25 03:41:18','2018-04-13','2018-04-25',2,1,'颜色：彩锌三价',1,17);
INSERT INTO `ord` VALUES (197,'KHDD-20180425-045','补退货',4,'2018-04-25 03:42:46','2018-04-16','2018-04-25',2,1,'颜色：蓝锌',1,17);
INSERT INTO `ord` VALUES (199,'KHDD-20180426-001','补退货',4,'2018-04-26 09:03:43','2018-04-16','2018-04-26',2,1,'彩锌三价',1,17);
INSERT INTO `ord` VALUES (200,'KHDD-20180426-002','HB29709',4,'2018-04-26 09:06:49','2018-04-17','2018-05-02',2,1,'彩锌/交期：5月2',1,17);
INSERT INTO `ord` VALUES (201,'KHDD-20180426-003','HB29709',4,'2018-04-26 09:16:12','2018-04-17','2018-04-26',2,1,'烤黑/交期：5月10',1,17);
INSERT INTO `ord` VALUES (202,'KHDD-20180426-004','HB29719',4,'2018-04-26 09:17:54','2018-04-20','2018-05-02',2,1,'蓝锌/交期：5月2',1,17);
INSERT INTO `ord` VALUES (203,'KHDD-20180426-005','HB29738',4,'2018-04-26 09:19:06','2018-04-24','2018-05-10',2,1,'彩锌三价/交期：5月10',1,17);
INSERT INTO `ord` VALUES (204,'KHDD-20180426-006','HB29738',4,'2018-04-26 09:20:12','2018-04-24','2018-05-10',2,1,'彩锌/交期；5月10',1,17);
INSERT INTO `ord` VALUES (205,'KHDD-20180426-007','HB29738',4,'2018-04-26 09:21:36','2018-04-24','2018-05-10',2,1,'蓝锌/交期：5月10',1,17);
INSERT INTO `ord` VALUES (206,'KHDD-20180426-008','P080417052',4,'2018-04-26 11:09:43','2018-04-18','2018-05-08',2,1,'蓝白锌/交期：5月8',1,19);
INSERT INTO `ord` VALUES (207,'KHDD-20180426-009','P080417052',4,'2018-04-26 11:14:23','2018-04-18','2018-05-15',2,1,'蓝白锌/交期：5月15',1,19);
INSERT INTO `ord` VALUES (208,'KHDD-20180426-010','P080417052',4,'2018-04-26 11:15:41','2018-04-18','2018-05-15',2,1,'蓝白锌/交期：5月15',1,19);
INSERT INTO `ord` VALUES (209,'KHDD-20180426-011','P080419073',4,'2018-04-26 11:17:26','2018-04-19','2018-05-12',2,1,'交期：5月12',1,19);
INSERT INTO `ord` VALUES (210,'KHDD-20180426-012','P080419073',4,'2018-04-26 11:19:17','2018-04-19','2018-05-15',2,1,'蓝白锌/交期5月15',1,19);
INSERT INTO `ord` VALUES (211,'KHDD-20180426-013','P080419073',4,'2018-04-26 11:22:20','2018-04-19','2018-05-15',2,1,'蓝白锌/交期：5月15',1,19);
INSERT INTO `ord` VALUES (212,'KHDD-20180426-014','P080419073',4,'2018-04-26 11:23:37','2018-04-19','2018-05-22',2,1,'蓝白锌/交期：5月22',1,19);
INSERT INTO `ord` VALUES (213,'KHDD-20180426-015','P080419073',4,'2018-04-26 11:25:17','2018-04-19','2018-05-22',2,1,'蓝白锌/交期：5月22',1,19);
INSERT INTO `ord` VALUES (214,'KHDD-20180426-016','P080419073',4,'2018-04-26 11:26:21','2018-04-19','2018-05-22',2,1,'蓝白锌/交期：5月22',1,19);
INSERT INTO `ord` VALUES (215,'KHDD-20180426-017','P080419073',4,'2018-04-26 11:27:51','2018-04-19','2018-05-22',2,1,'蓝白锌/交期：5月22',1,19);
INSERT INTO `ord` VALUES (216,'KHDD-20180426-018','P080419073',4,'2018-04-26 02:04:01','2018-04-19','2018-05-27',2,1,'蓝白锌/交期：5月27',1,19);
INSERT INTO `ord` VALUES (217,'KHDD-20180426-019','P080419073',4,'2018-04-26 02:05:33','2018-04-19','2018-05-29',2,1,'彩锌/交期：5月29',1,19);
INSERT INTO `ord` VALUES (218,'KHDD-20180426-020','P080419073',4,'2018-04-26 02:09:03','2018-04-19','2018-06-05',2,1,'蓝白锌/交期:6月5',1,19);
INSERT INTO `ord` VALUES (219,'KHDD-20180426-021','P080424055',4,'2018-04-26 02:14:25','2018-04-24','2018-05-15',2,1,'蓝白锌/交期：5月15',1,19);
INSERT INTO `ord` VALUES (220,'KHDD-20180426-022','P080424055',4,'2018-04-26 02:15:44','2018-04-24','2018-05-22',2,1,'蓝白锌/交期：5月22',1,19);
INSERT INTO `ord` VALUES (221,'KHDD-20180426-023','P080424055',4,'2018-04-26 02:17:08','2018-04-24','2018-05-27',2,1,'蓝白锌/交期：5月27',1,19);
INSERT INTO `ord` VALUES (222,'CGDD-20180426-001','HG201804002',4,'2018-04-26 05:39:27','2018-04-02','2018-04-05',1,0,'交期：4月5号',1,22);
INSERT INTO `ord` VALUES (223,'CGDD-20180426-002','HG201804002',4,'2018-04-26 05:49:25','2018-04-02','2018-04-05',1,0,'交期：4月5',1,22);
INSERT INTO `ord` VALUES (224,'CGDD-20180426-003','HG201804002',4,'2018-04-26 05:53:09','2018-04-02','2018-04-06',1,0,'交期：4月6',1,22);
INSERT INTO `ord` VALUES (225,'CGDD-20180426-004','HG201804003',4,'2018-04-26 05:58:55','2018-04-11','2018-04-13',1,0,'交期：4月13',1,9);
INSERT INTO `ord` VALUES (226,'CGDD-20180426-005','HG201804003',4,'2018-04-26 06:01:55','2018-04-11',NULL,1,0,'交期：4月13',1,9);
INSERT INTO `ord` VALUES (227,'CGDD-20180428-001','HG201804004',4,'2018-04-28 09:10:44','2018-04-11','2018-04-15',1,0,'交期：4月15',1,16);
INSERT INTO `ord` VALUES (228,'KHDD-20180518-001','P080426086',4,'2018-05-18 05:23:58','2018-04-27','2018-05-07',2,1,'',1,19);
INSERT INTO `ord` VALUES (229,'KHDD-20180518-002','P080426086',4,'2018-05-18 05:41:06','2018-04-27','2018-05-22',2,1,'',1,19);
INSERT INTO `ord` VALUES (230,'KHDD-20180518-003','P080426086',4,'2018-05-18 05:42:21','2018-04-27','2018-05-27',2,1,'',1,19);
INSERT INTO `ord` VALUES (231,'KHDD-20180519-001','P080426086',4,'2018-05-19 08:54:30','2018-04-27','2018-05-29',2,1,'',1,19);
INSERT INTO `ord` VALUES (232,'KHDD-20180519-002','P080426086',4,'2018-05-19 10:36:16','2018-04-27','2018-06-03',2,1,'',1,19);
INSERT INTO `ord` VALUES (233,'KHDD-20180519-003','P080426086',4,'2018-05-19 10:38:15','2018-04-27','2018-05-29',2,1,'',1,19);
INSERT INTO `ord` VALUES (234,'KHDD-20180519-004','P080426086',4,'2018-05-19 10:39:45','2018-04-27','2018-05-29',2,1,'',1,19);
INSERT INTO `ord` VALUES (235,'KHDD-20180519-005','P080426086',4,'2018-05-19 11:14:10','2018-04-27','2018-06-05',2,1,'',1,19);
INSERT INTO `ord` VALUES (236,'KHDD-20180523-001','P080426086',4,'2018-05-23 11:05:46','2018-04-27','2018-06-05',2,1,'',1,19);
INSERT INTO `ord` VALUES (237,'KHDD-20180523-002','P080426086',4,'2018-05-23 11:08:45','2018-04-27','2018-06-05',2,1,'',1,19);
INSERT INTO `ord` VALUES (238,'KHDD-20180523-003','P080426086',4,'2018-05-23 11:09:55','2018-04-27','2018-06-05',2,1,'',1,19);
INSERT INTO `ord` VALUES (239,'KHDD-20180523-004','P080426086',4,'2018-05-23 11:11:13','2018-04-27','2018-06-07',2,1,'',1,19);
INSERT INTO `ord` VALUES (240,'KHDD-20180523-005','P080426086',4,'2018-05-23 11:12:26','2018-04-27','2018-06-12',2,1,'',1,19);
INSERT INTO `ord` VALUES (241,'KHDD-20180523-006','P080503085',4,'2018-05-23 11:19:19','2018-05-03','2018-05-24',2,1,'',1,19);
INSERT INTO `ord` VALUES (242,'KHDD-20180523-007','P080503085',4,'2018-05-23 11:22:57','2018-05-03','2018-05-31',2,1,'',1,19);
INSERT INTO `ord` VALUES (243,'KHDD-20180523-008','P080503085',4,'2018-05-23 11:24:03','2018-05-03','2018-06-05',2,1,'',1,19);
INSERT INTO `ord` VALUES (244,'KHDD-20180523-009','P080503085',4,'2018-05-23 11:26:00','2018-05-03','2018-06-07',2,1,'',1,19);
INSERT INTO `ord` VALUES (245,'KHDD-20180523-010','P080503085',4,'2018-05-23 11:27:22','2018-05-03','2018-06-14',2,1,'',1,19);
INSERT INTO `ord` VALUES (246,'KHDD-20180523-011','P080503085',4,'2018-05-23 11:28:47','2018-05-03','2018-05-29',2,1,'',1,19);
INSERT INTO `ord` VALUES (247,'KHDD-20180523-012','P080503085',4,'2018-05-23 11:29:43','2018-05-03','2018-06-05',2,1,'',1,19);
INSERT INTO `ord` VALUES (248,'KHDD-20180523-013','P080503085',4,'2018-05-23 03:44:41','2018-05-03','2018-06-05',2,1,'',1,19);
INSERT INTO `ord` VALUES (249,'KHDD-20180523-014','P080503085',4,'2018-05-23 03:54:57','2018-05-03','2018-06-05',2,1,'',1,19);
INSERT INTO `ord` VALUES (250,'KHDD-20180523-015','P080503085',4,'2018-05-23 03:56:14','2018-05-03','2018-06-05',2,1,'',1,19);
INSERT INTO `ord` VALUES (251,'KHDD-20180523-016','P080503085',4,'2018-05-23 03:57:03','2018-05-03','2018-06-05',2,1,'',1,19);
INSERT INTO `ord` VALUES (252,'KHDD-20180523-017','P080503085',4,'2018-05-23 03:58:10','2018-05-03','2018-06-10',2,1,'',1,19);
INSERT INTO `ord` VALUES (253,'KHDD-20180523-018','P080503085',4,'2018-05-23 03:59:45','2018-05-03','2018-06-12',2,1,'',1,19);
INSERT INTO `ord` VALUES (254,'KHDD-20180523-019','P080503085',4,'2018-05-23 04:00:52','2018-05-03','2018-06-19',2,1,'',1,19);
INSERT INTO `ord` VALUES (255,'KHDD-20180523-020','PO71214070',4,'2018-05-23 04:01:45',NULL,NULL,2,1,'',1,19);
INSERT INTO `ord` VALUES (256,'KHDD-20180523-021','P08051008',4,'2018-05-23 04:21:19','2018-05-11','2018-06-05',2,1,'盆架烤黑+U铁蓝锌',1,19);
INSERT INTO `ord` VALUES (257,'KHDD-20180523-022','P080510080',4,'2018-05-23 04:25:15','2018-05-11','2018-05-21',2,1,'',1,19);
INSERT INTO `ord` VALUES (258,'KHDD-20180523-023','P080510080',4,'2018-05-23 04:27:45','2018-05-11','2018-06-02',2,1,'',1,19);
INSERT INTO `ord` VALUES (259,'KHDD-20180523-024','P080510080',4,'2018-05-23 04:28:30','2018-05-11','2018-06-05',2,1,'',1,19);
INSERT INTO `ord` VALUES (260,'KHDD-20180523-025','P080510080',4,'2018-05-23 04:29:35','2018-05-11','2018-06-12',2,1,'',1,19);
INSERT INTO `ord` VALUES (261,'KHDD-20180523-026','P080510080',4,'2018-05-23 04:30:34','2018-05-11','2018-06-05',2,1,'',1,19);
INSERT INTO `ord` VALUES (262,'KHDD-20180523-027','P080510080',4,'2018-05-23 04:31:27','2018-05-11','2018-06-05',2,1,'',1,19);
INSERT INTO `ord` VALUES (263,'KHDD-20180523-028','P080510080',4,'2018-05-23 04:32:14','2018-05-11','2018-06-09',2,1,'',1,19);
INSERT INTO `ord` VALUES (264,'KHDD-20180523-029','P080510080',4,'2018-05-23 04:33:02','2018-05-11','2018-06-12',2,1,'',1,19);
INSERT INTO `ord` VALUES (265,'KHDD-20180523-030','P080510080',4,'2018-05-23 04:34:43','2018-05-11','2018-06-12',2,1,'',1,19);
INSERT INTO `ord` VALUES (266,'KHDD-20180523-031','P080510080',4,'2018-05-23 04:37:29','2018-05-11','2018-06-17',2,1,'',1,19);
INSERT INTO `ord` VALUES (267,'KHDD-20180523-032','P080510080',4,'2018-05-23 04:38:35','2018-05-11','2018-06-19',2,1,'',1,19);
INSERT INTO `ord` VALUES (268,'KHDD-20180523-033','P080510080',4,'2018-05-23 05:45:46','2018-05-11','2018-06-19',2,1,'',1,19);
INSERT INTO `ord` VALUES (269,'KHDD-20180523-034','P080510080',4,'2018-05-23 05:46:30','2018-05-11','2018-06-23',2,1,'',1,19);
INSERT INTO `ord` VALUES (270,'KHDD-20180523-035','P080510080',4,'2018-05-23 05:47:13','2018-05-11','2018-06-26',2,1,'',1,19);
INSERT INTO `ord` VALUES (271,'KHDD-20180523-036','P080510080',4,'2018-05-23 05:48:10','2018-05-11','2018-06-26',2,1,'',1,19);
INSERT INTO `ord` VALUES (272,'KHDD-20180523-037','P080517076',4,'2018-05-23 05:50:52','2018-05-18','2018-06-19',2,0,'',1,19);
INSERT INTO `ord` VALUES (273,'KHDD-20180523-038','P080517076',4,'2018-05-23 05:57:07','2018-05-18','2018-06-19',2,1,'',1,19);
INSERT INTO `ord` VALUES (274,'KHDD-20180523-039','P080517076',4,'2018-05-23 05:57:53','2018-05-18','2018-06-19',2,1,'',1,19);
INSERT INTO `ord` VALUES (275,'KHDD-20180523-040','P080517076',4,'2018-05-23 05:58:45','2018-05-18','2018-06-19',2,1,'',1,19);
INSERT INTO `ord` VALUES (276,'KHDD-20180523-041','P080517076',4,'2018-05-23 05:59:54','2018-05-18','2018-06-26',2,1,'',1,19);
INSERT INTO `ord` VALUES (277,'KHDD-20180523-042','P080517076',4,'2018-05-23 06:00:56','2018-05-18','2018-07-03',2,1,'',1,19);
INSERT INTO `ord` VALUES (278,'KHDD-20180523-043','P080517076',4,'2018-05-23 06:01:44','2018-05-18','2018-07-03',2,1,'',1,19);
INSERT INTO `ord` VALUES (282,'KHDD-20180526-001','P080524095',4,'2018-05-26 02:18:15','2018-05-24','2018-07-07',2,1,'',1,19);
INSERT INTO `ord` VALUES (283,'KHDD-20180526-002','P080524095',4,'2018-05-26 02:20:00','2018-05-24','2018-07-10',2,1,'',1,19);
INSERT INTO `ord` VALUES (284,'KHDD-20180526-003','P080524095',4,'2018-05-26 02:21:57','2018-05-24','2018-07-01',2,1,'',1,19);
INSERT INTO `ord` VALUES (285,'KHDD-20180526-004','P080524095',4,'2018-05-26 02:22:52','2018-05-24','2018-07-03',2,1,'',1,19);
INSERT INTO `ord` VALUES (286,'KHDD-20180526-005','P080524095',4,'2018-05-26 02:24:55','2018-05-24','2018-06-19',2,1,'',1,19);
INSERT INTO `ord` VALUES (287,'KHDD-20180526-006','P080524095',4,'2018-05-26 02:25:48','2018-05-24','2018-06-26',2,1,'',1,19);
INSERT INTO `ord` VALUES (288,'KHDD-20180526-007','201804015',4,'2018-05-26 02:35:54','2018-05-22','2018-06-05',2,1,'盆架烤黑/U铁蓝锌',1,40);
INSERT INTO `ord` VALUES (289,'CGDD-20180529-001','',4,'2018-05-29 09:54:14','2018-04-11','2018-04-12',1,0,'',1,11);
INSERT INTO `ord` VALUES (290,'CGDD-20180529-002','',4,'2018-05-29 09:55:16','2018-04-11','2018-04-13',1,0,'',1,22);
INSERT INTO `ord` VALUES (291,'CGDD-20180529-003','',4,'2018-05-29 09:58:33','2018-04-13','2018-04-15',1,0,'',1,22);
INSERT INTO `ord` VALUES (292,'CGDD-20180529-004','',4,'2018-05-29 09:59:19','2018-04-13','2018-04-14',1,0,'',1,22);
INSERT INTO `ord` VALUES (293,'CGDD-20180529-005','PO80419073',4,'2018-05-29 03:24:31','2018-04-25',NULL,1,1,'',1,41);
INSERT INTO `ord` VALUES (294,'KHDD-20180601-001','4800127049',4,'2018-06-01 11:02:42','2018-04-26','2018-05-30',2,1,'',1,13);
INSERT INTO `ord` VALUES (295,'KHDD-20180601-002','4800127049',4,'2018-06-01 11:09:14','2018-04-26','2018-05-28',2,1,'',1,13);
INSERT INTO `ord` VALUES (296,'KHDD-20180601-003','4800127049 ',4,'2018-06-01 11:11:23','2018-04-26','2018-05-30',2,1,'',1,13);
INSERT INTO `ord` VALUES (297,'KHDD-20180601-004','20160000040-70-1257',4,'2018-06-01 11:15:07','2018-04-26','2018-05-10',2,1,'',1,8);
INSERT INTO `ord` VALUES (298,'KHDD-20180601-005','20160000040-113-1259',4,'2018-06-01 11:16:25','2018-04-26','2018-05-10',2,1,'',1,8);
INSERT INTO `ord` VALUES (299,'KHDD-20180601-006','20160000040-98-1258',4,'2018-06-01 11:17:54','2018-04-26','2018-05-10',2,1,'',1,8);
INSERT INTO `ord` VALUES (300,'KHDD-20180601-007','HB29767',4,'2018-06-01 11:19:32','2018-04-30','2018-05-16',2,1,'',1,17);
INSERT INTO `ord` VALUES (301,'KHDD-20180601-008','HB29784',4,'2018-06-01 11:23:00','2018-05-02','2018-05-15',2,1,'',1,17);
INSERT INTO `ord` VALUES (302,'KHDD-20180601-009','HB29752',4,'2018-06-01 11:31:19','2018-04-25','2018-05-05',2,1,'',1,17);
INSERT INTO `ord` VALUES (303,'KHDD-20180601-010','HB29784',4,'2018-06-01 11:34:44','2018-05-02','2018-05-15',2,1,'',1,17);
INSERT INTO `ord` VALUES (304,'KHDD-20180601-011','HB29784',4,'2018-06-01 11:38:06','2018-05-02','2018-05-15',2,1,'',1,17);
INSERT INTO `ord` VALUES (305,'KHDD-20180601-012','4800126864',4,'2018-06-01 02:48:21','2018-04-25','2018-05-26',2,1,'',1,13);
INSERT INTO `ord` VALUES (306,'KHDD-20180601-013','P080503085',4,'2018-06-01 03:15:17','2018-05-03','2018-05-31',2,1,'',1,19);
INSERT INTO `ord` VALUES (307,'KHDD-20180601-014','P080503085',4,'2018-06-01 03:18:03','2018-05-03','2018-06-12',2,1,'',1,19);
INSERT INTO `ord` VALUES (308,'KHDD-20180601-015','P080510080',4,'2018-06-01 03:19:31','2018-05-11','2018-06-09',2,1,'',1,19);
INSERT INTO `ord` VALUES (309,'KHDD-20180601-016','P080510080',4,'2018-06-01 03:21:33','2018-05-11','2018-06-05',2,1,'',1,19);
INSERT INTO `ord` VALUES (310,'KHDD-20180601-017','P080503085',4,'2018-06-01 03:26:31','2018-05-03','2018-06-05',2,1,'',1,19);
INSERT INTO `ord` VALUES (311,'KHDD-20180601-018','P080503085',4,'2018-06-01 03:29:00','2018-05-03','2018-06-19',2,1,'',1,19);
INSERT INTO `ord` VALUES (312,'KHDD-20180601-019','P080503085',4,'2018-06-01 03:30:37','2018-05-03','2018-06-05',2,1,'',1,19);
INSERT INTO `ord` VALUES (313,'KHDD-20180601-020','P080503085',4,'2018-06-01 03:31:45','2018-05-03','2018-06-05',2,1,'',1,19);
INSERT INTO `ord` VALUES (314,'KHDD-20180601-021','P080503085',4,'2018-06-01 03:33:25','2018-05-03','2018-05-29',2,1,'',1,19);
INSERT INTO `ord` VALUES (315,'KHDD-20180601-022','P080503085',4,'2018-06-01 03:57:10','2018-05-03','2018-06-05',2,1,'',1,19);
INSERT INTO `ord` VALUES (316,'KHDD-20180601-023','P080510080',4,'2018-06-01 03:59:27','2018-05-11','2018-06-26',2,1,'',1,19);
INSERT INTO `ord` VALUES (317,'KHDD-20180601-024','P080510080',4,'2018-06-01 04:00:28','2018-05-11','2018-06-12',2,1,'',1,19);
INSERT INTO `ord` VALUES (318,'KHDD-20180601-025','P080510080',4,'2018-06-01 04:01:31','2018-05-11','2018-06-19',2,1,'',1,19);
INSERT INTO `ord` VALUES (319,'KHDD-20180601-026','P080510080',4,'2018-06-01 04:02:42','2018-05-11','2018-06-19',2,1,'',1,19);
INSERT INTO `ord` VALUES (320,'KHDD-20180601-027','P080510080',4,'2018-06-01 04:04:03','2018-05-11','2018-06-05',2,1,'',1,19);
INSERT INTO `ord` VALUES (321,'KHDD-20180601-028','P080510080',4,'2018-06-01 04:05:16','2018-05-11','2018-06-12',2,1,'',1,19);
INSERT INTO `ord` VALUES (322,'KHDD-20180601-029','P080510080',4,'2018-06-01 04:06:20','2018-05-11','2018-06-12',2,1,'',1,19);
INSERT INTO `ord` VALUES (323,'KHDD-20180601-030','P080517076',4,'2018-06-01 04:07:20','2018-05-18','2018-07-03',2,1,'',1,19);
INSERT INTO `ord` VALUES (324,'KHDD-20180601-031','P080517076',4,'2018-06-01 04:09:41','2018-05-18','2018-06-26',2,1,'',1,19);
INSERT INTO `ord` VALUES (325,'KHDD-20180601-032','P080517076',4,'2018-06-01 04:10:41','2018-05-18','2018-07-03',2,1,'',1,19);
INSERT INTO `ord` VALUES (326,'KHDD-20180601-033','P080517076',4,'2018-06-01 04:11:43','2018-05-18','2018-06-19',2,1,'',1,19);
INSERT INTO `ord` VALUES (327,'KHDD-20180601-034','P080517076',4,'2018-06-01 05:16:19','2018-05-18','2018-06-19',2,1,'',1,19);
INSERT INTO `ord` VALUES (328,'KHDD-20180601-035','P080517076',4,'2018-06-01 05:28:53','2018-05-18','2018-06-19',2,1,'',1,19);
INSERT INTO `ord` VALUES (329,'KHDD-20180601-036','P080517076',4,'2018-06-01 05:30:04','2018-05-18','2018-06-19',2,1,'',1,19);
INSERT INTO `ord` VALUES (330,'KHDD-20180601-037','P080522063',4,'2018-06-01 05:31:45','2018-05-23','2018-05-26',2,1,'',1,19);
INSERT INTO `ord` VALUES (331,'KHDD-20180601-038','P080522063',4,'2018-06-01 05:33:19','2018-05-23','2018-07-03',2,1,'',1,19);
INSERT INTO `ord` VALUES (332,'KHDD-20180601-039','P080522063',4,'2018-06-01 05:34:47','2018-05-23','2018-06-05',2,1,'',1,19);
INSERT INTO `ord` VALUES (333,'KHDD-20180601-040','P080522063',4,'2018-06-01 05:36:13','2018-05-23','2018-06-19',2,1,'',1,19);
INSERT INTO `ord` VALUES (334,'KHDD-20180601-041','P080522063',4,'2018-06-01 05:46:16','2018-05-23','2018-05-26',2,1,'',1,19);
INSERT INTO `ord` VALUES (335,'KHDD-20180601-042','P080524095',4,'2018-06-01 05:47:58','2018-05-24','2018-07-07',2,1,'',1,19);
INSERT INTO `ord` VALUES (336,'KHDD-20180601-043','P080524095',4,'2018-06-01 05:48:48','2018-05-24','2018-06-03',2,1,'',1,19);
INSERT INTO `ord` VALUES (337,'KHDD-20180601-044','P080524095',4,'2018-06-01 05:49:50','2018-05-24','2018-06-26',2,1,'',1,19);
INSERT INTO `ord` VALUES (338,'KHDD-20180601-045','P080524095',4,'2018-06-01 05:50:52','2018-05-24','2018-07-03',2,1,'',1,19);
INSERT INTO `ord` VALUES (339,'KHDD-20180601-046','P080524095',4,'2018-06-01 05:51:43','2018-05-24','2018-06-26',2,1,'',1,19);
INSERT INTO `ord` VALUES (340,'KHDD-20180601-047','P080524095',4,'2018-06-01 05:52:40','2018-05-24','2018-06-26',2,1,'',1,19);
INSERT INTO `ord` VALUES (341,'KHDD-20180601-048','P080524095',4,'2018-06-01 05:53:32','2018-05-24','2018-07-03',2,1,'',1,19);
INSERT INTO `ord` VALUES (342,'KHDD-20180602-001','20160000040-113-1285',4,'2018-06-02 05:41:39','2018-05-18','2018-06-07',2,1,'',1,8);
INSERT INTO `ord` VALUES (343,'KHDD-20180602-002','test',1,'2018-06-02 05:52:23','2018-06-02','2018-06-02',2,0,'test',1,15);
INSERT INTO `ord` VALUES (344,'KHDD-20180603-001','4800127887 ',4,'2018-06-03 09:43:03','2018-05-03','2018-05-30',2,1,'',1,13);
INSERT INTO `ord` VALUES (345,'KHDD-20180603-002','4800127887',4,'2018-06-03 10:06:47','2018-05-03','2018-05-21',2,1,'',1,13);
INSERT INTO `ord` VALUES (346,'KHDD-20180604-001','20160000040-113-1290',4,'2018-06-04 11:10:08','2018-05-24','2018-06-07',2,1,'',1,8);
INSERT INTO `ord` VALUES (347,'CGDD-20180604-001','67GFM0480-00005',4,'2018-06-04 03:46:49','2018-05-25',NULL,1,3,'',1,9);
INSERT INTO `ord` VALUES (348,'CGDD-20180604-002','20160000040-113-1290',4,'2018-06-04 03:50:27','2018-05-25',NULL,1,2,'',1,9);
INSERT INTO `ord` VALUES (349,'KHDD-20180607-001','P080531062',4,'2018-06-07 10:24:43','2018-06-01','2018-07-17',2,1,'',1,19);
INSERT INTO `ord` VALUES (350,'KHDD-20180607-002','P080531062',4,'2018-06-07 10:26:06','2018-06-01','2018-07-03',2,1,'',1,19);
INSERT INTO `ord` VALUES (351,'KHDD-20180607-003','P080531062',4,'2018-06-07 10:34:43','2018-06-01','2018-07-17',2,1,'',1,19);
INSERT INTO `ord` VALUES (352,'KHDD-20180607-004','P080531062',4,'2018-06-07 10:35:46','2018-06-01','2018-07-03',2,1,'',1,19);
INSERT INTO `ord` VALUES (353,'KHDD-20180607-005','P080531062',4,'2018-06-07 10:36:48','2018-06-01','2018-06-26',2,1,'',1,19);
INSERT INTO `ord` VALUES (354,'KHDD-20180607-006','P080531062',4,'2018-06-07 10:37:48','2018-06-01','2018-07-10',2,1,'',1,19);
INSERT INTO `ord` VALUES (355,'KHDD-20180607-007','P080531062',4,'2018-06-07 10:38:37','2018-06-01','2018-07-03',2,1,'',1,19);
INSERT INTO `ord` VALUES (356,'KHDD-20180607-008','P080531062',4,'2018-06-07 10:39:42','2018-06-01','2018-07-03',2,1,'',1,19);
INSERT INTO `ord` VALUES (357,'KHDD-20180607-009','4800127782 ',4,'2018-06-07 10:40:52','2018-05-03','2018-06-02',2,1,'',1,13);
INSERT INTO `ord` VALUES (358,'KHDD-20180607-010','4800128531 ',4,'2018-06-07 10:42:38','2018-05-09','2018-06-09',2,1,'',1,13);
INSERT INTO `ord` VALUES (359,'KHDD-20180607-011','4800128531',4,'2018-06-07 10:44:17','2018-05-09','2018-05-26',2,1,'',1,13);
INSERT INTO `ord` VALUES (360,'KHDD-20180607-012','4800128531',4,'2018-06-07 10:45:16','2018-05-09','2018-06-09',2,1,'',1,13);
INSERT INTO `ord` VALUES (361,'KHDD-20180607-013','4800128819',4,'2018-06-07 10:46:51','2018-05-09','2018-05-23',2,1,'',1,13);
INSERT INTO `ord` VALUES (362,'KHDD-20180607-014','4800128574',4,'2018-06-07 10:48:30','2018-05-09','2018-06-05',2,1,'',1,13);
INSERT INTO `ord` VALUES (363,'KHDD-20180607-015','4800128574',4,'2018-06-07 10:49:26','2018-05-09','2018-06-08',2,1,'',1,13);
INSERT INTO `ord` VALUES (364,'KHDD-20180607-016','4800128574',4,'2018-06-07 10:50:15','2018-05-09','2018-06-05',2,1,'',1,13);
INSERT INTO `ord` VALUES (365,'KHDD-20180607-017','4800128574',4,'2018-06-07 10:51:44','2018-05-09','2018-06-07',2,1,'',1,13);
INSERT INTO `ord` VALUES (366,'KHDD-20180607-018','4800128957',4,'2018-06-07 10:52:47','2018-05-10','2018-06-11',2,1,'',1,13);
INSERT INTO `ord` VALUES (367,'KHDD-20180607-019','4800128959',4,'2018-06-07 10:53:38','2018-05-10','2018-06-08',2,1,'',1,13);
INSERT INTO `ord` VALUES (368,'KHDD-20180610-001','4800126612',4,'2018-06-10 10:55:08','2018-04-25','2018-05-26',2,1,'',1,13);
INSERT INTO `ord` VALUES (369,'KHDD-20180610-002','4800126612',4,'2018-06-10 10:57:55','2018-04-25','2018-05-26',2,1,'',1,13);
INSERT INTO `ord` VALUES (370,'KHDD-20180610-003','4800126864 ',4,'2018-06-10 11:02:42','2018-04-25','2018-05-17',2,1,'',1,13);
INSERT INTO `ord` VALUES (371,'KHDD-20180610-004','4800126864 ',4,'2018-06-10 11:04:37','2018-04-25','2018-05-18',2,1,'',1,13);
INSERT INTO `ord` VALUES (372,'KHDD-20180610-005','4800127049 ',4,'2018-06-10 11:05:47','2018-04-26','2018-05-28',2,1,'',1,13);
INSERT INTO `ord` VALUES (373,'KHDD-20180614-001','4800127241',4,'2018-06-14 09:22:52','2018-04-27','2018-05-30',2,1,'',1,13);
INSERT INTO `ord` VALUES (374,'KHDD-20180614-002','4800127995 ',4,'2018-06-14 09:25:21','2018-05-04','2018-06-05',2,1,'',1,13);
INSERT INTO `ord` VALUES (375,'KHDD-20180614-003','',4,'2018-06-14 09:28:33','2018-05-09','2018-06-08',2,1,'',1,13);
INSERT INTO `ord` VALUES (376,'KHDD-20180614-004','4800128574',4,'2018-06-14 09:31:38','2018-05-09','2018-06-05',2,1,'',1,13);
INSERT INTO `ord` VALUES (377,'KHDD-20180614-005','4800128574',4,'2018-06-14 09:32:30','2018-05-09','2018-06-07',2,1,'',1,13);
INSERT INTO `ord` VALUES (378,'KHDD-20180614-006','4800128957',4,'2018-06-14 09:33:55','2018-05-10','2018-06-11',2,1,'',1,13);
INSERT INTO `ord` VALUES (379,'KHDD-20180614-007','4800128959',4,'2018-06-14 09:34:50','2018-05-10','2018-06-08',2,1,'',1,13);
INSERT INTO `ord` VALUES (380,'KHDD-20180614-008','4800129981 ',4,'2018-06-14 09:36:27','2018-05-16','2018-06-15',2,1,'',1,13);
INSERT INTO `ord` VALUES (381,'KHDD-20180614-009','4800129981',4,'2018-06-14 09:37:22','2018-05-16','2018-06-09',2,1,'',1,13);
INSERT INTO `ord` VALUES (382,'KHDD-20180614-010','4800129981 ',4,'2018-06-14 09:38:29','2018-05-16','2018-06-15',2,1,'',1,13);
INSERT INTO `ord` VALUES (383,'KHDD-20180614-011','4500116066',4,'2018-06-14 10:38:04','2018-06-05','2018-06-18',2,1,'',1,20);
INSERT INTO `ord` VALUES (384,'KHDD-20180614-012','4500115218',4,'2018-06-14 10:40:25','2018-05-30','2018-06-14',2,1,'',1,20);
INSERT INTO `ord` VALUES (385,'KHDD-20180614-013','4500115471',4,'2018-06-14 10:43:32','2018-06-01','2018-07-06',2,1,'',1,20);
INSERT INTO `ord` VALUES (386,'KHDD-20180614-014','20160000040-104-1303',4,'2018-06-14 10:47:34','2018-06-04','2018-06-18',2,1,'',1,8);
INSERT INTO `ord` VALUES (387,'KHDD-20180614-015','20160000040-104-1305',4,'2018-06-14 10:48:59','2018-06-05','2018-06-19',2,1,'',1,8);
INSERT INTO `ord` VALUES (388,'KHDD-20180614-016','20160000040-79-1302',4,'2018-06-14 10:52:11','2018-06-04','2018-06-18',2,1,'',1,8);
INSERT INTO `ord` VALUES (389,'KHDD-20180614-017','20160000040-79-1305',4,'2018-06-14 10:53:08','2018-06-05','2018-06-19',2,1,'',1,8);
INSERT INTO `ord` VALUES (390,'KHDD-20180614-018','20160000040-89-1306',4,'2018-06-14 10:55:54','2018-06-07','2018-06-21',2,1,'',1,8);
INSERT INTO `ord` VALUES (391,'KHDD-20180614-019','20160000040-97-1306',4,'2018-06-14 10:57:29','2018-06-07','2018-06-21',2,1,'',1,8);
INSERT INTO `ord` VALUES (392,'KHDD-20180614-020','20160000040-88-1306',4,'2018-06-14 10:58:26','2018-06-07','2018-06-21',2,1,'',1,8);
INSERT INTO `ord` VALUES (393,'KHDD-20180614-021','20160000040-112-1306',4,'2018-06-14 10:59:34','2018-06-07','2018-06-21',2,1,'',1,8);
INSERT INTO `ord` VALUES (394,'KHDD-20180614-022','20160000040-73-1309',4,'2018-06-14 11:00:40','2018-06-07','2018-06-21',2,1,'',1,8);
INSERT INTO `ord` VALUES (395,'KHDD-20180614-023','20160000040-80-1311',4,'2018-06-14 11:02:01','2018-06-07','2018-06-21',2,1,'',1,8);
INSERT INTO `ord` VALUES (396,'KHDD-20180614-024','20160000040-70-1308',4,'2018-06-14 11:03:06','2018-06-07','2018-06-21',2,1,'',1,8);
INSERT INTO `ord` VALUES (397,'KHDD-20180614-025','20160000040-64-1307',4,'2018-06-14 11:04:01','2018-06-07','2018-06-21',2,1,'',1,8);
INSERT INTO `ord` VALUES (398,'KHDD-20180614-026','20160000040-75-1310',4,'2018-06-14 11:05:04','2018-06-07','2018-06-21',2,1,'',1,8);
INSERT INTO `ord` VALUES (399,'KHDD-20180614-027','20160000040-80-1312',4,'2018-06-14 11:06:02','2018-06-07','2018-06-21',2,1,'',1,8);
INSERT INTO `ord` VALUES (400,'KHDD-20180614-028','20160000040-113-1312',4,'2018-06-14 11:07:12','2018-06-07','2018-06-21',2,1,'',1,8);
INSERT INTO `ord` VALUES (401,'KHDD-20180614-029','20160000040-70-1309',4,'2018-06-14 11:13:39','2018-06-07','2018-06-21',2,1,'',1,8);
INSERT INTO `ord` VALUES (402,'KHDD-20180614-030','20160000040-73-1310',4,'2018-06-14 11:14:25','2018-06-07','2018-06-21',2,1,'',1,8);
INSERT INTO `ord` VALUES (403,'KHDD-20180614-031','20160000040-64-1308',4,'2018-06-14 11:15:09','2018-06-07','2018-06-21',2,1,'',1,8);
INSERT INTO `ord` VALUES (404,'KHDD-20180614-032','20160000040-75-1311',4,'2018-06-14 04:33:18','2018-06-07','2018-06-21',2,1,'',1,8);
INSERT INTO `ord` VALUES (405,'KHDD-20180614-033','20160000040-98-1312',4,'2018-06-14 04:34:27','2018-06-07','2018-06-21',2,1,'',1,8);
INSERT INTO `ord` VALUES (406,'KHDD-20180614-034','20160000040-90-1312',4,'2018-06-14 04:35:21','2018-06-07','2018-06-21',2,1,'',1,8);
INSERT INTO `ord` VALUES (407,'KHDD-20180614-035','4800132688',4,'2018-06-14 04:36:32','2018-06-04','2018-07-02',2,1,'',1,13);
INSERT INTO `ord` VALUES (408,'KHDD-20180614-036','4800132688',4,'2018-06-14 04:52:59','2018-06-04','2018-06-07',2,1,'',1,13);
INSERT INTO `ord` VALUES (409,'KHDD-20180614-037','4800132688 ',4,'2018-06-14 04:53:44','2018-06-04','2018-06-29',2,1,'',1,13);
INSERT INTO `ord` VALUES (410,'KHDD-20180614-038','4800132799',4,'2018-06-14 04:55:02','2018-06-06','2018-07-07',2,1,'',1,13);
INSERT INTO `ord` VALUES (411,'KHDD-20180614-039','HB29921',4,'2018-06-14 04:58:12','2018-06-04','2018-06-14',2,1,'',1,17);
INSERT INTO `ord` VALUES (412,'KHDD-20180614-040','HB29926',4,'2018-06-14 04:59:56','2018-06-06','2018-06-08',2,1,'',1,17);
INSERT INTO `ord` VALUES (413,'KHDD-20180614-041','HB29926',4,'2018-06-14 05:02:19','2018-06-06','2018-06-08',2,1,'',1,17);
INSERT INTO `ord` VALUES (414,'KHDD-20180614-042','HB29926',4,'2018-06-14 05:04:49','2018-06-06','2018-06-08',2,1,'',1,17);
INSERT INTO `ord` VALUES (415,'KHDD-20180614-043','HB29936',4,'2018-06-14 05:05:39','2018-06-06','2018-07-01',2,1,'',1,17);
INSERT INTO `ord` VALUES (416,'KHDD-20180614-043','HB29936',4,'2018-06-14 05:05:39','2018-06-06','2018-07-01',2,1,'',1,17);
INSERT INTO `ord` VALUES (418,'KHDD-20180614-044','HB29936',4,'2018-06-14 05:07:05','2018-06-06','2018-07-01',2,1,'',1,17);
INSERT INTO `ord` VALUES (419,'KHDD-20180614-045','HB29936',4,'2018-06-14 05:08:14','2018-06-06','2018-06-17',2,1,'',1,17);
INSERT INTO `ord` VALUES (420,'KHDD-20180614-046','P080531062',4,'2018-06-14 05:09:19','2018-06-01','2018-06-26',2,1,'蓝白锌',1,19);
INSERT INTO `ord` VALUES (421,'KHDD-20180614-047','P080531062',4,'2018-06-14 05:10:20','2018-06-01','2018-06-26',2,1,'蓝白锌',1,19);
INSERT INTO `ord` VALUES (422,'KHDD-20180614-048','P080531062',4,'2018-06-14 05:12:26','2018-06-01','2018-07-03',2,1,'蓝白锌',1,19);
INSERT INTO `ord` VALUES (423,'KHDD-20180614-049','P080531062',4,'2018-06-14 05:13:31','2018-06-01','2018-07-03',2,1,'蓝白锌',1,19);
INSERT INTO `ord` VALUES (424,'KHDD-20180614-050','P080531062',4,'2018-06-14 05:15:29','2018-06-01','2018-07-03',2,1,'蓝白锌',1,19);
INSERT INTO `ord` VALUES (425,'KHDD-20180614-051','P080531062',4,'2018-06-14 05:18:50','2018-06-01','2018-07-03',2,1,'',1,19);
INSERT INTO `ord` VALUES (426,'KHDD-20180614-052','P080531062',4,'2018-06-14 05:19:58','2018-06-01','2018-07-10',2,1,'',1,19);
INSERT INTO `ord` VALUES (427,'KHDD-20180614-053','P080531062',4,'2018-06-14 05:20:45','2018-06-01','2018-07-10',2,1,'',1,19);
INSERT INTO `ord` VALUES (428,'KHDD-20180614-054','P080531062',4,'2018-06-14 05:21:32','2018-06-01','2018-07-17',2,1,'',1,19);
INSERT INTO `ord` VALUES (429,'KHDD-20180614-055','P080531062',4,'2018-06-14 05:22:23','2018-06-01','2018-07-17',2,1,'蓝白锌',1,19);
INSERT INTO `ord` VALUES (430,'CGDD-20180615-001','HB29921',4,'2018-06-15 04:08:22','2018-06-07','2018-06-15',1,2,'',1,9);
INSERT INTO `ord` VALUES (431,'CGDD-20180615-002','HB29926',4,'2018-06-15 04:09:37','2018-06-07','2018-06-15',1,1,'',1,9);
INSERT INTO `ord` VALUES (432,'KHDD-20180615-001','4800131888 ',4,'2018-06-15 04:27:17','2018-05-30','2018-06-30',2,1,'',1,13);
INSERT INTO `ord` VALUES (433,'KHDD-20180615-002','20160000040-101-1303',4,'2018-06-15 04:46:18','2018-06-05','2018-06-18',2,1,'',1,8);
INSERT INTO `ord` VALUES (434,'KHDD-20180615-003','20160000040-84-1302',4,'2018-06-15 04:47:41','2018-06-04','2018-06-18',2,1,'',1,8);
INSERT INTO `ord` VALUES (435,'CGDD-20180615-003','20160000040-101-1303',4,'2018-06-15 04:50:37','2018-06-07',NULL,1,1,'',1,9);
INSERT INTO `ord` VALUES (436,'KHDD-20180615-004','4800133387 ',4,'2018-06-15 05:08:49','2018-06-07','2018-06-26',2,1,'',1,13);
INSERT INTO `ord` VALUES (437,'KHDD-20180615-005','4800133387',4,'2018-06-15 05:10:28','2018-06-07','2018-07-02',2,1,'',1,13);
INSERT INTO `ord` VALUES (438,'KHDD-20180615-006','4800133387',4,'2018-06-15 05:11:26','2018-06-07','2018-06-09',2,1,'',1,13);
INSERT INTO `ord` VALUES (439,'KHDD-20180615-007','4800133387 ',4,'2018-06-15 05:12:44','2018-06-07','2018-06-25',2,1,'',1,13);
INSERT INTO `ord` VALUES (440,'KHDD-20180615-008','4800133387 ',4,'2018-06-15 05:13:56','2018-06-07','2018-06-29',2,1,'',1,13);
INSERT INTO `ord` VALUES (441,'KHDD-20180615-009','4800133146',4,'2018-06-15 05:15:03','2018-06-06','2018-07-07',2,1,'',1,13);
INSERT INTO `ord` VALUES (442,'KHDD-20180615-010','4800133146',4,'2018-06-15 05:16:08','2018-06-06','2018-06-28',2,1,'',1,13);
INSERT INTO `ord` VALUES (443,'KHDD-20180615-011','4800133146',4,'2018-06-15 05:17:13','2018-06-06','2018-07-06',2,1,'',1,13);
INSERT INTO `ord` VALUES (444,'KHDD-20180615-012','4800133146',4,'2018-06-15 05:18:21','2018-06-06','2018-06-28',2,1,'',1,13);
INSERT INTO `ord` VALUES (445,'KHDD-20180615-013','4800133813',4,'2018-06-15 05:21:45','2018-06-11','2018-07-12',2,1,'',1,13);
INSERT INTO `ord` VALUES (446,'KHDD-20180615-014','4800133813 ',4,'2018-06-15 05:23:14','2018-06-11','2018-07-07',2,1,'',1,13);
INSERT INTO `ord` VALUES (447,'KHDD-20180615-015','4800133973',4,'2018-06-15 05:36:30','2018-06-11','2018-07-10',2,1,'',1,13);
INSERT INTO `ord` VALUES (448,'KHDD-20180615-016','4800133973',4,'2018-06-15 05:37:23','2018-06-11','2018-07-11',2,1,'',1,13);
INSERT INTO `ord` VALUES (449,'KHDD-20180615-017','4800133973 ',4,'2018-06-15 05:38:23','2018-06-11','2018-07-09',2,1,'',1,13);
INSERT INTO `ord` VALUES (450,'CGDD-20180615-004','4800133387',4,'2018-06-15 05:40:59','2018-06-14',NULL,1,1,'',1,9);
INSERT INTO `ord` VALUES (451,'CGDD-20180615-005','4800133387',4,'2018-06-15 05:51:10','2018-06-14','2018-06-15',1,3,'',1,9);
INSERT INTO `ord` VALUES (452,'CGDD-20180615-006','4800133387',4,'2018-06-15 05:52:31','2018-06-14',NULL,1,2,'',1,9);
INSERT INTO `ord` VALUES (453,'KHDD-20180617-001','20160000040-73-1315',4,'2018-06-17 02:56:11','2018-06-12','2018-06-26',2,1,'',1,8);
INSERT INTO `ord` VALUES (454,'KHDD-20180617-002','20160000040-101-1313',4,'2018-06-17 02:58:53','2018-06-11','2018-06-25',2,1,'',1,8);
INSERT INTO `ord` VALUES (455,'KHDD-20180617-003','20160000040-101-1314',4,'2018-06-17 03:00:23','2018-06-11','2018-06-25',2,1,'',1,8);
INSERT INTO `ord` VALUES (456,'KHDD-20180617-004','20160000040-64-1313',4,'2018-06-17 03:01:11','2018-06-11','2018-06-25',2,1,'',1,8);
INSERT INTO `ord` VALUES (457,'KHDD-20180617-005','20160000040-75-1316',4,'2018-06-17 03:01:59','2018-06-12','2018-06-26',2,1,'',1,8);
INSERT INTO `ord` VALUES (458,'KHDD-20180617-006','20160000040-98-1313',4,'2018-06-17 03:02:54','2018-06-11','2018-06-25',2,1,'',1,8);
INSERT INTO `ord` VALUES (459,'KHDD-20180617-007','20160000040-104-1314',4,'2018-06-17 03:03:49','2018-06-11','2018-06-25',2,1,'',1,8);
INSERT INTO `ord` VALUES (460,'KHDD-20180617-008','20160000040-79-1313',4,'2018-06-17 03:04:39','2018-06-11','2018-06-25',2,1,'',1,8);
INSERT INTO `ord` VALUES (461,'CGDD-20180617-001','20160000040-90-1312',4,'2018-06-17 03:13:23','2018-06-14','2018-06-17',1,1,'',1,9);
INSERT INTO `ord` VALUES (462,'CGDD-20180617-002','4800133973',4,'2018-06-17 03:17:52','2018-06-14',NULL,1,1,'',1,9);
INSERT INTO `ord` VALUES (463,'CGDD-20180617-003','4800133146',4,'2018-06-17 03:22:25','2018-06-17',NULL,1,2,'',1,9);
INSERT INTO `ord` VALUES (464,'CGDD-20180617-004','4800133146',4,'2018-06-17 03:27:18','2018-06-14',NULL,1,1,'',1,9);
INSERT INTO `ord` VALUES (465,'CGDD-20180617-005','4800133146',4,'2018-06-17 03:44:14','2018-06-14',NULL,1,1,'',1,9);
INSERT INTO `ord` VALUES (466,'KHDD-20180622-001','P080607051',4,'2018-06-22 03:50:17','2018-06-08','2018-07-10',2,1,'蓝白锌',1,19);
INSERT INTO `ord` VALUES (467,'KHDD-20180622-002','P080605057',4,'2018-06-22 03:54:50','2018-06-06','2018-07-14',2,1,'',1,19);
INSERT INTO `ord` VALUES (468,'KHDD-20180622-003','P080607051',4,'2018-06-22 03:55:49','2018-06-08','2018-07-14',2,1,'',1,19);
INSERT INTO `ord` VALUES (469,'KHDD-20180622-004','P080607051',4,'2018-06-22 03:58:31','2018-06-08','2018-07-17',2,1,'',1,19);
INSERT INTO `ord` VALUES (470,'KHDD-20180622-005','P080607051',4,'2018-06-22 03:59:27','2018-06-08','2018-07-17',2,1,'',1,19);
INSERT INTO `ord` VALUES (471,'KHDD-20180622-006','P080607051',4,'2018-06-22 04:02:58','2018-06-08','2018-07-21',2,1,'',1,19);
INSERT INTO `ord` VALUES (472,'KHDD-20180622-007','P080607051',4,'2018-06-22 04:03:52','2018-06-08','2018-07-24',2,1,'',1,19);
INSERT INTO `ord` VALUES (473,'KHDD-20180622-008','P080607051',4,'2018-06-22 04:05:38','2018-06-08','2018-07-03',2,1,'蓝白锌',1,19);
INSERT INTO `ord` VALUES (474,'KHDD-20180623-001','P080607051',4,'2018-06-23 09:14:00','2018-06-08','2018-07-09',2,1,'蓝白锌',1,19);
INSERT INTO `ord` VALUES (475,'KHDD-20180623-002','P080607051',4,'2018-06-23 09:15:20','2018-06-08','2018-07-10',2,1,'蓝白锌',1,19);
INSERT INTO `ord` VALUES (476,'KHDD-20180623-003','P080614056',4,'2018-06-23 09:18:04','2018-06-14','2018-07-10',2,1,'蓝白锌',1,19);
INSERT INTO `ord` VALUES (477,'KHDD-20180623-004','P080614056',4,'2018-06-23 09:19:13','2018-06-14','2018-07-17',2,1,'蓝白锌',1,19);
INSERT INTO `ord` VALUES (478,'KHDD-20180623-005','P080614056',4,'2018-06-23 09:20:13','2018-06-14','2018-07-10',2,1,'蓝白锌',1,19);
INSERT INTO `ord` VALUES (479,'KHDD-20180623-006','P080614056',4,'2018-06-23 09:29:33','2018-06-14','2018-07-16',2,1,'蓝白锌',1,19);
INSERT INTO `ord` VALUES (480,'KHDD-20180623-007','P080614056',4,'2018-06-23 09:44:24','2018-06-14','2018-07-17',2,1,'',1,19);
INSERT INTO `ord` VALUES (481,'KHDD-20180623-008','P080614056',4,'2018-06-23 09:45:51','2018-06-14','2018-07-17',2,1,'',1,19);
INSERT INTO `ord` VALUES (482,'KHDD-20180623-009','P080614056',4,'2018-06-23 09:46:55','2018-06-14','2018-07-17',2,1,'蓝白锌',1,19);
INSERT INTO `ord` VALUES (483,'KHDD-20180623-010','P080614056',4,'2018-06-23 09:49:16','2018-06-14','2018-07-24',2,1,'',1,19);
INSERT INTO `ord` VALUES (484,'KHDD-20180623-011','P080614056',4,'2018-06-23 09:50:17','2018-06-14','2018-07-24',2,1,'',1,19);
INSERT INTO `ord` VALUES (485,'KHDD-20180623-012','P080614056',4,'2018-06-23 09:51:11','2018-06-14','2018-07-24',2,1,'',1,19);
INSERT INTO `ord` VALUES (486,'KHDD-20180623-013','P080614056',4,'2018-06-23 10:00:35','2018-06-14','2018-07-28',2,1,'',1,19);
INSERT INTO `ord` VALUES (487,'KHDD-20180623-014','P080614056',4,'2018-06-23 10:03:59','2018-06-14','2018-07-31',2,1,'',1,19);
INSERT INTO `ord` VALUES (488,'CGDD-20180623-001','',4,'2018-06-23 02:18:01','2018-06-20',NULL,1,1,'',1,9);
INSERT INTO `ord` VALUES (489,'KHDD-20180623-015','HB29958',4,'2018-06-23 02:24:47','2018-06-12','2018-06-25',2,1,'',1,17);
INSERT INTO `ord` VALUES (490,'KHDD-20180623-016','HB29968',4,'2018-06-23 02:27:16','2018-06-14','2018-06-26',2,1,'彩锌三价',1,17);
INSERT INTO `ord` VALUES (491,'CGDD-20180623-002','HB29968',4,'2018-06-23 02:29:50','2018-06-20',NULL,1,1,'',1,9);
INSERT INTO `ord` VALUES (492,'KHDD-20180623-017','20160000040-89-1317',4,'2018-06-23 02:45:52','2018-06-14','2018-06-28',2,1,'',1,8);
INSERT INTO `ord` VALUES (493,'KHDD-20180623-018','20160000040-98-1318',4,'2018-06-23 02:49:19','2018-06-15','2018-06-29',2,1,'',1,8);
INSERT INTO `ord` VALUES (494,'KHDD-20180623-019','20160000040-73-1319',4,'2018-06-23 02:53:06','2018-06-15','2018-06-29',2,1,'',1,8);
INSERT INTO `ord` VALUES (495,'CGDD-20180623-003','20160000040-112-1319',4,'2018-06-23 03:10:24','2018-06-20',NULL,1,0,'',1,9);
INSERT INTO `ord` VALUES (496,'KHDD-20180623-020','4800134643',4,'2018-06-23 03:12:59','2018-06-14','2018-07-18',2,1,'',1,13);
INSERT INTO `ord` VALUES (497,'KHDD-20180623-021','4800134643 ',4,'2018-06-23 03:14:15','2018-06-14','2018-07-14',2,1,'',1,13);
INSERT INTO `ord` VALUES (498,'KHDD-20180623-022','4800134519',4,'2018-06-23 03:14:59','2018-06-13','2018-07-16',2,1,'',1,13);
INSERT INTO `ord` VALUES (499,'KHDD-20180623-023','4800134519 ',4,'2018-06-23 03:15:55','2018-06-13','2018-07-16',2,1,'',1,13);
INSERT INTO `ord` VALUES (500,'KHDD-20180623-024','4800134519 ',4,'2018-06-23 03:16:57','2018-06-13','2018-07-14',2,1,'',1,13);
INSERT INTO `ord` VALUES (501,'KHDD-20180623-025','4800134519 ',4,'2018-06-23 03:17:48','2018-06-13','2018-07-13',2,1,'',1,13);
INSERT INTO `ord` VALUES (502,'KHDD-20180623-026','4800134312',4,'2018-06-23 03:18:44','2018-06-13','2018-07-16',2,1,'',1,13);
INSERT INTO `ord` VALUES (503,'CGDD-20180623-004','4800134519 ',4,'2018-06-23 03:24:29','2018-06-20',NULL,1,1,'',1,9);
INSERT INTO `ord` VALUES (504,'CGDD-20180623-005','4800134519',4,'2018-06-23 03:28:01','2018-06-20',NULL,1,1,'',1,9);
INSERT INTO `ord` VALUES (505,'KHDD-20180624-001','4500117270',4,'2018-06-24 04:15:21','2018-06-15','2018-07-20',2,1,'',1,20);
INSERT INTO `ord` VALUES (506,'KHDD-20180624-002','4500117270',4,'2018-06-24 04:16:57','2018-06-15','2018-07-26',2,1,'',1,20);
INSERT INTO `ord` VALUES (507,'KHDD-20180624-003','4500117270',4,'2018-06-24 04:20:25','2018-06-15','2018-07-15',2,1,'',1,20);
INSERT INTO `ord` VALUES (509,'CGDD-20180624-001','4500117270',4,'2018-06-24 04:30:20','2018-06-20','2018-06-25',1,1,'',1,37);
INSERT INTO `ord` VALUES (510,'KHDD-20180705-001','',1,'2018-07-05 10:09:45','2018-07-05',NULL,2,1,'',1,22);

#
# Source for table ord_record
#

DROP TABLE IF EXISTS `ord_record`;
CREATE TABLE `ord_record` (
  `Id` int(11) NOT NULL AUTO_INCREMENT,
  `material_id` int(11) DEFAULT '0',
  `ord_id` int(11) DEFAULT '0',
  `num` double(11,2) DEFAULT NULL COMMENT '长度11包括小数点后面的两位，小数点前九位',
  `finish_num` double(11,2) DEFAULT NULL,
  `priority` int(11) DEFAULT '0',
  `status` tinyint(3) NOT NULL DEFAULT '0' COMMENT '0-未审核 1-已经审核 2-部分完成 3-全部完成',
  `surface_id` int(11) DEFAULT NULL,
  `deadline_time` datetime DEFAULT NULL,
  PRIMARY KEY (`Id`),
  KEY `fk_record_material` (`material_id`),
  KEY `fk_record_ord` (`ord_id`),
  KEY `fk_record_surface` (`surface_id`)
) ENGINE=InnoDB AUTO_INCREMENT=550 DEFAULT CHARSET=utf8;

#
# Dumping data for table ord_record
#

INSERT INTO `ord_record` VALUES (13,37,13,15,15,0,3,NULL,'2018-01-27');
INSERT INTO `ord_record` VALUES (14,37,14,15,5,0,2,NULL,NULL);
INSERT INTO `ord_record` VALUES (15,38,14,100,0,1,1,NULL,NULL);
INSERT INTO `ord_record` VALUES (17,38,16,300,300,0,3,NULL,NULL);
INSERT INTO `ord_record` VALUES (19,34,18,1000,1000,0,3,NULL,NULL);
INSERT INTO `ord_record` VALUES (20,35,18,2000,0,1,1,NULL,NULL);
INSERT INTO `ord_record` VALUES (21,34,19,8000,0,0,1,NULL,NULL);
INSERT INTO `ord_record` VALUES (22,34,20,5000,1000,0,2,NULL,NULL);
INSERT INTO `ord_record` VALUES (25,90,22,200,0,0,1,NULL,NULL);
INSERT INTO `ord_record` VALUES (26,36,23,380,0,0,1,NULL,NULL);
INSERT INTO `ord_record` VALUES (29,36,25,1000,0,0,1,NULL,NULL);
INSERT INTO `ord_record` VALUES (30,36,25,2000,0,1,1,NULL,NULL);
INSERT INTO `ord_record` VALUES (31,36,26,4000,0,0,1,NULL,NULL);
INSERT INTO `ord_record` VALUES (32,36,27,3001,0,0,1,NULL,NULL);
INSERT INTO `ord_record` VALUES (33,179,28,17448,0,0,1,NULL,NULL);
INSERT INTO `ord_record` VALUES (34,180,29,12700,0,0,1,NULL,NULL);
INSERT INTO `ord_record` VALUES (35,39,30,1000,1000,0,3,NULL,NULL);
INSERT INTO `ord_record` VALUES (36,36,31,200,0,0,1,NULL,NULL);
INSERT INTO `ord_record` VALUES (38,191,33,7976,0,0,1,NULL,NULL);
INSERT INTO `ord_record` VALUES (39,192,34,931,0,0,1,NULL,NULL);
INSERT INTO `ord_record` VALUES (40,192,35,931,0,0,1,NULL,NULL);
INSERT INTO `ord_record` VALUES (41,42,36,325,0,0,1,NULL,NULL);
INSERT INTO `ord_record` VALUES (42,42,37,980,0,0,1,NULL,NULL);
INSERT INTO `ord_record` VALUES (43,179,38,48604,0,0,1,NULL,NULL);
INSERT INTO `ord_record` VALUES (44,179,39,53394,0,0,1,NULL,NULL);
INSERT INTO `ord_record` VALUES (45,194,40,5,0,0,1,NULL,NULL);
INSERT INTO `ord_record` VALUES (46,194,41,1470,0,0,1,NULL,NULL);
INSERT INTO `ord_record` VALUES (47,180,42,2500,0,0,0,NULL,NULL);
INSERT INTO `ord_record` VALUES (48,266,43,68726,0,0,1,26,'2018-04-14');
INSERT INTO `ord_record` VALUES (49,267,44,185,0,0,1,26,'2018-04-14');
INSERT INTO `ord_record` VALUES (50,268,45,22678,0,0,1,26,'2018-04-14');
INSERT INTO `ord_record` VALUES (51,226,46,9013,0,0,1,26,'2018-05-08');
INSERT INTO `ord_record` VALUES (52,270,47,20000,0,0,1,29,'2018-05-08');
INSERT INTO `ord_record` VALUES (53,271,48,11897,0,0,1,26,'2018-05-08');
INSERT INTO `ord_record` VALUES (54,226,49,6306,0,0,1,26,'2018-05-13');
INSERT INTO `ord_record` VALUES (56,273,50,6000,0,0,1,27,'2018-05-15');
INSERT INTO `ord_record` VALUES (57,274,51,894,0,0,1,28,'2018-05-15');
INSERT INTO `ord_record` VALUES (58,209,52,8000,0,0,1,29,'2018-05-22');
INSERT INTO `ord_record` VALUES (59,266,53,72732,0,0,1,26,'2018-05-22');
INSERT INTO `ord_record` VALUES (60,121,54,100,0,0,1,NULL,NULL);
INSERT INTO `ord_record` VALUES (61,34,55,5000,0,0,1,NULL,NULL);
INSERT INTO `ord_record` VALUES (62,218,56,300,300,0,3,NULL,NULL);
INSERT INTO `ord_record` VALUES (63,218,57,300,0,0,1,NULL,NULL);
INSERT INTO `ord_record` VALUES (64,277,58,1005,0,0,1,27,'2018-04-13');
INSERT INTO `ord_record` VALUES (65,139,59,6030,0,0,1,26,'2018-04-14');
INSERT INTO `ord_record` VALUES (66,275,60,1000,0,0,1,28,'2018-05-10');
INSERT INTO `ord_record` VALUES (67,295,61,1314,0,0,1,28,'2018-05-17');
INSERT INTO `ord_record` VALUES (68,268,62,6164,0,0,1,26,'2018-05-08');
INSERT INTO `ord_record` VALUES (69,278,63,901,0,0,1,26,'2018-05-08');
INSERT INTO `ord_record` VALUES (70,271,64,11224,0,0,1,26,'2018-05-15');
INSERT INTO `ord_record` VALUES (71,179,65,53661,0,0,1,26,'2018-05-15');
INSERT INTO `ord_record` VALUES (72,226,66,11338,0,0,1,26,'2018-05-15');
INSERT INTO `ord_record` VALUES (73,226,67,2700,0,0,1,26,'2018-05-20');
INSERT INTO `ord_record` VALUES (74,266,68,13600,0,0,1,26,'2018-05-22');
INSERT INTO `ord_record` VALUES (75,212,69,8000,0,0,1,29,'2018-05-29');
INSERT INTO `ord_record` VALUES (76,266,70,45324,0,0,1,26,'2018-05-29');
INSERT INTO `ord_record` VALUES (77,209,71,8000,0,0,1,29,'2018-05-29');
INSERT INTO `ord_record` VALUES (78,279,72,45,0,0,1,28,'2018-04-14');
INSERT INTO `ord_record` VALUES (79,179,73,49932,0,0,1,26,'2018-05-08');
INSERT INTO `ord_record` VALUES (80,226,74,3735,0,0,1,26,'2018-05-13');
INSERT INTO `ord_record` VALUES (81,121,75,1288,0,0,1,26,'2018-04-19');
INSERT INTO `ord_record` VALUES (82,122,76,17280,0,0,1,27,'2018-05-05');
INSERT INTO `ord_record` VALUES (83,133,77,15000,0,0,1,26,'2018-04-25');
INSERT INTO `ord_record` VALUES (84,122,78,58320,0,0,1,27,'2018-04-26');
INSERT INTO `ord_record` VALUES (85,148,79,1200,0,0,1,27,'2018-05-19');
INSERT INTO `ord_record` VALUES (86,144,80,500,0,0,1,7,'2018-04-25');
INSERT INTO `ord_record` VALUES (87,145,81,502,0,0,1,27,'2018-04-25');
INSERT INTO `ord_record` VALUES (88,284,82,120000,0,0,1,26,'2018-04-17');
INSERT INTO `ord_record` VALUES (89,107,83,308,0,0,1,26,'2018-05-07');
INSERT INTO `ord_record` VALUES (90,103,84,1051,0,0,1,7,'2018-05-14');
INSERT INTO `ord_record` VALUES (91,97,85,2036,0,0,1,7,'2018-05-14');
INSERT INTO `ord_record` VALUES (92,111,86,12180,0,0,1,26,'2018-05-07');
INSERT INTO `ord_record` VALUES (93,102,87,3186,0,0,1,7,'2018-05-10');
INSERT INTO `ord_record` VALUES (94,117,88,221,0,0,1,7,'2018-04-19');
INSERT INTO `ord_record` VALUES (95,117,89,258,0,0,1,7,'2018-04-28');
INSERT INTO `ord_record` VALUES (96,109,90,55,0,0,1,7,'2018-04-15');
INSERT INTO `ord_record` VALUES (97,99,91,728,0,0,1,26,'2018-05-11');
INSERT INTO `ord_record` VALUES (98,111,92,6000,0,0,1,26,'2018-05-09');
INSERT INTO `ord_record` VALUES (99,108,93,2201,0,0,1,7,'2018-05-11');
INSERT INTO `ord_record` VALUES (100,117,94,92,0,0,1,7,'2018-04-28');
INSERT INTO `ord_record` VALUES (101,109,95,90,0,0,1,7,'2018-04-02');
INSERT INTO `ord_record` VALUES (102,109,96,3,0,0,1,7,'2018-04-02');
INSERT INTO `ord_record` VALUES (103,109,97,4017,0,0,1,7,'2018-05-12');
INSERT INTO `ord_record` VALUES (105,96,99,824,0,0,1,26,'2018-05-17');
INSERT INTO `ord_record` VALUES (106,286,100,35,0,0,1,7,'2018-05-14');
INSERT INTO `ord_record` VALUES (107,117,101,779,0,0,1,7,'2018-04-28');
INSERT INTO `ord_record` VALUES (108,117,102,3193,0,0,1,7,'2018-05-17');
INSERT INTO `ord_record` VALUES (109,97,103,824,0,0,1,7,'2018-05-17');
INSERT INTO `ord_record` VALUES (110,175,104,3625,0,0,1,26,'2018-04-16');
INSERT INTO `ord_record` VALUES (111,288,105,3625,0,0,1,26,'2018-04-16');
INSERT INTO `ord_record` VALUES (112,160,106,14947,0,0,1,26,'2018-04-16');
INSERT INTO `ord_record` VALUES (113,175,107,67008,0,0,1,26,'2018-04-16');
INSERT INTO `ord_record` VALUES (114,288,108,67008,0,0,1,26,'2018-04-16');
INSERT INTO `ord_record` VALUES (115,160,109,25,0,0,1,26,'2018-04-17');
INSERT INTO `ord_record` VALUES (116,173,110,2,0,0,1,7,'2018-04-18');
INSERT INTO `ord_record` VALUES (118,168,112,2,0,0,1,26,'2018-04-18');
INSERT INTO `ord_record` VALUES (119,175,113,1600,0,0,1,26,'2018-04-18');
INSERT INTO `ord_record` VALUES (120,288,114,1600,0,0,1,26,'2018-04-18');
INSERT INTO `ord_record` VALUES (121,160,115,250,0,0,1,26,'2018-04-20');
INSERT INTO `ord_record` VALUES (122,163,116,9466,0,0,1,26,'2018-04-20');
INSERT INTO `ord_record` VALUES (123,170,117,1464,0,0,1,26,'2018-04-20');
INSERT INTO `ord_record` VALUES (124,167,118,1384,0,0,1,26,'2018-04-20');
INSERT INTO `ord_record` VALUES (125,168,119,15614,0,0,1,26,'2018-04-20');
INSERT INTO `ord_record` VALUES (126,160,120,1,0,0,1,26,'2018-04-21');
INSERT INTO `ord_record` VALUES (127,170,121,1,0,0,1,26,'2018-04-21');
INSERT INTO `ord_record` VALUES (128,168,122,1,0,0,1,26,'2018-04-21');
INSERT INTO `ord_record` VALUES (129,173,123,8000,0,0,1,7,'2018-04-23');
INSERT INTO `ord_record` VALUES (130,160,124,14922,0,0,1,26,'2018-04-23');
INSERT INTO `ord_record` VALUES (131,175,125,67296,0,0,1,26,'2018-04-23');
INSERT INTO `ord_record` VALUES (132,288,126,67296,0,0,1,26,'2018-04-23');
INSERT INTO `ord_record` VALUES (133,175,127,550,0,0,1,26,'2018-04-25');
INSERT INTO `ord_record` VALUES (134,165,128,36275,0,0,1,26,'2018-04-26');
INSERT INTO `ord_record` VALUES (135,166,129,36333,0,0,1,26,'2018-04-26');
INSERT INTO `ord_record` VALUES (136,158,130,3430,0,0,1,26,'2018-04-26');
INSERT INTO `ord_record` VALUES (137,155,131,6,0,0,1,26,'2018-04-26');
INSERT INTO `ord_record` VALUES (138,163,132,2070,0,0,1,26,'2018-04-26');
INSERT INTO `ord_record` VALUES (139,173,133,200,0,0,1,7,'2018-04-26');
INSERT INTO `ord_record` VALUES (140,163,134,19672,0,0,1,26,'2018-04-26');
INSERT INTO `ord_record` VALUES (141,169,135,7631,0,0,1,26,'2018-04-26');
INSERT INTO `ord_record` VALUES (142,167,136,529,0,0,1,26,'2018-04-26');
INSERT INTO `ord_record` VALUES (143,289,137,7614,0,0,1,26,'2018-04-26');
INSERT INTO `ord_record` VALUES (144,163,138,19496,0,0,1,26,'2018-04-26');
INSERT INTO `ord_record` VALUES (145,169,139,28650,0,0,1,7,'2018-04-26');
INSERT INTO `ord_record` VALUES (146,170,140,1963,0,0,1,26,'2018-04-26');
INSERT INTO `ord_record` VALUES (147,155,141,18,0,0,1,26,'2018-04-26');
INSERT INTO `ord_record` VALUES (148,167,142,3206,0,0,1,26,'2018-04-26');
INSERT INTO `ord_record` VALUES (149,289,143,28650,0,0,1,26,'2018-04-26');
INSERT INTO `ord_record` VALUES (150,168,144,8487,0,0,1,26,'2018-04-26');
INSERT INTO `ord_record` VALUES (151,159,145,3400,0,0,1,7,'2018-04-26');
INSERT INTO `ord_record` VALUES (152,175,146,50,0,0,1,26,'2018-04-27');
INSERT INTO `ord_record` VALUES (153,168,147,145,0,0,1,26,'2018-04-28');
INSERT INTO `ord_record` VALUES (154,173,148,93,0,0,1,7,'2018-04-30');
INSERT INTO `ord_record` VALUES (155,160,149,2649,0,0,1,26,'2018-04-30');
INSERT INTO `ord_record` VALUES (156,175,150,21125,0,0,1,26,'2018-04-30');
INSERT INTO `ord_record` VALUES (157,288,151,21110,0,0,1,26,'2018-04-30');
INSERT INTO `ord_record` VALUES (158,159,152,170,0,0,1,7,'2018-04-30');
INSERT INTO `ord_record` VALUES (159,163,153,1346,0,0,1,26,'2018-05-02');
INSERT INTO `ord_record` VALUES (160,165,154,33490,0,0,1,26,'2018-05-03');
INSERT INTO `ord_record` VALUES (161,166,155,32161,0,0,1,26,'2018-05-03');
INSERT INTO `ord_record` VALUES (162,158,156,9970,0,0,1,26,'2018-05-03');
INSERT INTO `ord_record` VALUES (163,155,157,178,0,0,1,26,'2018-05-03');
INSERT INTO `ord_record` VALUES (164,163,158,1188,0,0,1,26,'2018-05-03');
INSERT INTO `ord_record` VALUES (165,169,159,5090,0,0,1,7,'2018-05-03');
INSERT INTO `ord_record` VALUES (166,170,160,736,0,0,1,26,'2018-05-03');
INSERT INTO `ord_record` VALUES (167,167,161,725,0,0,1,26,'2018-05-03');
INSERT INTO `ord_record` VALUES (168,289,162,5090,0,0,1,26,'2018-05-03');
INSERT INTO `ord_record` VALUES (169,175,163,600,0,0,1,26,'2018-05-03');
INSERT INTO `ord_record` VALUES (170,175,164,600,0,0,1,26,'2018-05-03');
INSERT INTO `ord_record` VALUES (171,288,165,600,0,0,1,26,'2018-05-03');
INSERT INTO `ord_record` VALUES (172,163,166,24516,0,0,1,26,'2018-05-03');
INSERT INTO `ord_record` VALUES (173,169,167,28400,0,0,1,7,'2018-05-03');
INSERT INTO `ord_record` VALUES (174,170,168,8352,0,0,1,26,'2018-05-03');
INSERT INTO `ord_record` VALUES (175,155,169,450,0,0,1,26,'2018-05-03');
INSERT INTO `ord_record` VALUES (176,167,170,3286,0,0,1,26,'2018-05-03');
INSERT INTO `ord_record` VALUES (177,289,171,28400,0,0,1,26,'2018-05-03');
INSERT INTO `ord_record` VALUES (178,168,172,18291,0,0,1,26,'2018-05-03');
INSERT INTO `ord_record` VALUES (179,159,173,10000,0,0,1,26,'2018-05-03');
INSERT INTO `ord_record` VALUES (180,160,174,300,0,0,1,26,'2018-05-05');
INSERT INTO `ord_record` VALUES (181,175,175,100,0,0,1,26,'2018-05-05');
INSERT INTO `ord_record` VALUES (182,288,176,100,0,0,1,26,'2018-05-05');
INSERT INTO `ord_record` VALUES (183,175,177,5875,0,0,1,26,'2018-05-07');
INSERT INTO `ord_record` VALUES (184,288,178,5875,0,0,1,26,'2018-05-05');
INSERT INTO `ord_record` VALUES (185,160,179,18544,0,0,1,26,'2018-05-07');
INSERT INTO `ord_record` VALUES (186,175,180,6050,0,0,1,26,'2018-05-05');
INSERT INTO `ord_record` VALUES (187,288,181,6050,0,0,1,26,'2018-05-07');
INSERT INTO `ord_record` VALUES (188,175,182,58520,0,0,1,26,'2018-05-07');
INSERT INTO `ord_record` VALUES (189,288,183,58520,0,0,1,26,'2018-05-07');
INSERT INTO `ord_record` VALUES (190,108,184,21,0,0,1,7,'2018-05-11');
INSERT INTO `ord_record` VALUES (191,102,185,5210,0,0,1,7,'2018-05-19');
INSERT INTO `ord_record` VALUES (192,104,186,1068,0,0,1,7,'2018-05-19');
INSERT INTO `ord_record` VALUES (193,112,187,2295,0,0,1,7,'2018-05-18');
INSERT INTO `ord_record` VALUES (194,108,188,76,0,0,1,7,'2018-05-11');
INSERT INTO `ord_record` VALUES (195,102,189,75,0,0,1,7,'2018-05-19');
INSERT INTO `ord_record` VALUES (196,106,190,15,0,0,1,26,'2018-05-16');
INSERT INTO `ord_record` VALUES (197,114,191,92,0,0,1,26,'2018-05-14');
INSERT INTO `ord_record` VALUES (198,111,192,5680,0,0,1,26,'2018-05-18');
INSERT INTO `ord_record` VALUES (199,111,193,18540,0,0,1,26,'2018-05-21');
INSERT INTO `ord_record` VALUES (200,102,194,2873,0,0,1,7,'2018-05-19');
INSERT INTO `ord_record` VALUES (201,122,195,560,0,0,1,27,'2018-04-25');
INSERT INTO `ord_record` VALUES (202,122,196,404,0,0,1,27,'2018-04-25');
INSERT INTO `ord_record` VALUES (203,139,197,124,0,0,1,26,'2018-04-25');
INSERT INTO `ord_record` VALUES (205,291,199,235,0,0,1,27,'2018-04-26');
INSERT INTO `ord_record` VALUES (206,132,200,6005,0,0,1,27,'2018-05-02');
INSERT INTO `ord_record` VALUES (207,141,201,502,0,0,1,7,'2018-04-26');
INSERT INTO `ord_record` VALUES (208,125,202,500,0,0,1,26,'2018-05-02');
INSERT INTO `ord_record` VALUES (209,122,203,9360,0,0,1,27,'2018-05-10');
INSERT INTO `ord_record` VALUES (210,132,204,1001,0,0,1,26,'2018-05-10');
INSERT INTO `ord_record` VALUES (211,133,205,500,0,0,1,26,'2018-05-10');
INSERT INTO `ord_record` VALUES (212,179,206,3084,0,0,1,26,'2018-05-08');
INSERT INTO `ord_record` VALUES (213,268,207,100,0,0,1,26,'2018-05-15');
INSERT INTO `ord_record` VALUES (214,179,208,53206,0,0,1,26,'2018-05-15');
INSERT INTO `ord_record` VALUES (215,194,209,509,0,0,1,26,'2018-05-12');
INSERT INTO `ord_record` VALUES (216,271,210,1759,0,0,1,26,'2018-05-15');
INSERT INTO `ord_record` VALUES (217,226,211,1037,0,0,1,26,'2018-05-15');
INSERT INTO `ord_record` VALUES (218,268,212,12169,0,0,1,26,'2018-05-22');
INSERT INTO `ord_record` VALUES (219,226,213,9245,0,0,1,26,'2018-05-22');
INSERT INTO `ord_record` VALUES (220,179,214,43305,0,0,1,26,'2018-05-22');
INSERT INTO `ord_record` VALUES (221,271,215,11922,0,0,1,26,'2018-05-22');
INSERT INTO `ord_record` VALUES (222,226,216,6336,0,0,1,26,'2018-05-27');
INSERT INTO `ord_record` VALUES (223,273,217,6000,0,0,1,27,'2018-05-29');
INSERT INTO `ord_record` VALUES (224,266,218,18360,0,0,1,26,'2018-06-05');
INSERT INTO `ord_record` VALUES (225,179,219,38811,0,0,1,26,'2018-05-15');
INSERT INTO `ord_record` VALUES (226,179,220,53872,0,0,1,26,'2018-05-22');
INSERT INTO `ord_record` VALUES (227,226,221,151,0,0,1,26,'2018-05-27');
INSERT INTO `ord_record` VALUES (228,292,222,2600,0,0,0,NULL,'2018-04-05');
INSERT INTO `ord_record` VALUES (229,293,223,1000,0,0,0,NULL,'2018-04-05');
INSERT INTO `ord_record` VALUES (230,294,224,6100,0,0,0,NULL,'2018-04-06');
INSERT INTO `ord_record` VALUES (231,295,225,270,0,0,0,NULL,'2018-04-13');
INSERT INTO `ord_record` VALUES (232,296,226,200,0,0,0,NULL,NULL);
INSERT INTO `ord_record` VALUES (233,297,227,5100,0,0,0,NULL,'2018-04-15');
INSERT INTO `ord_record` VALUES (234,267,228,20,0,0,1,26,'2018-05-07');
INSERT INTO `ord_record` VALUES (235,315,229,823,0,0,1,27,'2018-05-22');
INSERT INTO `ord_record` VALUES (236,226,230,132,0,0,1,26,'2018-05-27');
INSERT INTO `ord_record` VALUES (237,226,231,12286,0,0,1,26,'2018-05-29');
INSERT INTO `ord_record` VALUES (238,226,232,6336,0,0,1,26,'2018-06-03');
INSERT INTO `ord_record` VALUES (239,271,233,11735,0,0,1,26,'2018-05-29');
INSERT INTO `ord_record` VALUES (240,268,234,22555,0,0,1,26,'2018-05-29');
INSERT INTO `ord_record` VALUES (241,316,235,6000,0,0,1,29,'2018-06-05');
INSERT INTO `ord_record` VALUES (242,273,236,6000,0,0,1,27,'2018-06-05');
INSERT INTO `ord_record` VALUES (243,320,237,33690,0,0,1,29,'2018-06-05');
INSERT INTO `ord_record` VALUES (244,266,238,8000,0,0,1,26,'2018-06-05');
INSERT INTO `ord_record` VALUES (245,275,239,1000,0,0,1,28,'2018-06-07');
INSERT INTO `ord_record` VALUES (246,266,240,107271,0,0,1,26,'2018-06-12');
INSERT INTO `ord_record` VALUES (247,275,241,1000,0,0,1,28,'2018-05-24');
INSERT INTO `ord_record` VALUES (248,275,242,4439,0,0,1,28,'2018-05-31');
INSERT INTO `ord_record` VALUES (249,275,243,1937,0,0,1,28,'2018-06-05');
INSERT INTO `ord_record` VALUES (250,275,244,5392,0,0,1,28,'2018-06-07');
INSERT INTO `ord_record` VALUES (251,275,245,5981,0,0,1,28,'2018-06-14');
INSERT INTO `ord_record` VALUES (252,268,246,6477,0,0,1,26,'2018-05-29');
INSERT INTO `ord_record` VALUES (253,226,247,13519,0,0,1,26,'2018-06-05');
INSERT INTO `ord_record` VALUES (254,268,248,32505,0,0,1,26,'2018-06-05');
INSERT INTO `ord_record` VALUES (255,321,249,20000,0,0,1,27,'2018-06-05');
INSERT INTO `ord_record` VALUES (256,315,250,364,0,0,1,27,'2018-06-05');
INSERT INTO `ord_record` VALUES (257,271,251,10752,0,0,1,26,'2018-06-05');
INSERT INTO `ord_record` VALUES (258,226,252,13884,0,0,1,26,'2018-06-10');
INSERT INTO `ord_record` VALUES (259,279,253,2165,0,0,1,28,'2018-06-12');
INSERT INTO `ord_record` VALUES (260,266,254,22818,0,0,1,26,'2018-06-19');
INSERT INTO `ord_record` VALUES (261,278,255,8,0,0,1,26,NULL);
INSERT INTO `ord_record` VALUES (262,322,256,5300,0,0,1,NULL,'2018-06-05');
INSERT INTO `ord_record` VALUES (263,315,257,303,0,0,1,27,'2018-05-21');
INSERT INTO `ord_record` VALUES (264,323,258,3072,0,0,1,28,'2018-06-02');
INSERT INTO `ord_record` VALUES (265,268,259,3807,0,0,1,26,'2018-06-05');
INSERT INTO `ord_record` VALUES (266,268,260,34533,0,0,1,26,'2018-06-12');
INSERT INTO `ord_record` VALUES (267,271,261,814,0,0,1,26,'2018-06-05');
INSERT INTO `ord_record` VALUES (268,315,262,1091,0,0,1,27,'2018-06-05');
INSERT INTO `ord_record` VALUES (269,323,263,4248,0,0,1,28,'2018-06-09');
INSERT INTO `ord_record` VALUES (270,226,264,7274,0,0,1,26,'2018-06-12');
INSERT INTO `ord_record` VALUES (271,271,265,14729,0,0,1,26,'2018-06-12');
INSERT INTO `ord_record` VALUES (272,226,266,5515,0,0,1,26,'2018-06-17');
INSERT INTO `ord_record` VALUES (273,316,267,6000,0,0,1,29,'2018-06-19');
INSERT INTO `ord_record` VALUES (274,324,268,20000,0,0,1,27,'2018-06-19');
INSERT INTO `ord_record` VALUES (275,323,269,4164,0,0,1,28,'2018-06-23');
INSERT INTO `ord_record` VALUES (276,209,270,8000,0,0,1,29,'2018-06-26');
INSERT INTO `ord_record` VALUES (277,266,271,46717,0,0,1,26,'2018-06-26');
INSERT INTO `ord_record` VALUES (278,267,272,945,0,0,0,26,'2018-06-19');
INSERT INTO `ord_record` VALUES (279,315,273,544,0,0,1,27,'2018-06-19');
INSERT INTO `ord_record` VALUES (280,268,274,5454,0,0,1,26,'2018-06-19');
INSERT INTO `ord_record` VALUES (281,271,275,9457,0,0,1,26,'2018-06-19');
INSERT INTO `ord_record` VALUES (282,270,276,20000,0,0,1,29,'2018-06-26');
INSERT INTO `ord_record` VALUES (283,209,277,8000,0,0,1,29,'2018-07-03');
INSERT INTO `ord_record` VALUES (284,266,278,25007,0,0,1,26,'2018-07-03');
INSERT INTO `ord_record` VALUES (289,194,282,927,0,0,1,NULL,'2018-07-07');
INSERT INTO `ord_record` VALUES (290,209,283,8000,0,0,1,29,'2018-07-10');
INSERT INTO `ord_record` VALUES (291,266,283,64936,0,1,1,26,'2018-07-10');
INSERT INTO `ord_record` VALUES (292,226,284,979,0,0,1,26,'2018-07-01');
INSERT INTO `ord_record` VALUES (293,316,285,6000,0,0,1,29,'2018-07-03');
INSERT INTO `ord_record` VALUES (294,273,285,6000,0,1,1,27,'2018-07-03');
INSERT INTO `ord_record` VALUES (295,266,285,18803,0,2,1,26,'2018-07-03');
INSERT INTO `ord_record` VALUES (296,315,286,218,0,0,1,27,'2018-06-19');
INSERT INTO `ord_record` VALUES (297,271,287,12026,0,0,1,26,'2018-06-26');
INSERT INTO `ord_record` VALUES (298,315,287,304,0,1,1,27,'2018-06-26');
INSERT INTO `ord_record` VALUES (299,226,287,5321,0,2,1,26,'2018-06-26');
INSERT INTO `ord_record` VALUES (300,327,288,6000,0,0,1,NULL,'2018-06-05');
INSERT INTO `ord_record` VALUES (301,328,288,6000,0,1,1,26,'2018-06-05');
INSERT INTO `ord_record` VALUES (302,329,288,6000,0,2,1,26,'2018-06-05');
INSERT INTO `ord_record` VALUES (303,330,289,550,0,0,0,NULL,'2018-04-12');
INSERT INTO `ord_record` VALUES (304,239,290,2300,0,0,0,NULL,'2018-04-13');
INSERT INTO `ord_record` VALUES (305,301,291,650,0,0,0,NULL,'2018-04-15');
INSERT INTO `ord_record` VALUES (306,224,292,3000,0,0,0,NULL,'2018-04-14');
INSERT INTO `ord_record` VALUES (307,222,293,125,0,0,1,NULL,NULL);
INSERT INTO `ord_record` VALUES (308,101,294,1955,0,0,1,7,'2018-05-30');
INSERT INTO `ord_record` VALUES (309,117,295,2564,0,0,1,7,'2018-05-28');
INSERT INTO `ord_record` VALUES (310,102,296,2277,0,0,1,7,'2018-05-30');
INSERT INTO `ord_record` VALUES (311,170,297,4456,0,0,1,26,'2018-05-10');
INSERT INTO `ord_record` VALUES (312,169,298,28670,0,0,1,7,'2018-05-10');
INSERT INTO `ord_record` VALUES (313,168,299,13688,0,0,1,26,'2018-05-10');
INSERT INTO `ord_record` VALUES (314,122,300,52560,0,0,1,27,'2018-05-16');
INSERT INTO `ord_record` VALUES (315,144,301,1798,0,0,1,7,'2018-05-15');
INSERT INTO `ord_record` VALUES (316,123,302,2001,0,0,1,7,'2018-05-05');
INSERT INTO `ord_record` VALUES (317,135,303,5045,0,0,1,28,'2018-05-15');
INSERT INTO `ord_record` VALUES (318,277,304,1002,0,0,1,27,'2018-05-15');
INSERT INTO `ord_record` VALUES (319,120,305,832,0,0,1,7,'2018-05-26');
INSERT INTO `ord_record` VALUES (320,275,306,18749,0,0,1,28,'2018-05-31');
INSERT INTO `ord_record` VALUES (321,279,307,2165,0,0,1,28,'2018-06-12');
INSERT INTO `ord_record` VALUES (322,323,308,11484,0,0,1,28,'2018-06-09');
INSERT INTO `ord_record` VALUES (323,322,309,5300,0,0,1,7,'2018-06-05');
INSERT INTO `ord_record` VALUES (324,228,310,20000,0,0,1,27,'2018-06-05');
INSERT INTO `ord_record` VALUES (325,266,311,22818,0,0,1,26,'2018-06-19');
INSERT INTO `ord_record` VALUES (326,226,312,27403,0,0,1,26,'2018-06-05');
INSERT INTO `ord_record` VALUES (327,315,313,364,0,0,1,27,'2018-06-05');
INSERT INTO `ord_record` VALUES (328,268,314,38982,0,0,1,26,'2018-05-29');
INSERT INTO `ord_record` VALUES (329,271,315,10752,0,0,1,26,'2018-06-05');
INSERT INTO `ord_record` VALUES (330,266,316,46717,0,0,1,26,'2018-06-26');
INSERT INTO `ord_record` VALUES (331,226,317,12789,0,0,1,26,'2018-06-12');
INSERT INTO `ord_record` VALUES (332,324,318,20000,0,0,1,27,'2018-06-19');
INSERT INTO `ord_record` VALUES (333,316,319,6000,0,0,1,29,'2018-06-19');
INSERT INTO `ord_record` VALUES (334,315,320,1394,0,0,1,27,'2018-06-05');
INSERT INTO `ord_record` VALUES (335,268,321,38340,0,0,1,26,'2018-06-12');
INSERT INTO `ord_record` VALUES (336,271,322,15543,0,0,1,26,'2018-06-12');
INSERT INTO `ord_record` VALUES (337,266,323,25007,0,0,1,26,'2018-07-03');
INSERT INTO `ord_record` VALUES (338,270,324,20000,0,0,1,27,'2018-06-26');
INSERT INTO `ord_record` VALUES (339,209,325,8000,0,0,1,27,'2018-07-03');
INSERT INTO `ord_record` VALUES (340,267,326,945,0,0,1,26,'2018-06-19');
INSERT INTO `ord_record` VALUES (341,315,327,544,0,0,1,27,'2018-06-19');
INSERT INTO `ord_record` VALUES (342,268,328,5454,0,0,1,26,'2018-06-19');
INSERT INTO `ord_record` VALUES (343,271,329,9457,0,0,1,26,'2018-06-19');
INSERT INTO `ord_record` VALUES (344,191,330,8015,0,0,1,NULL,'2018-05-26');
INSERT INTO `ord_record` VALUES (345,266,331,10295,0,0,1,26,'2018-07-03');
INSERT INTO `ord_record` VALUES (346,268,332,92965,0,0,1,26,'2018-06-05');
INSERT INTO `ord_record` VALUES (347,271,333,8333,0,0,1,26,'2018-06-19');
INSERT INTO `ord_record` VALUES (348,202,334,8020,0,0,1,26,'2018-05-26');
INSERT INTO `ord_record` VALUES (349,194,335,927,0,0,1,NULL,'2018-07-07');
INSERT INTO `ord_record` VALUES (350,266,336,83739,0,0,1,26,'2018-06-03');
INSERT INTO `ord_record` VALUES (351,226,337,6300,0,0,1,26,'2018-06-26');
INSERT INTO `ord_record` VALUES (352,316,338,6000,0,0,1,29,'2018-07-03');
INSERT INTO `ord_record` VALUES (353,315,339,522,0,0,1,27,'2018-06-26');
INSERT INTO `ord_record` VALUES (354,271,340,12026,0,0,1,26,'2018-06-26');
INSERT INTO `ord_record` VALUES (355,273,341,6000,0,0,1,27,'2018-07-03');
INSERT INTO `ord_record` VALUES (356,169,342,38860,0,0,1,7,'2018-06-07');
INSERT INTO `ord_record` VALUES (357,36,343,1000,0,0,0,30,'2018-06-02');
INSERT INTO `ord_record` VALUES (358,102,344,115,0,0,1,7,'2018-05-30');
INSERT INTO `ord_record` VALUES (359,92,345,90,0,0,1,7,'2018-05-21');
INSERT INTO `ord_record` VALUES (360,169,346,38740,0,0,1,7,'2018-06-07');
INSERT INTO `ord_record` VALUES (361,303,347,1250,1250,0,3,NULL,NULL);
INSERT INTO `ord_record` VALUES (362,303,348,1250,1165,0,2,NULL,NULL);
INSERT INTO `ord_record` VALUES (363,266,349,64014,0,0,1,26,'2018-07-17');
INSERT INTO `ord_record` VALUES (364,226,350,16395,0,0,1,26,'2018-07-03');
INSERT INTO `ord_record` VALUES (365,334,351,20000,0,0,1,27,'2018-07-17');
INSERT INTO `ord_record` VALUES (366,316,352,12000,0,0,1,29,'2018-07-03');
INSERT INTO `ord_record` VALUES (367,267,353,384,0,0,1,26,'2018-06-26');
INSERT INTO `ord_record` VALUES (368,320,354,33690,0,0,1,29,'2018-07-10');
INSERT INTO `ord_record` VALUES (369,271,355,5016,0,0,1,26,'2018-07-03');
INSERT INTO `ord_record` VALUES (370,179,356,35612,0,0,1,26,'2018-07-03');
INSERT INTO `ord_record` VALUES (371,111,357,16340,0,0,1,26,'2018-06-02');
INSERT INTO `ord_record` VALUES (372,107,358,255,0,0,1,26,'2018-06-09');
INSERT INTO `ord_record` VALUES (373,100,359,1,0,0,1,26,'2018-05-26');
INSERT INTO `ord_record` VALUES (374,111,360,16355,0,0,1,26,'2018-06-09');
INSERT INTO `ord_record` VALUES (375,103,361,100,0,0,1,7,'2018-05-23');
INSERT INTO `ord_record` VALUES (376,101,362,524,0,0,1,7,'2018-06-05');
INSERT INTO `ord_record` VALUES (377,108,363,640,0,0,1,7,'2018-06-08');
INSERT INTO `ord_record` VALUES (378,102,364,6242,0,0,1,7,'2018-06-05');
INSERT INTO `ord_record` VALUES (379,118,365,420,0,0,1,7,'2018-06-07');
INSERT INTO `ord_record` VALUES (380,114,366,600,0,0,1,26,'2018-06-11');
INSERT INTO `ord_record` VALUES (381,108,367,25,0,0,1,7,'2018-06-08');
INSERT INTO `ord_record` VALUES (382,100,368,23,0,0,1,26,'2018-05-26');
INSERT INTO `ord_record` VALUES (383,111,369,12421,0,0,1,26,'2018-05-26');
INSERT INTO `ord_record` VALUES (384,117,370,225,0,0,1,7,'2018-05-17');
INSERT INTO `ord_record` VALUES (385,112,371,84,0,0,1,7,'2018-05-18');
INSERT INTO `ord_record` VALUES (386,112,372,24,0,0,1,7,'2018-05-28');
INSERT INTO `ord_record` VALUES (387,106,373,515,0,0,1,26,'2018-05-30');
INSERT INTO `ord_record` VALUES (388,99,373,1986,0,1,1,26,'2018-05-30');
INSERT INTO `ord_record` VALUES (389,99,374,524,0,0,1,26,'2018-06-05');
INSERT INTO `ord_record` VALUES (390,108,375,640,0,0,1,7,'2018-06-08');
INSERT INTO `ord_record` VALUES (391,102,376,6242,0,0,1,7,'2018-06-05');
INSERT INTO `ord_record` VALUES (392,118,377,420,0,0,1,7,'2018-06-07');
INSERT INTO `ord_record` VALUES (393,114,378,600,0,0,1,26,'2018-06-11');
INSERT INTO `ord_record` VALUES (394,108,379,25,0,0,1,7,'2018-06-08');
INSERT INTO `ord_record` VALUES (395,102,380,6449,0,0,1,7,'2018-06-15');
INSERT INTO `ord_record` VALUES (396,117,381,68,0,0,1,7,'2018-06-09');
INSERT INTO `ord_record` VALUES (397,117,382,3193,0,0,1,7,'2018-06-15');
INSERT INTO `ord_record` VALUES (398,78,383,24,0,0,1,26,'2018-06-18');
INSERT INTO `ord_record` VALUES (399,46,384,605,0,0,1,26,'2018-06-14');
INSERT INTO `ord_record` VALUES (400,47,385,20000,0,0,1,26,'2018-07-06');
INSERT INTO `ord_record` VALUES (401,175,386,42345,0,0,1,26,'2018-06-18');
INSERT INTO `ord_record` VALUES (402,175,387,250,0,0,1,26,'2018-06-19');
INSERT INTO `ord_record` VALUES (403,288,388,42280,0,0,1,26,'2018-06-18');
INSERT INTO `ord_record` VALUES (404,288,389,250,0,0,1,26,'2018-06-19');
INSERT INTO `ord_record` VALUES (405,165,390,36312,0,0,1,26,'2018-06-21');
INSERT INTO `ord_record` VALUES (406,166,391,36312,0,0,1,26,'2018-06-21');
INSERT INTO `ord_record` VALUES (407,289,392,36312,0,0,1,26,'2018-06-21');
INSERT INTO `ord_record` VALUES (408,158,393,10000,0,0,1,26,'2018-06-21');
INSERT INTO `ord_record` VALUES (409,155,394,4320,0,0,1,26,'2018-06-21');
INSERT INTO `ord_record` VALUES (410,163,395,184,0,0,1,26,'2018-06-21');
INSERT INTO `ord_record` VALUES (411,170,396,2595,0,0,1,26,'2018-06-21');
INSERT INTO `ord_record` VALUES (412,164,397,137,0,0,1,26,'2018-06-21');
INSERT INTO `ord_record` VALUES (413,167,398,196,0,0,1,26,'2018-06-21');
INSERT INTO `ord_record` VALUES (414,163,399,18816,0,0,1,26,'2018-06-21');
INSERT INTO `ord_record` VALUES (415,169,400,36312,0,0,1,7,'2018-06-21');
INSERT INTO `ord_record` VALUES (416,170,401,6310,0,0,1,26,'2018-06-21');
INSERT INTO `ord_record` VALUES (417,155,402,324,0,0,1,26,'2018-06-21');
INSERT INTO `ord_record` VALUES (418,164,403,1000,0,0,1,26,'2018-06-21');
INSERT INTO `ord_record` VALUES (419,167,404,3570,0,0,1,26,'2018-06-21');
INSERT INTO `ord_record` VALUES (420,168,405,3949,0,0,1,26,'2018-06-21');
INSERT INTO `ord_record` VALUES (421,159,406,10000,0,0,1,7,'2018-06-21');
INSERT INTO `ord_record` VALUES (422,102,407,1988,0,0,1,7,'2018-07-02');
INSERT INTO `ord_record` VALUES (423,109,408,50,0,0,1,7,'2018-06-07');
INSERT INTO `ord_record` VALUES (424,112,409,30,0,0,1,7,'2018-06-29');
INSERT INTO `ord_record` VALUES (425,99,410,1009,0,0,1,26,'2018-07-07');
INSERT INTO `ord_record` VALUES (426,122,411,30240,0,0,1,27,'2018-06-14');
INSERT INTO `ord_record` VALUES (427,133,412,1125,0,0,1,26,'2018-06-08');
INSERT INTO `ord_record` VALUES (428,291,413,1125,0,0,1,27,'2018-06-08');
INSERT INTO `ord_record` VALUES (429,335,414,130,0,0,1,27,'2018-06-08');
INSERT INTO `ord_record` VALUES (430,143,415,1200,0,0,1,27,'2018-07-01');
INSERT INTO `ord_record` VALUES (431,143,416,1200,0,0,1,27,'2018-07-01');
INSERT INTO `ord_record` VALUES (433,143,418,1200,0,0,1,NULL,'2018-07-01');
INSERT INTO `ord_record` VALUES (434,125,419,502,0,0,1,26,'2018-06-17');
INSERT INTO `ord_record` VALUES (435,267,420,384,0,0,1,26,'2018-06-26');
INSERT INTO `ord_record` VALUES (436,226,421,43,0,0,1,26,'2018-06-26');
INSERT INTO `ord_record` VALUES (437,271,422,5016,0,0,1,26,'2018-07-03');
INSERT INTO `ord_record` VALUES (438,226,423,16352,0,0,1,26,'2018-07-03');
INSERT INTO `ord_record` VALUES (439,179,424,35612,0,0,1,26,'2018-07-03');
INSERT INTO `ord_record` VALUES (440,316,425,6000,0,0,1,29,'2018-07-03');
INSERT INTO `ord_record` VALUES (441,320,426,33690,0,0,1,29,'2018-07-10');
INSERT INTO `ord_record` VALUES (442,316,427,6000,0,0,1,29,'2018-07-10');
INSERT INTO `ord_record` VALUES (443,334,428,20000,0,0,1,27,'2018-07-17');
INSERT INTO `ord_record` VALUES (444,266,429,64014,0,0,1,26,'2018-07-17');
INSERT INTO `ord_record` VALUES (445,337,430,3500,2224.5,0,2,NULL,'2018-06-15');
INSERT INTO `ord_record` VALUES (446,336,431,50,0,0,1,NULL,'2018-06-15');
INSERT INTO `ord_record` VALUES (447,111,432,12335,0,0,1,26,'2018-06-30');
INSERT INTO `ord_record` VALUES (448,173,433,8448,0,0,1,7,'2018-06-18');
INSERT INTO `ord_record` VALUES (449,160,434,6762,0,0,1,26,'2018-06-18');
INSERT INTO `ord_record` VALUES (450,260,435,800,0,0,1,NULL,NULL);
INSERT INTO `ord_record` VALUES (451,102,436,219,0,0,1,7,'2018-06-26');
INSERT INTO `ord_record` VALUES (452,102,437,6695,0,0,1,7,'2018-07-02');
INSERT INTO `ord_record` VALUES (453,117,438,2570,0,0,1,7,'2018-06-09');
INSERT INTO `ord_record` VALUES (454,112,439,6013,0,0,1,7,'2018-06-25');
INSERT INTO `ord_record` VALUES (455,112,440,1785,0,0,1,7,'2018-06-29');
INSERT INTO `ord_record` VALUES (456,108,441,3417,0,0,1,7,'2018-07-07');
INSERT INTO `ord_record` VALUES (457,104,442,3408,0,0,1,7,'2018-06-28');
INSERT INTO `ord_record` VALUES (458,104,443,48,0,0,1,7,'2018-07-06');
INSERT INTO `ord_record` VALUES (459,109,444,7210,0,0,1,7,'2018-06-28');
INSERT INTO `ord_record` VALUES (460,114,445,3508,0,0,1,26,'2018-07-12');
INSERT INTO `ord_record` VALUES (461,99,446,15,0,0,1,26,'2018-07-07');
INSERT INTO `ord_record` VALUES (462,102,447,6026,0,0,1,7,'2018-07-10');
INSERT INTO `ord_record` VALUES (463,103,448,1520,0,0,1,7,'2018-07-11');
INSERT INTO `ord_record` VALUES (464,117,449,595,0,0,1,7,'2018-07-09');
INSERT INTO `ord_record` VALUES (465,251,450,200,0,0,1,NULL,NULL);
INSERT INTO `ord_record` VALUES (466,255,451,130,130,0,3,NULL,'2018-06-15');
INSERT INTO `ord_record` VALUES (467,255,452,370,311,0,2,NULL,NULL);
INSERT INTO `ord_record` VALUES (468,155,453,367,0,0,1,26,'2018-06-26');
INSERT INTO `ord_record` VALUES (469,173,454,303,0,0,1,7,'2018-06-25');
INSERT INTO `ord_record` VALUES (470,173,455,10000,0,0,1,7,'2018-06-25');
INSERT INTO `ord_record` VALUES (471,164,456,1,0,0,1,26,'2018-06-25');
INSERT INTO `ord_record` VALUES (472,167,457,400,0,0,1,26,'2018-06-26');
INSERT INTO `ord_record` VALUES (473,168,458,1,0,0,1,26,'2018-06-25');
INSERT INTO `ord_record` VALUES (474,175,459,26928,0,0,1,26,'2018-06-25');
INSERT INTO `ord_record` VALUES (475,288,460,26968,0,0,1,26,'2018-06-25');
INSERT INTO `ord_record` VALUES (476,338,461,800,0,0,1,NULL,'2018-06-17');
INSERT INTO `ord_record` VALUES (477,245,462,520,0,0,1,NULL,NULL);
INSERT INTO `ord_record` VALUES (478,243,463,70,65.8,0,2,NULL,NULL);
INSERT INTO `ord_record` VALUES (479,296,464,1300,0,0,1,NULL,NULL);
INSERT INTO `ord_record` VALUES (480,252,465,600,0,0,1,NULL,NULL);
INSERT INTO `ord_record` VALUES (481,271,466,5925,0,0,1,26,'2018-07-10');
INSERT INTO `ord_record` VALUES (482,275,467,1335,0,0,1,28,'2018-07-14');
INSERT INTO `ord_record` VALUES (483,275,468,1209,0,0,1,28,'2018-07-14');
INSERT INTO `ord_record` VALUES (484,340,469,8000,0,0,1,29,'2018-07-17');
INSERT INTO `ord_record` VALUES (485,270,470,20000,0,0,1,29,'2018-07-17');
INSERT INTO `ord_record` VALUES (486,316,470,6000,0,1,1,29,'2018-07-17');
INSERT INTO `ord_record` VALUES (487,266,470,26893,0,2,1,26,'2018-07-17');
INSERT INTO `ord_record` VALUES (488,275,471,3693,0,0,1,28,'2018-07-21');
INSERT INTO `ord_record` VALUES (489,266,472,47721,0,0,1,26,'2018-07-24');
INSERT INTO `ord_record` VALUES (490,226,473,9151,0,0,1,26,'2018-07-03');
INSERT INTO `ord_record` VALUES (491,226,474,1987,0,0,1,26,'2018-07-09');
INSERT INTO `ord_record` VALUES (492,226,475,8120,0,0,1,26,'2018-07-10');
INSERT INTO `ord_record` VALUES (493,179,475,20154,0,1,1,26,'2018-07-10');
INSERT INTO `ord_record` VALUES (494,271,476,4538,0,0,1,26,'2018-07-10');
INSERT INTO `ord_record` VALUES (495,271,477,6180,0,0,1,26,'2018-07-17');
INSERT INTO `ord_record` VALUES (496,226,478,8919,0,0,1,26,'2018-07-10');
INSERT INTO `ord_record` VALUES (497,226,479,7281,0,0,1,26,'2018-07-16');
INSERT INTO `ord_record` VALUES (498,179,480,7309,0,0,1,26,'2018-07-17');
INSERT INTO `ord_record` VALUES (499,270,481,20000,0,0,1,29,'2018-07-17');
INSERT INTO `ord_record` VALUES (500,226,482,16014,0,0,1,26,'2018-07-17');
INSERT INTO `ord_record` VALUES (501,275,483,1000,0,0,1,28,'2018-07-24');
INSERT INTO `ord_record` VALUES (502,316,484,9205,0,0,1,29,'2018-07-24');
INSERT INTO `ord_record` VALUES (503,273,485,6000,0,0,1,27,'2018-07-24');
INSERT INTO `ord_record` VALUES (504,321,485,20000,0,1,1,27,'2018-07-24');
INSERT INTO `ord_record` VALUES (505,266,485,51564,0,2,1,26,'2018-07-24');
INSERT INTO `ord_record` VALUES (506,323,486,4039,0,0,1,28,'2018-07-28');
INSERT INTO `ord_record` VALUES (507,275,486,1000,0,1,1,28,'2018-07-28');
INSERT INTO `ord_record` VALUES (508,266,487,43125,0,0,1,26,'2018-07-31');
INSERT INTO `ord_record` VALUES (509,295,488,400,0,0,1,NULL,NULL);
INSERT INTO `ord_record` VALUES (510,144,489,3004,0,0,1,7,'2018-06-25');
INSERT INTO `ord_record` VALUES (511,145,489,3004,0,1,1,26,'2018-06-25');
INSERT INTO `ord_record` VALUES (512,132,489,1001,0,2,1,27,'2018-06-25');
INSERT INTO `ord_record` VALUES (513,122,490,51840,0,0,1,27,'2018-06-26');
INSERT INTO `ord_record` VALUES (514,337,491,2800,0,0,1,NULL,NULL);
INSERT INTO `ord_record` VALUES (515,165,492,32264,0,0,1,26,'2018-06-28');
INSERT INTO `ord_record` VALUES (516,166,492,32264,0,1,1,26,'2018-06-28');
INSERT INTO `ord_record` VALUES (517,289,492,32264,0,2,1,26,'2018-06-28');
INSERT INTO `ord_record` VALUES (518,158,492,20005,0,3,1,26,'2018-06-28');
INSERT INTO `ord_record` VALUES (519,168,493,13525,0,0,1,26,'2018-06-29');
INSERT INTO `ord_record` VALUES (520,170,493,10890,0,1,1,26,'2018-06-29');
INSERT INTO `ord_record` VALUES (521,167,493,1180,0,2,1,26,'2018-06-29');
INSERT INTO `ord_record` VALUES (522,163,493,30580,0,3,1,26,'2018-06-29');
INSERT INTO `ord_record` VALUES (523,155,494,590,0,0,1,26,'2018-06-29');
INSERT INTO `ord_record` VALUES (524,164,494,14100,0,1,1,26,'2018-06-29');
INSERT INTO `ord_record` VALUES (525,159,494,20005,0,2,1,7,'2018-06-29');
INSERT INTO `ord_record` VALUES (526,175,494,715,0,3,1,26,'2018-06-29');
INSERT INTO `ord_record` VALUES (527,288,494,730,0,4,1,26,'2018-06-29');
INSERT INTO `ord_record` VALUES (528,169,494,32264,0,5,1,7,'2018-06-29');
INSERT INTO `ord_record` VALUES (529,158,494,26,0,6,1,26,'2018-06-29');
INSERT INTO `ord_record` VALUES (530,341,495,1000,0,0,0,NULL,NULL);
INSERT INTO `ord_record` VALUES (531,342,495,4500,0,1,0,NULL,NULL);
INSERT INTO `ord_record` VALUES (532,100,496,495,0,0,1,26,'2018-07-18');
INSERT INTO `ord_record` VALUES (533,111,497,8100,0,0,1,26,'2018-07-14');
INSERT INTO `ord_record` VALUES (534,101,498,385,0,0,1,7,'2018-07-16');
INSERT INTO `ord_record` VALUES (535,102,499,6644,0,0,1,7,'2018-07-16');
INSERT INTO `ord_record` VALUES (536,117,500,6283,0,0,1,7,'2018-07-14');
INSERT INTO `ord_record` VALUES (537,97,501,5576,0,0,1,7,'2018-07-13');
INSERT INTO `ord_record` VALUES (538,99,502,412,0,0,1,26,'2018-07-16');
INSERT INTO `ord_record` VALUES (539,107,502,500,0,1,1,26,'2018-07-16');
INSERT INTO `ord_record` VALUES (540,100,502,1764,0,2,1,26,'2018-07-16');
INSERT INTO `ord_record` VALUES (541,96,502,5566,0,3,1,26,'2018-07-16');
INSERT INTO `ord_record` VALUES (542,343,503,400,0,0,1,NULL,NULL);
INSERT INTO `ord_record` VALUES (543,344,504,550,0,0,1,NULL,NULL);
INSERT INTO `ord_record` VALUES (544,47,505,20000,0,0,1,26,'2018-07-20');
INSERT INTO `ord_record` VALUES (545,47,506,20000,0,0,1,26,'2018-07-26');
INSERT INTO `ord_record` VALUES (546,42,507,5000,0,0,1,NULL,'2018-07-15');
INSERT INTO `ord_record` VALUES (548,42,509,12000,0,0,1,NULL,'2018-06-25');
INSERT INTO `ord_record` VALUES (549,345,510,100,0,0,1,7,NULL);

#
# Source for table ord_record_record
#

DROP TABLE IF EXISTS `ord_record_record`;
CREATE TABLE `ord_record_record` (
  `purchase_record_id` int(11) NOT NULL DEFAULT '0',
  `sell_record_id` int(11) NOT NULL DEFAULT '0',
  PRIMARY KEY (`purchase_record_id`,`sell_record_id`),
  KEY `sell_record_id` (`sell_record_id`)
) ENGINE=InnoDB DEFAULT CHARSET=utf8;

#
# Dumping data for table ord_record_record
#

INSERT INTO `ord_record_record` VALUES (307,224);
INSERT INTO `ord_record_record` VALUES (361,356);
INSERT INTO `ord_record_record` VALUES (362,360);
INSERT INTO `ord_record_record` VALUES (445,426);
INSERT INTO `ord_record_record` VALUES (446,428);
INSERT INTO `ord_record_record` VALUES (450,448);
INSERT INTO `ord_record_record` VALUES (465,453);
INSERT INTO `ord_record_record` VALUES (466,455);
INSERT INTO `ord_record_record` VALUES (467,454);
INSERT INTO `ord_record_record` VALUES (476,421);
INSERT INTO `ord_record_record` VALUES (477,462);
INSERT INTO `ord_record_record` VALUES (478,456);
INSERT INTO `ord_record_record` VALUES (479,459);
INSERT INTO `ord_record_record` VALUES (480,457);
INSERT INTO `ord_record_record` VALUES (509,501);
INSERT INTO `ord_record_record` VALUES (514,513);
INSERT INTO `ord_record_record` VALUES (542,536);
INSERT INTO `ord_record_record` VALUES (543,537);
INSERT INTO `ord_record_record` VALUES (548,546);

#
# Source for table plan
#

DROP TABLE IF EXISTS `plan`;
CREATE TABLE `plan` (
  `Id` int(11) NOT NULL AUTO_INCREMENT,
  `serial` varchar(100) NOT NULL DEFAULT '',
  `name` varchar(100) DEFAULT NULL,
  `create_user_id` int(11) DEFAULT NULL,
  `create_time` datetime DEFAULT NULL,
  `bill_time` datetime DEFAULT NULL,
  `status` tinyint(3) NOT NULL DEFAULT '0' COMMENT '0-未审核 1-审核完成 2-下料完成 3-委外中 4-生产完成 5-入库完成',
  `comment` varchar(200) DEFAULT NULL,
  `material_id` int(11) DEFAULT '0',
  `num` double(9,2) DEFAULT NULL,
  PRIMARY KEY (`Id`),
  KEY `fk_plan_material` (`material_id`)
) ENGINE=InnoDB AUTO_INCREMENT=38 DEFAULT CHARSET=utf8;

#
# Dumping data for table plan
#

INSERT INTO `plan` VALUES (27,'SCRW-20180301-001','',5,'2018-03-01 02:20:14',NULL,0,NULL,179,17448);
INSERT INTO `plan` VALUES (28,'SCRW-20180301-002','',5,'2018-03-01 05:29:55',NULL,0,NULL,179,17448);
INSERT INTO `plan` VALUES (29,'SCRW-20180301-003','',5,'2018-03-01 05:43:56',NULL,0,NULL,179,17448);
INSERT INTO `plan` VALUES (30,'SCRW-20180307-001','',1,'2018-03-07 05:12:49',NULL,0,NULL,179,17448);
INSERT INTO `plan` VALUES (31,'SCRW-20180307-002','',1,'2018-03-07 05:13:50',NULL,0,NULL,36,3001);
INSERT INTO `plan` VALUES (33,'SCRW-20180415-001','',1,'2018-04-15 09:06:05',NULL,4,NULL,36,1000);
INSERT INTO `plan` VALUES (34,'SCRW-20180415-002','',1,'2018-04-15 09:10:54',NULL,4,NULL,36,2000);
INSERT INTO `plan` VALUES (35,'SCRW-20180415-003','',5,'2018-04-15 04:27:03',NULL,4,NULL,34,2000);
INSERT INTO `plan` VALUES (37,'SCRW-20180623-001','',5,'2018-06-23 10:02:48',NULL,1,NULL,108,3417);

#
# Source for table plan_record
#

DROP TABLE IF EXISTS `plan_record`;
CREATE TABLE `plan_record` (
  `plan_id` int(11) NOT NULL DEFAULT '0',
  `sell_record_id` int(11) NOT NULL DEFAULT '0',
  PRIMARY KEY (`plan_id`,`sell_record_id`),
  KEY `sell_record_id` (`sell_record_id`)
) ENGINE=InnoDB DEFAULT CHARSET=utf8;

#
# Dumping data for table plan_record
#

INSERT INTO `plan_record` VALUES (27,33);
INSERT INTO `plan_record` VALUES (28,33);
INSERT INTO `plan_record` VALUES (29,33);
INSERT INTO `plan_record` VALUES (30,33);
INSERT INTO `plan_record` VALUES (31,32);
INSERT INTO `plan_record` VALUES (33,29);
INSERT INTO `plan_record` VALUES (34,30);
INSERT INTO `plan_record` VALUES (35,61);
INSERT INTO `plan_record` VALUES (37,456);

#
# Source for table plan_step
#

DROP TABLE IF EXISTS `plan_step`;
CREATE TABLE `plan_step` (
  `Id` int(11) NOT NULL AUTO_INCREMENT,
  `priority` int(11) DEFAULT NULL,
  `step_name` varchar(100) DEFAULT NULL,
  `type` int(11) NOT NULL DEFAULT '0' COMMENT '0-本厂生产 1-委外',
  `status` tinyint(3) NOT NULL DEFAULT '0' COMMENT '0-未完成 1-已经完成',
  `plan_id` int(11) DEFAULT NULL COMMENT '为了hibernate保存方便，允许为空',
  `finish_time` datetime DEFAULT NULL,
  `number` double(11,2) DEFAULT NULL,
  `step_id` int(11) DEFAULT NULL,
  PRIMARY KEY (`Id`),
  KEY `fk_step_plan` (`plan_id`),
  KEY `fk_plan_step` (`step_id`)
) ENGINE=InnoDB AUTO_INCREMENT=95 DEFAULT CHARSET=utf8;

#
# Dumping data for table plan_step
#

INSERT INTO `plan_step` VALUES (55,0,'冲孔',0,0,27,NULL,NULL,3);
INSERT INTO `plan_step` VALUES (56,1,'拉脚',0,0,27,NULL,NULL,6);
INSERT INTO `plan_step` VALUES (57,2,'蓝锌',0,0,27,NULL,NULL,26);
INSERT INTO `plan_step` VALUES (58,0,'冲孔',0,0,28,NULL,NULL,3);
INSERT INTO `plan_step` VALUES (59,1,'拉脚',0,0,28,NULL,NULL,6);
INSERT INTO `plan_step` VALUES (60,2,'蓝锌',0,0,28,NULL,NULL,26);
INSERT INTO `plan_step` VALUES (61,0,'冲孔',0,0,29,NULL,NULL,3);
INSERT INTO `plan_step` VALUES (62,1,'拉脚',0,0,29,NULL,NULL,6);
INSERT INTO `plan_step` VALUES (63,2,'蓝锌',0,0,29,NULL,NULL,26);
INSERT INTO `plan_step` VALUES (64,0,'冲孔',0,0,30,NULL,NULL,3);
INSERT INTO `plan_step` VALUES (65,1,'拉脚',0,0,30,NULL,NULL,6);
INSERT INTO `plan_step` VALUES (66,2,'彩锌',1,0,30,NULL,NULL,27);
INSERT INTO `plan_step` VALUES (67,0,NULL,0,0,31,NULL,NULL,10);
INSERT INTO `plan_step` VALUES (68,1,NULL,0,0,31,NULL,NULL,12);
INSERT INTO `plan_step` VALUES (69,2,NULL,0,0,31,NULL,NULL,13);
INSERT INTO `plan_step` VALUES (73,0,'成形',0,1,33,'2018-04-10',100,10);
INSERT INTO `plan_step` VALUES (74,1,'整形',0,1,33,'2018-04-15',100,12);
INSERT INTO `plan_step` VALUES (75,2,'剪边',0,1,33,'2018-04-15',100,13);
INSERT INTO `plan_step` VALUES (76,0,'成形',0,1,34,'2018-04-15',100,10);
INSERT INTO `plan_step` VALUES (77,1,'整形',0,1,34,'2018-04-15',100,12);
INSERT INTO `plan_step` VALUES (78,2,'剪边',0,1,34,'2018-04-15',100,13);
INSERT INTO `plan_step` VALUES (79,3,'蓝锌',1,1,34,'2018-04-15 09:14:23',100,26);
INSERT INTO `plan_step` VALUES (80,0,'冲孔',0,1,35,'2018-04-15',2000,3);
INSERT INTO `plan_step` VALUES (81,1,'拉脚',0,1,35,'2018-04-15',2000,6);
INSERT INTO `plan_step` VALUES (82,2,'彩锌',1,1,35,'2018-04-15 04:32:34',2000,27);
INSERT INTO `plan_step` VALUES (89,0,NULL,0,0,37,NULL,NULL,10);
INSERT INTO `plan_step` VALUES (90,1,NULL,0,0,37,NULL,NULL,12);
INSERT INTO `plan_step` VALUES (91,2,NULL,0,0,37,NULL,NULL,13);
INSERT INTO `plan_step` VALUES (92,3,NULL,0,0,37,NULL,NULL,14);
INSERT INTO `plan_step` VALUES (93,4,NULL,0,0,37,NULL,NULL,21);
INSERT INTO `plan_step` VALUES (94,5,NULL,0,0,37,NULL,NULL,7);

#
# Source for table process
#

DROP TABLE IF EXISTS `process`;
CREATE TABLE `process` (
  `Id` int(11) NOT NULL AUTO_INCREMENT,
  `serial` varchar(100) NOT NULL DEFAULT '',
  `name` varchar(100) DEFAULT NULL,
  `comment` varchar(100) DEFAULT NULL,
  `category_id` int(11) NOT NULL DEFAULT '0',
  PRIMARY KEY (`Id`),
  KEY `fk_process_category` (`category_id`)
) ENGINE=InnoDB AUTO_INCREMENT=40 DEFAULT CHARSET=utf8 ROW_FORMAT=COMPACT;

#
# Dumping data for table process
#

INSERT INTO `process` VALUES (37,'GY-001','华司工艺','',22);
INSERT INTO `process` VALUES (38,'GY-002','盆架工艺','',23);
INSERT INTO `process` VALUES (39,'GY-003','U铁','35.1Ｕ',28);

#
# Source for table process_step
#

DROP TABLE IF EXISTS `process_step`;
CREATE TABLE `process_step` (
  `Id` int(11) NOT NULL AUTO_INCREMENT,
  `process_id` int(11) DEFAULT '0',
  `step_serial` varchar(50) DEFAULT NULL,
  `step_name` varchar(100) DEFAULT NULL,
  `priority` int(11) DEFAULT '0',
  `type` tinyint(3) NOT NULL DEFAULT '0',
  `step_id` int(11) DEFAULT NULL,
  PRIMARY KEY (`Id`),
  KEY `fk_step_process` (`process_id`),
  KEY `fk_process_step` (`step_id`)
) ENGINE=InnoDB AUTO_INCREMENT=51 DEFAULT CHARSET=utf8;

#
# Dumping data for table process_step
#

INSERT INTO `process_step` VALUES (35,37,'GX003','冲孔',0,0,3);
INSERT INTO `process_step` VALUES (36,37,'GX006','拉脚',1,0,6);
INSERT INTO `process_step` VALUES (42,37,'ＧＸ027','彩锌',2,1,27);
INSERT INTO `process_step` VALUES (43,39,'GX010','成形',0,0,10);
INSERT INTO `process_step` VALUES (44,39,'GX009','喷砂+车边',1,1,9);
INSERT INTO `process_step` VALUES (46,39,'ＧＸ027','彩锌',2,1,27);
INSERT INTO `process_step` VALUES (48,38,'GX010','成形',0,0,10);
INSERT INTO `process_step` VALUES (49,38,'GX012','整形',1,0,12);
INSERT INTO `process_step` VALUES (50,38,'GX013','剪边',2,0,13);

#
# Source for table product_material
#

DROP TABLE IF EXISTS `product_material`;
CREATE TABLE `product_material` (
  `Id` int(11) NOT NULL AUTO_INCREMENT,
  `product_id` int(11) DEFAULT '0',
  `material_id` int(11) DEFAULT '0',
  `product_number` double(11,2) DEFAULT '1.00',
  `material_number` double(11,2) DEFAULT NULL,
  `priority` int(11) DEFAULT '0',
  PRIMARY KEY (`Id`),
  KEY `product_id` (`product_id`),
  KEY `material_id` (`material_id`)
) ENGINE=InnoDB AUTO_INCREMENT=8 DEFAULT CHARSET=utf8;

#
# Dumping data for table product_material
#

INSERT INTO `product_material` VALUES (4,36,39,100,20,0);
INSERT INTO `product_material` VALUES (5,334,213,NULL,NULL,0);
INSERT INTO `product_material` VALUES (6,324,204,NULL,NULL,0);
INSERT INTO `product_material` VALUES (7,345,294,NULL,NULL,0);

#
# Source for table raw_batch_flow
#

DROP TABLE IF EXISTS `raw_batch_flow`;
CREATE TABLE `raw_batch_flow` (
  `Id` int(11) NOT NULL AUTO_INCREMENT,
  `serial` varchar(100) DEFAULT NULL,
  `type` tinyint(3) NOT NULL DEFAULT '0' COMMENT '0-生成半成品 1-委外送出 2-委外回收',
  `direct` tinyint(3) NOT NULL DEFAULT '1',
  `status` tinyint(3) NOT NULL DEFAULT '0' COMMENT '0-未审核 1-已审核 2-部分委外完成 3-已委外完成',
  `number` double(11,2) DEFAULT NULL,
  `left_number` double(11,2) DEFAULT NULL,
  `arrive_number` double(11,2) DEFAULT NULL,
  `parent_id` int(11) DEFAULT NULL,
  `material_id` int(11) NOT NULL DEFAULT '0',
  `cir_id` int(11) DEFAULT NULL,
  `plan_id` int(11) DEFAULT NULL,
  `priority` int(11) DEFAULT NULL,
  `plan_step_id` int(11) DEFAULT NULL,
  PRIMARY KEY (`Id`),
  KEY `fk_raw_flow_cir` (`cir_id`),
  KEY `fk_raw_flow_plan` (`plan_id`),
  KEY `fk_raw_flow_raw_flow` (`parent_id`),
  KEY `fk_raw_flow_material` (`material_id`),
  KEY `fk_raw_flow_plan_step` (`plan_step_id`)
) ENGINE=InnoDB AUTO_INCREMENT=93 DEFAULT CHARSET=utf8;

#
# Dumping data for table raw_batch_flow
#

INSERT INTO `raw_batch_flow` VALUES (86,'SCRW-20180415-001',0,1,1,100,100,0,NULL,36,NULL,33,NULL,NULL);
INSERT INTO `raw_batch_flow` VALUES (87,'SCRW-20180415-002',0,1,3,100,100,0,NULL,36,NULL,34,NULL,NULL);
INSERT INTO `raw_batch_flow` VALUES (88,'SCRW-20180415-002',1,-1,3,100,0,100,87,36,389,NULL,0,79);
INSERT INTO `raw_batch_flow` VALUES (89,'SCRW-20180415-002',2,1,1,100,0,0,88,36,390,NULL,0,79);
INSERT INTO `raw_batch_flow` VALUES (90,'SCRW-20180415-003',0,1,3,2000,2000,0,NULL,34,NULL,35,NULL,NULL);
INSERT INTO `raw_batch_flow` VALUES (91,'SCRW-20180415-003',1,-1,3,2000,0,2000,90,34,392,NULL,0,82);
INSERT INTO `raw_batch_flow` VALUES (92,'SCRW-20180415-003',2,1,1,2000,0,0,91,34,393,NULL,0,82);

#
# Source for table role
#

DROP TABLE IF EXISTS `role`;
CREATE TABLE `role` (
  `id` int(11) NOT NULL AUTO_INCREMENT,
  `name` varchar(100) NOT NULL COMMENT '角色名称',
  `is_super` char(1) NOT NULL DEFAULT '0' COMMENT '拥有所有权限',
  PRIMARY KEY (`id`)
) ENGINE=InnoDB AUTO_INCREMENT=7 DEFAULT CHARSET=utf8 ROW_FORMAT=COMPACT COMMENT='CMS角色表';

#
# Dumping data for table role
#

INSERT INTO `role` VALUES (1,'采购角色','0');
INSERT INTO `role` VALUES (2,'订单角色','0');
INSERT INTO `role` VALUES (3,'超级角色','1');
INSERT INTO `role` VALUES (4,'生产管理角色','0');
INSERT INTO `role` VALUES (5,'仓库角色','0');
INSERT INTO `role` VALUES (6,'数据管理角色','0');

#
# Source for table role_permission
#

DROP TABLE IF EXISTS `role_permission`;
CREATE TABLE `role_permission` (
  `role_id` int(11) NOT NULL,
  `uri` varchar(100) NOT NULL,
  KEY `fk_incorrupt_permission_role` (`role_id`)
) ENGINE=InnoDB DEFAULT CHARSET=utf8 ROW_FORMAT=COMPACT COMMENT='incorrupt角色授权表';

#
# Dumping data for table role_permission
#

INSERT INTO `role_permission` VALUES (1,'/o_company');
INSERT INTO `role_permission` VALUES (1,'/v_manu.do');
INSERT INTO `role_permission` VALUES (1,'/v_queryStat.do');
INSERT INTO `role_permission` VALUES (1,'/v_data_setting.do');
INSERT INTO `role_permission` VALUES (1,'/v_raw_batch');
INSERT INTO `role_permission` VALUES (1,'/v_sellOut');
INSERT INTO `role_permission` VALUES (1,'/v_purchase.do');
INSERT INTO `role_permission` VALUES (1,'/v_batch');
INSERT INTO `role_permission` VALUES (1,'/o_sellBack');
INSERT INTO `role_permission` VALUES (1,'/v_purchaseBack');
INSERT INTO `role_permission` VALUES (1,'/v_plan');
INSERT INTO `role_permission` VALUES (1,'/v_sell.do');
INSERT INTO `role_permission` VALUES (1,'/o_purchase_order');
INSERT INTO `role_permission` VALUES (1,'/index.do');
INSERT INTO `role_permission` VALUES (1,'/v_purchaseIn');
INSERT INTO `role_permission` VALUES (1,'/v_purchase_order');
INSERT INTO `role_permission` VALUES (1,'/v_company');
INSERT INTO `role_permission` VALUES (1,'/o_purchaseBack');
INSERT INTO `role_permission` VALUES (1,'/o_personal');
INSERT INTO `role_permission` VALUES (1,'/o_sellOut');
INSERT INTO `role_permission` VALUES (1,'/o_sell_order');
INSERT INTO `role_permission` VALUES (1,'/v_checkIn');
INSERT INTO `role_permission` VALUES (1,'/v_sell_order');
INSERT INTO `role_permission` VALUES (1,'/v_sellBack');
INSERT INTO `role_permission` VALUES (1,'/v_lib.do');
INSERT INTO `role_permission` VALUES (1,'/v_checkOut');
INSERT INTO `role_permission` VALUES (1,'/v_category');
INSERT INTO `role_permission` VALUES (1,'/o_purchaseIn');
INSERT INTO `role_permission` VALUES (1,'/o_material');
INSERT INTO `role_permission` VALUES (1,'/v_stat_');
INSERT INTO `role_permission` VALUES (1,'/v_material');
INSERT INTO `role_permission` VALUES (1,'/v_outside.do');
INSERT INTO `role_permission` VALUES (1,'/v_process');
INSERT INTO `role_permission` VALUES (1,'/v_step');
INSERT INTO `role_permission` VALUES (1,'/v_outsideIn');
INSERT INTO `role_permission` VALUES (1,'/v_record');
INSERT INTO `role_permission` VALUES (1,'/v_personal');
INSERT INTO `role_permission` VALUES (1,'/v_outsideOut');
INSERT INTO `role_permission` VALUES (2,'/v_manu.do');
INSERT INTO `role_permission` VALUES (2,'/v_queryStat.do');
INSERT INTO `role_permission` VALUES (2,'/v_data_setting.do');
INSERT INTO `role_permission` VALUES (2,'/v_raw_batch');
INSERT INTO `role_permission` VALUES (2,'/v_sellOut');
INSERT INTO `role_permission` VALUES (2,'/v_purchase.do');
INSERT INTO `role_permission` VALUES (2,'/v_batch');
INSERT INTO `role_permission` VALUES (2,'/o_sellBack');
INSERT INTO `role_permission` VALUES (2,'/v_purchaseBack');
INSERT INTO `role_permission` VALUES (2,'/v_plan');
INSERT INTO `role_permission` VALUES (2,'/v_sell.do');
INSERT INTO `role_permission` VALUES (2,'/index.do');
INSERT INTO `role_permission` VALUES (2,'/v_purchaseIn');
INSERT INTO `role_permission` VALUES (2,'/v_purchase_order');
INSERT INTO `role_permission` VALUES (2,'/v_company');
INSERT INTO `role_permission` VALUES (2,'/o_personal');
INSERT INTO `role_permission` VALUES (2,'/o_sellOut');
INSERT INTO `role_permission` VALUES (2,'/o_sell_order');
INSERT INTO `role_permission` VALUES (2,'/v_checkIn');
INSERT INTO `role_permission` VALUES (2,'/v_sell_order');
INSERT INTO `role_permission` VALUES (2,'/v_sellBack');
INSERT INTO `role_permission` VALUES (2,'/v_lib.do');
INSERT INTO `role_permission` VALUES (2,'/v_checkOut');
INSERT INTO `role_permission` VALUES (2,'/v_category');
INSERT INTO `role_permission` VALUES (2,'/v_stat_');
INSERT INTO `role_permission` VALUES (2,'/v_material');
INSERT INTO `role_permission` VALUES (2,'/v_outside.do');
INSERT INTO `role_permission` VALUES (2,'/v_process');
INSERT INTO `role_permission` VALUES (2,'/v_step');
INSERT INTO `role_permission` VALUES (2,'/v_outsideIn');
INSERT INTO `role_permission` VALUES (2,'/v_record');
INSERT INTO `role_permission` VALUES (2,'/v_personal');
INSERT INTO `role_permission` VALUES (2,'/v_outsideOut');
INSERT INTO `role_permission` VALUES (6,'/o_company');
INSERT INTO `role_permission` VALUES (6,'/o_category');
INSERT INTO `role_permission` VALUES (6,'/v_data_setting.do');
INSERT INTO `role_permission` VALUES (6,'/v_raw_batch');
INSERT INTO `role_permission` VALUES (6,'/v_batch');
INSERT INTO `role_permission` VALUES (6,'/v_category');
INSERT INTO `role_permission` VALUES (6,'/o_material');
INSERT INTO `role_permission` VALUES (6,'/v_material');
INSERT INTO `role_permission` VALUES (6,'/index.do');
INSERT INTO `role_permission` VALUES (6,'/v_process');
INSERT INTO `role_permission` VALUES (6,'/o_process');
INSERT INTO `role_permission` VALUES (6,'/o_step');
INSERT INTO `role_permission` VALUES (6,'/v_step');
INSERT INTO `role_permission` VALUES (6,'/v_company');
INSERT INTO `role_permission` VALUES (6,'/o_personal');
INSERT INTO `role_permission` VALUES (6,'/v_personal');
INSERT INTO `role_permission` VALUES (5,'/v_manu.do');
INSERT INTO `role_permission` VALUES (5,'/o_category');
INSERT INTO `role_permission` VALUES (5,'/v_queryStat.do');
INSERT INTO `role_permission` VALUES (5,'/v_data_setting.do');
INSERT INTO `role_permission` VALUES (5,'/v_raw_batch');
INSERT INTO `role_permission` VALUES (5,'/v_sellOut');
INSERT INTO `role_permission` VALUES (5,'/v_purchase.do');
INSERT INTO `role_permission` VALUES (5,'/v_batch');
INSERT INTO `role_permission` VALUES (5,'/v_purchaseBack');
INSERT INTO `role_permission` VALUES (5,'/v_plan');
INSERT INTO `role_permission` VALUES (5,'/v_sell.do');
INSERT INTO `role_permission` VALUES (5,'/index.do');
INSERT INTO `role_permission` VALUES (5,'/v_purchaseIn');
INSERT INTO `role_permission` VALUES (5,'/v_purchase_order');
INSERT INTO `role_permission` VALUES (5,'/o_checkIn');
INSERT INTO `role_permission` VALUES (5,'/v_company');
INSERT INTO `role_permission` VALUES (5,'/o_purchaseBack');
INSERT INTO `role_permission` VALUES (5,'/o_personal');
INSERT INTO `role_permission` VALUES (5,'/v_checkIn');
INSERT INTO `role_permission` VALUES (5,'/v_sell_order');
INSERT INTO `role_permission` VALUES (5,'/v_sellBack');
INSERT INTO `role_permission` VALUES (5,'/v_lib.do');
INSERT INTO `role_permission` VALUES (5,'/v_checkOut');
INSERT INTO `role_permission` VALUES (5,'/v_category');
INSERT INTO `role_permission` VALUES (5,'/o_purchaseIn');
INSERT INTO `role_permission` VALUES (5,'/o_material');
INSERT INTO `role_permission` VALUES (5,'/v_stat_');
INSERT INTO `role_permission` VALUES (5,'/v_material');
INSERT INTO `role_permission` VALUES (5,'/o_checkOut');
INSERT INTO `role_permission` VALUES (5,'/v_outside.do');
INSERT INTO `role_permission` VALUES (5,'/v_process');
INSERT INTO `role_permission` VALUES (5,'/v_step');
INSERT INTO `role_permission` VALUES (5,'/o_plan');
INSERT INTO `role_permission` VALUES (5,'/v_outsideIn');
INSERT INTO `role_permission` VALUES (5,'/v_record');
INSERT INTO `role_permission` VALUES (5,'/v_personal');
INSERT INTO `role_permission` VALUES (5,'/v_outsideOut');
INSERT INTO `role_permission` VALUES (4,'/o_company');
INSERT INTO `role_permission` VALUES (4,'/v_manu.do');
INSERT INTO `role_permission` VALUES (4,'/v_queryStat.do');
INSERT INTO `role_permission` VALUES (4,'/v_data_setting.do');
INSERT INTO `role_permission` VALUES (4,'/v_raw_batch');
INSERT INTO `role_permission` VALUES (4,'/v_sellOut');
INSERT INTO `role_permission` VALUES (4,'/v_purchase.do');
INSERT INTO `role_permission` VALUES (4,'/v_batch');
INSERT INTO `role_permission` VALUES (4,'/o_outsideOut');
INSERT INTO `role_permission` VALUES (4,'/v_purchaseBack');
INSERT INTO `role_permission` VALUES (4,'/v_plan');
INSERT INTO `role_permission` VALUES (4,'/v_sell.do');
INSERT INTO `role_permission` VALUES (4,'/o_purchase_order');
INSERT INTO `role_permission` VALUES (4,'/index.do');
INSERT INTO `role_permission` VALUES (4,'/v_purchaseIn');
INSERT INTO `role_permission` VALUES (4,'/o_process');
INSERT INTO `role_permission` VALUES (4,'/o_step');
INSERT INTO `role_permission` VALUES (4,'/v_purchase_order');
INSERT INTO `role_permission` VALUES (4,'/v_company');
INSERT INTO `role_permission` VALUES (4,'/o_purchaseBack');
INSERT INTO `role_permission` VALUES (4,'/o_personal');
INSERT INTO `role_permission` VALUES (4,'/v_checkIn');
INSERT INTO `role_permission` VALUES (4,'/v_sell_order');
INSERT INTO `role_permission` VALUES (4,'/v_sellBack');
INSERT INTO `role_permission` VALUES (4,'/v_lib.do');
INSERT INTO `role_permission` VALUES (4,'/v_checkOut');
INSERT INTO `role_permission` VALUES (4,'/v_category');
INSERT INTO `role_permission` VALUES (4,'/o_purchaseIn');
INSERT INTO `role_permission` VALUES (4,'/v_stat_');
INSERT INTO `role_permission` VALUES (4,'/o_outsideIn');
INSERT INTO `role_permission` VALUES (4,'/v_material');
INSERT INTO `role_permission` VALUES (4,'/v_outside.do');
INSERT INTO `role_permission` VALUES (4,'/v_process');
INSERT INTO `role_permission` VALUES (4,'/v_step');
INSERT INTO `role_permission` VALUES (4,'/o_plan');
INSERT INTO `role_permission` VALUES (4,'/v_outsideIn');
INSERT INTO `role_permission` VALUES (4,'/v_record');
INSERT INTO `role_permission` VALUES (4,'/v_personal');
INSERT INTO `role_permission` VALUES (4,'/v_outsideOut');

#
# Source for table room
#

DROP TABLE IF EXISTS `room`;
CREATE TABLE `room` (
  `Id` int(11) NOT NULL AUTO_INCREMENT,
  `name` varchar(100) NOT NULL DEFAULT '',
  `status` tinyint(3) NOT NULL DEFAULT '0' COMMENT '0-正常 1-停用',
  `parent_id` int(11) NOT NULL DEFAULT '0',
  PRIMARY KEY (`Id`),
  KEY `fk_room_category` (`parent_id`)
) ENGINE=InnoDB DEFAULT CHARSET=utf8;

#
# Dumping data for table room
#


#
# Source for table step
#

DROP TABLE IF EXISTS `step`;
CREATE TABLE `step` (
  `Id` int(11) NOT NULL AUTO_INCREMENT,
  `serial` varchar(100) NOT NULL DEFAULT '',
  `name` varchar(100) DEFAULT NULL,
  `type` tinyint(3) NOT NULL DEFAULT '0',
  `is_surface` char(1) NOT NULL DEFAULT '0',
  PRIMARY KEY (`Id`)
) ENGINE=InnoDB AUTO_INCREMENT=31 DEFAULT CHARSET=utf8;

#
# Dumping data for table step
#

INSERT INTO `step` VALUES (2,'GX002','下料',0,'0');
INSERT INTO `step` VALUES (3,'GX003','冲孔',0,'0');
INSERT INTO `step` VALUES (4,'GX004','倒角',0,'0');
INSERT INTO `step` VALUES (5,'GX005','整平',0,'0');
INSERT INTO `step` VALUES (6,'GX006','拉脚',0,'0');
INSERT INTO `step` VALUES (7,'GX007','烤黑',1,'1');
INSERT INTO `step` VALUES (8,'GX008','车边',1,'0');
INSERT INTO `step` VALUES (9,'GX009','喷砂+车边',1,'0');
INSERT INTO `step` VALUES (10,'GX010','成形',0,'0');
INSERT INTO `step` VALUES (12,'GX012','整形',0,'0');
INSERT INTO `step` VALUES (13,'GX013','剪边',0,'0');
INSERT INTO `step` VALUES (14,'GX014','打花',0,'0');
INSERT INTO `step` VALUES (16,'GX016','返边',0,'0');
INSERT INTO `step` VALUES (17,'GX017','打侧花',0,'0');
INSERT INTO `step` VALUES (18,'GX018','二整',0,'0');
INSERT INTO `step` VALUES (19,'GX019','折脚',0,'0');
INSERT INTO `step` VALUES (20,'GX020','折耳',0,'0');
INSERT INTO `step` VALUES (21,'GX021','打方孔',0,'0');
INSERT INTO `step` VALUES (22,'GX022','铆合',0,'0');
INSERT INTO `step` VALUES (23,'GX023','返攻牙孔',0,'0');
INSERT INTO `step` VALUES (24,'GX024','攻牙',0,'0');
INSERT INTO `step` VALUES (26,'GX026','蓝锌',1,'1');
INSERT INTO `step` VALUES (27,'GX027','彩锌',1,'1');
INSERT INTO `step` VALUES (28,'GX028','电泳',1,'1');
INSERT INTO `step` VALUES (29,'GX029','彩锌耐盐雾',1,'1');
INSERT INTO `step` VALUES (30,'GX030','蓝锌耐盐雾',1,'1');

#
# Source for table user
#

DROP TABLE IF EXISTS `user`;
CREATE TABLE `user` (
  `id` int(11) NOT NULL AUTO_INCREMENT,
  `name` varchar(255) NOT NULL DEFAULT '',
  `password` varchar(32) DEFAULT NULL,
  `last_login_ip` varchar(50) DEFAULT NULL,
  `last_login_time` datetime DEFAULT NULL,
  `login_count` int(11) NOT NULL DEFAULT '0',
  PRIMARY KEY (`id`)
) ENGINE=InnoDB AUTO_INCREMENT=7 DEFAULT CHARSET=utf8;

#
# Dumping data for table user
#

INSERT INTO `user` VALUES (1,'admin','c4ca4238a0b923820dcc509a6f75849b',NULL,NULL,0);
INSERT INTO `user` VALUES (2,'manage','c4ca4238a0b923820dcc509a6f75849b',NULL,NULL,0);
INSERT INTO `user` VALUES (3,'sell','c4ca4238a0b923820dcc509a6f75849b',NULL,NULL,0);
INSERT INTO `user` VALUES (4,'purchase','c4ca4238a0b923820dcc509a6f75849b',NULL,NULL,0);
INSERT INTO `user` VALUES (5,'manu','c4ca4238a0b923820dcc509a6f75849b',NULL,NULL,0);
INSERT INTO `user` VALUES (6,'lib','c4ca4238a0b923820dcc509a6f75849b',NULL,NULL,0);

#
# Source for table user_role
#

DROP TABLE IF EXISTS `user_role`;
CREATE TABLE `user_role` (
  `role_id` int(11) NOT NULL,
  `user_id` int(11) NOT NULL,
  PRIMARY KEY (`role_id`,`user_id`),
  KEY `fk_role_user` (`user_id`)
) ENGINE=InnoDB DEFAULT CHARSET=utf8 ROW_FORMAT=COMPACT COMMENT='CMS用户角色关联表';

#
# Dumping data for table user_role
#

INSERT INTO `user_role` VALUES (1,2);
INSERT INTO `user_role` VALUES (1,4);
INSERT INTO `user_role` VALUES (2,2);
INSERT INTO `user_role` VALUES (2,3);
INSERT INTO `user_role` VALUES (3,1);
INSERT INTO `user_role` VALUES (4,2);
INSERT INTO `user_role` VALUES (4,5);
INSERT INTO `user_role` VALUES (5,2);
INSERT INTO `user_role` VALUES (5,6);
INSERT INTO `user_role` VALUES (6,2);

#
#  Foreign keys for table batch_flow
#

ALTER TABLE `batch_flow`
ADD CONSTRAINT `fk_flow_cir` FOREIGN KEY (`cir_id`) REFERENCES `cir` (`Id`),
ADD CONSTRAINT `fk_flow_flow` FOREIGN KEY (`parent_id`) REFERENCES `batch_flow` (`Id`),
ADD CONSTRAINT `fk_flow_material` FOREIGN KEY (`material_id`) REFERENCES `material` (`id`),
ADD CONSTRAINT `fk_flow_plan` FOREIGN KEY (`plan_id`) REFERENCES `plan` (`Id`),
ADD CONSTRAINT `fk_flow_record` FOREIGN KEY (`record_id`) REFERENCES `ord_record` (`Id`),
ADD CONSTRAINT `fk_flow_room` FOREIGN KEY (`room_id`) REFERENCES `category` (`Id`),
ADD CONSTRAINT `fk_flow_surface` FOREIGN KEY (`surface_id`) REFERENCES `step` (`Id`);

#
#  Foreign keys for table category
#

ALTER TABLE `category`
ADD CONSTRAINT `fk_material_category_self` FOREIGN KEY (`parent_id`) REFERENCES `category` (`Id`);

#
#  Foreign keys for table cir
#

ALTER TABLE `cir`
ADD CONSTRAINT `fk_cir_company` FOREIGN KEY (`company_id`) REFERENCES `company` (`id`),
ADD CONSTRAINT `fk_order` FOREIGN KEY (`order_id`) REFERENCES `ord` (`Id`);

#
#  Foreign keys for table company
#

ALTER TABLE `company`
ADD CONSTRAINT `fk_company_catetory` FOREIGN KEY (`parent_id`) REFERENCES `category` (`Id`);

#
#  Foreign keys for table material
#

ALTER TABLE `material`
ADD CONSTRAINT `fk_material_category` FOREIGN KEY (`parent_id`) REFERENCES `category` (`Id`),
ADD CONSTRAINT `fk_material_company` FOREIGN KEY (`company_id`) REFERENCES `company` (`id`),
ADD CONSTRAINT `fk_material_surface` FOREIGN KEY (`surface_id`) REFERENCES `step` (`Id`);

#
#  Foreign keys for table material_attach
#

ALTER TABLE `material_attach`
ADD CONSTRAINT `material_attach_ibfk_1` FOREIGN KEY (`material_id`) REFERENCES `material` (`id`);

#
#  Foreign keys for table ord
#

ALTER TABLE `ord`
ADD CONSTRAINT `fk_order_company` FOREIGN KEY (`company_id`) REFERENCES `company` (`id`),
ADD CONSTRAINT `fk_order_user` FOREIGN KEY (`create_user_id`) REFERENCES `user` (`id`);

#
#  Foreign keys for table ord_record
#

ALTER TABLE `ord_record`
ADD CONSTRAINT `fk_record_material` FOREIGN KEY (`material_id`) REFERENCES `material` (`id`),
ADD CONSTRAINT `fk_record_ord` FOREIGN KEY (`ord_id`) REFERENCES `ord` (`Id`),
ADD CONSTRAINT `fk_record_surface` FOREIGN KEY (`surface_id`) REFERENCES `step` (`Id`);

#
#  Foreign keys for table ord_record_record
#

ALTER TABLE `ord_record_record`
ADD CONSTRAINT `ord_record_record_ibfk_1` FOREIGN KEY (`purchase_record_id`) REFERENCES `ord_record` (`Id`),
ADD CONSTRAINT `ord_record_record_ibfk_2` FOREIGN KEY (`sell_record_id`) REFERENCES `ord_record` (`Id`);

#
#  Foreign keys for table plan_record
#

ALTER TABLE `plan_record`
ADD CONSTRAINT `plan_record_ibfk_1` FOREIGN KEY (`plan_id`) REFERENCES `plan` (`Id`),
ADD CONSTRAINT `plan_record_ibfk_2` FOREIGN KEY (`sell_record_id`) REFERENCES `ord_record` (`Id`);

#
#  Foreign keys for table plan_step
#

ALTER TABLE `plan_step`
ADD CONSTRAINT `fk_plan_step` FOREIGN KEY (`step_id`) REFERENCES `step` (`Id`),
ADD CONSTRAINT `fk_step_plan` FOREIGN KEY (`plan_id`) REFERENCES `plan` (`Id`);

#
#  Foreign keys for table process
#

ALTER TABLE `process`
ADD CONSTRAINT `fk_process_category` FOREIGN KEY (`category_id`) REFERENCES `category` (`Id`);

#
#  Foreign keys for table process_step
#

ALTER TABLE `process_step`
ADD CONSTRAINT `fk_process_step` FOREIGN KEY (`step_id`) REFERENCES `step` (`Id`),
ADD CONSTRAINT `fk_step_process` FOREIGN KEY (`process_id`) REFERENCES `process` (`Id`);

#
#  Foreign keys for table raw_batch_flow
#

ALTER TABLE `raw_batch_flow`
ADD CONSTRAINT `fk_raw_flow_cir` FOREIGN KEY (`cir_id`) REFERENCES `cir` (`Id`),
ADD CONSTRAINT `fk_raw_flow_material` FOREIGN KEY (`material_id`) REFERENCES `material` (`id`),
ADD CONSTRAINT `fk_raw_flow_plan` FOREIGN KEY (`plan_id`) REFERENCES `plan` (`Id`),
ADD CONSTRAINT `fk_raw_flow_plan_step` FOREIGN KEY (`plan_step_id`) REFERENCES `plan_step` (`Id`),
ADD CONSTRAINT `fk_raw_flow_raw_flow` FOREIGN KEY (`parent_id`) REFERENCES `raw_batch_flow` (`Id`);

#
#  Foreign keys for table room
#

ALTER TABLE `room`
ADD CONSTRAINT `fk_room_category` FOREIGN KEY (`parent_id`) REFERENCES `category` (`Id`);

#
#  Foreign keys for table user_role
#

ALTER TABLE `user_role`
ADD CONSTRAINT `fk_role_user` FOREIGN KEY (`user_id`) REFERENCES `user` (`id`),
ADD CONSTRAINT `fk_user_role` FOREIGN KEY (`role_id`) REFERENCES `role` (`id`);


/*!40111 SET SQL_NOTES=@OLD_SQL_NOTES */;
/*!40101 SET SQL_MODE=@OLD_SQL_MODE */;
