# Host: localhost  (Version: 5.5.54)
# Date: 2018-05-01 23:29:10
# Generator: MySQL-Front 5.3  (Build 1.27)

/*!40101 SET @OLD_CHARACTER_SET_CLIENT=@@CHARACTER_SET_CLIENT */;
/*!40101 SET @OLD_CHARACTER_SET_RESULTS=@@CHARACTER_SET_RESULTS */;
/*!40101 SET @OLD_COLLATION_CONNECTION=@@COLLATION_CONNECTION */;
/*!40101 SET NAMES utf8 */;
/*!40101 SET @OLD_SQL_MODE=@@SQL_MODE */;
/*!40101 SET SQL_MODE='STRICT_TRANS_TABLES,NO_AUTO_CREATE_USER,NO_ENGINE_SUBSTITUTION' */;
/*!40111 SET @OLD_SQL_NOTES=@@SQL_NOTES */;
/*!40103 SET SQL_NOTES='ON' */;
/*!40014 SET @OLD_UNIQUE_CHECKS=@@UNIQUE_CHECKS */;
/*!40014 SET UNIQUE_CHECKS=0 */;
/*!40014 SET @OLD_FOREIGN_KEY_CHECKS=@@FOREIGN_KEY_CHECKS */;
/*!40014 SET FOREIGN_KEY_CHECKS=0 */;

DROP DATABASE IF EXISTS `berp_db`;
CREATE DATABASE `berp_db` /*!40100 DEFAULT CHARACTER SET utf8 */;
USE `berp_db`;

#
# Source for table "category"
#

DROP TABLE IF EXISTS `category`;
CREATE TABLE `category` (
  `Id` int(11) NOT NULL AUTO_INCREMENT,
  `name` varchar(100) NOT NULL DEFAULT '',
  `parent_id` int(11) DEFAULT NULL,
  `priority` int(11) DEFAULT NULL,
  `lft` int(11) NOT NULL DEFAULT '1',
  `rgt` int(11) NOT NULL DEFAULT '2',
  PRIMARY KEY (`Id`),
  KEY `fk_material_category_self` (`parent_id`),
  CONSTRAINT `fk_material_category_self` FOREIGN KEY (`parent_id`) REFERENCES `category` (`Id`)
) ENGINE=InnoDB AUTO_INCREMENT=270 DEFAULT CHARSET=utf8;

#
# Data for table "category"
#

INSERT INTO `category` VALUES (1,'物料',NULL,0,1,30),(2,'往来单位',NULL,0,31,40),(3,'仓库',NULL,0,41,484),(4,'预留',NULL,0,485,486),(5,'成品',1,0,2,11),(7,'原材料',1,2,12,25),(11,'半成品',1,3,26,27),(12,'客户',2,0,32,33),(13,'原材料供应商',2,1,34,35),(14,'表面处理供应商',2,2,36,37),(15,'原料仓库',3,0,42,179),(16,'成品仓库',3,1,180,471),(17,'辅料仓库',3,2,472,477),(18,'A003',15,0,43,44),(19,'B002',16,0,181,182),(21,'C001',17,0,475,476),(22,'华司',5,0,3,4),(23,'盆架',5,1,5,6),(27,'A02',15,1,45,46),(28,'U铁',5,2,7,8),(34,'外加工',2,3,38,39),(36,'铜帽',5,3,9,10),(37,'A01',15,2,47,48),(38,'16-1',15,3,49,50),(39,'16-2',15,4,51,52),(40,'16-3',15,5,53,54),(41,'条料',7,0,13,14),(42,'1-1',15,6,55,56),(43,'1-2',15,7,57,58),(44,'1-3',15,8,59,60),(45,'1-4',15,9,61,62),(46,'2-1',15,10,63,64),(47,'2-2',15,11,65,66),(48,'2-3',15,12,67,68),(49,'2-4',15,13,69,70),(50,'3-1',15,14,71,72),(51,'3-2',15,15,73,74),(52,'3-3',15,16,75,76),(53,'3-4',15,17,77,78),(62,'4-1',15,18,79,80),(63,'4-2',15,19,81,82),(64,'4-3',15,20,83,84),(65,'4-4',15,21,85,86),(66,'5-1',15,22,87,88),(67,'5-2',15,23,89,90),(68,'5-3',15,24,91,92),(69,'5-4',15,25,93,94),(70,'6-1',15,26,95,96),(71,'6-2',15,27,97,98),(72,'6-3',15,28,99,100),(73,'6-4',15,29,101,102),(74,'7-1',15,30,103,104),(75,'7-2',15,31,105,106),(76,'7-3',15,32,107,108),(77,'8-1',15,33,109,110),(78,'8-2',15,34,111,112),(79,'8-3',15,35,113,114),(80,'9-1',15,36,115,116),(81,'9-2',15,37,117,118),(82,'9-3',15,38,119,120),(83,'10-1',15,39,121,122),(84,'10-2',15,40,123,124),(85,'10-3',15,41,125,126),(86,'11-1',15,42,127,128),(87,'11-2',15,43,129,130),(88,'11-3',15,44,131,132),(89,'12-1',15,45,133,134),(90,'12-2',15,46,135,136),(91,'12-3',15,47,137,138),(92,'13-1',15,48,139,140),(93,'13-2',15,49,141,142),(94,'14-1',15,50,143,144),(95,'14-2',15,51,145,146),(96,'15-1',15,52,147,148),(97,'15-2',15,53,149,150),(98,'16-1',15,54,151,152),(99,'16-2',15,55,153,154),(100,'17-1',15,56,155,156),(101,'17-2',15,57,157,158),(102,'18-1',15,58,159,160),(103,'18-2',15,59,161,162),(105,'19-1',15,60,163,164),(106,'19-2',15,61,165,166),(107,'20-1',15,62,167,168),(108,'20-2',15,63,169,170),(109,'21-1',15,64,171,172),(110,'21-2',15,65,173,174),(111,'22-1',15,66,175,176),(112,'22-2',15,67,177,178),(113,'圆片',7,1,15,16),(114,'卷料',7,2,17,18),(115,'方块料',7,3,19,20),(116,'A排',16,1,183,226),(117,'A101',116,0,184,185),(119,'G排',16,2,227,264),(120,'G102',119,0,228,229),(122,'A102',116,2,186,187),(123,'A103',116,3,188,189),(124,'A104',116,4,190,191),(125,'A105',116,5,192,193),(126,'A106',116,6,194,195),(127,'A107',116,7,196,197),(128,'A108',116,8,198,199),(129,'A204',116,9,200,201),(130,'A205',116,10,202,203),(131,'A206',116,11,204,205),(132,'A207',116,12,206,207),(133,'A208',116,13,208,209),(135,'A301',116,14,210,211),(136,'A302',116,15,212,213),(137,'A303',116,16,214,215),(138,'A304',116,17,216,217),(139,'A305',116,18,218,219),(140,'A306',116,19,220,221),(141,'A307',116,20,222,223),(142,'A308',116,21,224,225),(143,'B排',16,3,265,308),(144,'B101',143,0,266,267),(145,'B102',143,1,268,269),(146,'B103',143,2,270,271),(147,'B104',143,3,272,273),(148,'B105',143,4,274,275),(149,'B106',143,5,276,277),(150,'B107',143,6,278,279),(151,'B108',143,7,280,281),(153,'B204',143,9,282,283),(154,'B205',143,10,284,285),(155,'B206',143,11,286,287),(156,'B207',143,12,288,289),(157,'B208',143,13,290,291),(158,'B301',143,14,292,293),(159,'B302',143,15,294,295),(160,'B303',143,16,296,297),(161,'B304',143,17,298,299),(162,'B305',143,18,300,301),(163,'B306',143,19,302,303),(164,'B307',143,20,304,305),(165,'B308',143,21,306,307),(166,'C排',16,4,309,352),(167,'C101',166,0,310,311),(168,'C102',166,1,312,313),(169,'C103',166,2,314,315),(170,'C104',166,3,316,317),(171,'C105',166,4,318,319),(172,'C106',166,5,320,321),(173,'C107',166,6,322,323),(174,'C108',166,7,324,325),(175,'C204',166,8,326,327),(176,'C205',166,9,328,329),(177,'C206',166,10,330,331),(178,'C207',166,11,332,333),(179,'C208',166,12,334,335),(180,'C301',166,13,336,337),(181,'C302',166,14,338,339),(182,'C303',166,15,340,341),(183,'C304',166,16,342,343),(184,'C305',166,17,344,345),(185,'C306',166,18,346,347),(186,'C307',166,19,348,349),(187,'C308',166,20,350,351),(188,'D排',16,5,353,396),(189,'D101',188,0,354,355),(190,'D102',188,1,356,357),(191,'D103',188,2,358,359),(192,'D104',188,3,360,361),(193,'D105',188,4,362,363),(194,'D106',188,5,364,365),(195,'D107',188,6,366,367),(196,'D108',188,7,368,369),(197,'D204',188,8,370,371),(198,'D205',188,9,372,373),(199,'D206',188,10,374,375),(200,'D207',188,11,376,377),(201,'D208',188,12,378,379),(202,'D301',188,13,380,381),(203,'D302',188,14,382,383),(204,'D303',188,15,384,385),(205,'D304',188,16,386,387),(206,'D305',188,17,388,389),(207,'D306',188,18,390,391),(208,'D307',188,19,392,393),(209,'D308',188,20,394,395),(210,'E排',16,6,397,440),(211,'E101',210,0,398,399),(212,'E102',210,1,400,401),(213,'E103',210,2,402,403),(214,'E104',210,3,404,405),(215,'E105',210,4,406,407),(216,'E106',210,5,408,409),(217,'E107',210,6,410,411),(218,'E108',210,7,412,413),(219,'E204',210,8,414,415),(220,'E205',210,9,416,417),(221,'E206',210,10,418,419),(222,'E207',210,11,420,421),(223,'E208',210,12,422,423),(224,'E301',210,13,424,425),(225,'E302',210,14,426,427),(226,'E303',210,15,428,429),(227,'E304',210,16,430,431),(228,'E305',210,17,432,433),(229,'E306',210,18,434,435),(230,'E307',210,19,436,437),(231,'E308',210,20,438,439),(232,'F排',16,7,441,470),(233,'F101',232,0,442,443),(234,'F102',232,1,444,445),(235,'F103',232,2,446,447),(236,'F104',232,3,448,449),(237,'F105',232,4,450,451),(238,'F106',232,5,452,453),(239,'F107',232,6,454,455),(240,'F108',232,7,456,457),(241,'F109',232,8,458,459),(242,'F110',232,9,460,461),(243,'F111',232,10,462,463),(244,'F112',232,11,464,465),(245,'F113',232,12,466,467),(246,'F114',232,13,468,469),(247,'G101',119,1,230,231),(248,'G103',119,2,232,233),(249,'G104',119,3,234,235),(250,'G105',119,4,236,237),(251,'G106',119,5,238,239),(252,'G107',119,6,240,241),(253,'G108',119,7,242,243),(254,'G109',119,8,244,245),(255,'G301',119,9,246,247),(256,'G302',119,10,248,249),(257,'G303',119,11,250,251),(258,'G304',119,12,252,253),(259,'G305',119,13,254,255),(260,'G306',119,14,256,257),(261,'G307',119,15,258,259),(262,'G308',119,16,260,261),(263,'G309',119,17,262,263),(264,'U铁料',7,4,21,22),(265,'板料',7,5,23,24),(266,'模具',1,4,28,29),(267,'模具架·盆架',3,3,478,481),(268,'模具架·华司U铁',3,4,482,483),(269,'A12',267,0,479,480);

#
# Source for table "company"
#

DROP TABLE IF EXISTS `company`;
CREATE TABLE `company` (
  `id` int(11) NOT NULL AUTO_INCREMENT,
  `name` varchar(100) NOT NULL DEFAULT '',
  `tel` varchar(100) DEFAULT NULL,
  `address` varchar(100) DEFAULT NULL,
  `parent_id` int(11) NOT NULL DEFAULT '0',
  PRIMARY KEY (`id`),
  KEY `fk_company_catetory` (`parent_id`),
  CONSTRAINT `fk_company_catetory` FOREIGN KEY (`parent_id`) REFERENCES `category` (`Id`)
) ENGINE=InnoDB AUTO_INCREMENT=39 DEFAULT CHARSET=utf8 ROW_FORMAT=COMPACT;

#
# Data for table "company"
#

INSERT INTO `company` VALUES (8,'TCL','','test',12),(9,'建绵','','',13),(10,'富城','6625957','',14),(11,'蔡雄','','',13),(12,'PSS','','',12),(13,'超声','','',12),(14,'海盐忠明','严小姐：15957369073','浙江省嘉兴市海盐县元通街道新兴社区',14),(15,'宝华韦健','','',12),(16,'林惠波','','',13),(17,'海湘','','',12),(18,'昶音','','',12),(19,'PSS成谦','','',12),(20,'PSS双林','','',12),(21,'PSS协隆','','',12),(22,'俊乐','','',13),(23,'罗标志','','',13),(24,'三鑫','李生13421017985','',14),(25,'义好','13430148538','',34),(26,'冯奎','18211280189','',34),(27,'鑫华五金','','',34),(28,'春和','罗厂13727629599','',14),(29,'全亿','黄小姐：13902624213','惠州市博罗县罗阳镇獭湖工业区',14),(30,'杨旭能','','',13),(32,'肖爱民','18666671182','',34),(33,'荣兴','陈老板13178742168','',14),(34,'黄国强','13536723398','',34),(35,'蔡凌冬','13825930166','',34),(36,'郑长周','','',13),(37,'大昌','18948209991','惠州',13),(38,'润声','','',12);

#
# Source for table "process"
#

DROP TABLE IF EXISTS `process`;
CREATE TABLE `process` (
  `Id` int(11) NOT NULL AUTO_INCREMENT,
  `serial` varchar(100) NOT NULL DEFAULT '',
  `name` varchar(100) DEFAULT NULL,
  `comment` varchar(100) DEFAULT NULL,
  `category_id` int(11) NOT NULL DEFAULT '0',
  PRIMARY KEY (`Id`),
  KEY `fk_process_category` (`category_id`),
  CONSTRAINT `fk_process_category` FOREIGN KEY (`category_id`) REFERENCES `category` (`Id`)
) ENGINE=InnoDB AUTO_INCREMENT=40 DEFAULT CHARSET=utf8 ROW_FORMAT=COMPACT;

#
# Data for table "process"
#

INSERT INTO `process` VALUES (37,'GY-001','华司工艺','',22),(38,'GY-002','盆架工艺','',23),(39,'GY-003','U铁','35.1Ｕ',28);

#
# Source for table "role"
#

DROP TABLE IF EXISTS `role`;
CREATE TABLE `role` (
  `id` int(11) NOT NULL AUTO_INCREMENT,
  `name` varchar(100) NOT NULL COMMENT '角色名称',
  `is_super` char(1) NOT NULL DEFAULT '0' COMMENT '拥有所有权限',
  PRIMARY KEY (`id`)
) ENGINE=InnoDB AUTO_INCREMENT=7 DEFAULT CHARSET=utf8 ROW_FORMAT=COMPACT COMMENT='CMS角色表';

#
# Data for table "role"
#

INSERT INTO `role` VALUES (1,'采购角色','0'),(2,'订单角色','0'),(3,'超级角色','1'),(4,'生产管理角色','0'),(5,'仓库角色','0'),(6,'数据管理角色','0');

#
# Source for table "role_permission"
#

DROP TABLE IF EXISTS `role_permission`;
CREATE TABLE `role_permission` (
  `role_id` int(11) NOT NULL,
  `uri` varchar(100) NOT NULL,
  KEY `fk_incorrupt_permission_role` (`role_id`)
) ENGINE=InnoDB DEFAULT CHARSET=utf8 ROW_FORMAT=COMPACT COMMENT='incorrupt角色授权表';

#
# Data for table "role_permission"
#

INSERT INTO `role_permission` VALUES (6,'/o_company'),(6,'/o_category'),(6,'/v_data_setting.do'),(6,'/v_raw_batch'),(6,'/v_batch'),(6,'/v_category'),(6,'/o_material'),(6,'/v_material'),(6,'/index.do'),(6,'/v_process'),(6,'/o_process'),(6,'/o_step'),(6,'/v_step'),(6,'/v_company'),(6,'/o_personal'),(6,'/v_personal'),(1,'/o_company'),(1,'/v_manu.do'),(1,'/v_queryStat.do'),(1,'/v_data_setting.do'),(1,'/v_raw_batch'),(1,'/v_sellOut'),(1,'/v_purchase.do'),(1,'/v_batch'),(1,'/o_sellBack'),(1,'/v_purchaseBack'),(1,'/v_plan'),(1,'/v_sell.do'),(1,'/o_purchase_order'),(1,'/index.do'),(1,'/v_purchaseIn'),(1,'/v_purchase_order'),(1,'/v_company'),(1,'/o_purchaseBack'),(1,'/o_personal'),(1,'/o_sellOut'),(1,'/o_sell_order'),(1,'/v_checkIn'),(1,'/v_sell_order'),(1,'/v_sellBack'),(1,'/v_lib.do'),(1,'/v_checkOut'),(1,'/v_category'),(1,'/o_purchaseIn'),(1,'/o_material'),(1,'/v_stat_'),(1,'/v_material'),(1,'/v_outside.do'),(1,'/v_process'),(1,'/v_step'),(1,'/v_outsideIn'),(1,'/v_personal'),(1,'/v_outsideOut'),(2,'/v_manu.do'),(2,'/v_queryStat.do'),(2,'/v_data_setting.do'),(2,'/v_raw_batch'),(2,'/v_sellOut'),(2,'/v_purchase.do'),(2,'/v_batch'),(2,'/o_sellBack'),(2,'/v_purchaseBack'),(2,'/v_plan'),(2,'/v_sell.do'),(2,'/index.do'),(2,'/v_purchaseIn'),(2,'/v_purchase_order'),(2,'/v_company'),(2,'/o_personal'),(2,'/o_sellOut'),(2,'/o_sell_order'),(2,'/v_checkIn'),(2,'/v_sell_order'),(2,'/v_sellBack'),(2,'/v_lib.do'),(2,'/v_checkOut'),(2,'/v_category'),(2,'/v_stat_'),(2,'/v_material'),(2,'/v_outside.do'),(2,'/v_process'),(2,'/v_step'),(2,'/v_outsideIn'),(2,'/v_personal'),(2,'/v_outsideOut'),(4,'/o_company'),(4,'/v_manu.do'),(4,'/v_queryStat.do'),(4,'/v_data_setting.do'),(4,'/v_raw_batch'),(4,'/v_sellOut'),(4,'/v_purchase.do'),(4,'/v_batch'),(4,'/o_outsideOut'),(4,'/v_purchaseBack'),(4,'/v_plan'),(4,'/v_sell.do'),(4,'/index.do'),(4,'/v_purchaseIn'),(4,'/o_process'),(4,'/o_step'),(4,'/v_purchase_order'),(4,'/v_company'),(4,'/o_personal'),(4,'/v_checkIn'),(4,'/v_sell_order'),(4,'/v_sellBack'),(4,'/v_lib.do'),(4,'/v_checkOut'),(4,'/v_category'),(4,'/v_stat_'),(4,'/o_outsideIn'),(4,'/v_material'),(4,'/v_outside.do'),(4,'/v_process'),(4,'/v_step'),(4,'/o_plan'),(4,'/v_outsideIn'),(4,'/v_personal'),(4,'/v_outsideOut'),(5,'/v_manu.do'),(5,'/o_category'),(5,'/v_queryStat.do'),(5,'/v_data_setting.do'),(5,'/v_raw_batch'),(5,'/v_sellOut'),(5,'/v_purchase.do'),(5,'/v_batch'),(5,'/v_purchaseBack'),(5,'/v_plan'),(5,'/v_sell.do'),(5,'/index.do'),(5,'/v_purchaseIn'),(5,'/v_purchase_order'),(5,'/o_checkIn'),(5,'/v_company'),(5,'/o_personal'),(5,'/v_checkIn'),(5,'/v_sell_order'),(5,'/v_sellBack'),(5,'/v_lib.do'),(5,'/v_checkOut'),(5,'/v_category'),(5,'/o_material'),(5,'/v_stat_'),(5,'/v_material'),(5,'/o_checkOut'),(5,'/v_outside.do'),(5,'/v_process'),(5,'/v_step'),(5,'/o_plan'),(5,'/v_outsideIn'),(5,'/v_personal'),(5,'/v_outsideOut');

#
# Source for table "room"
#

DROP TABLE IF EXISTS `room`;
CREATE TABLE `room` (
  `Id` int(11) NOT NULL AUTO_INCREMENT,
  `name` varchar(100) NOT NULL DEFAULT '',
  `status` tinyint(3) NOT NULL DEFAULT '0' COMMENT '0-正常 1-停用',
  `parent_id` int(11) NOT NULL DEFAULT '0',
  PRIMARY KEY (`Id`),
  KEY `fk_room_category` (`parent_id`),
  CONSTRAINT `fk_room_category` FOREIGN KEY (`parent_id`) REFERENCES `category` (`Id`)
) ENGINE=InnoDB DEFAULT CHARSET=utf8;

#
# Data for table "room"
#


#
# Source for table "step"
#

DROP TABLE IF EXISTS `step`;
CREATE TABLE `step` (
  `Id` int(11) NOT NULL AUTO_INCREMENT,
  `serial` varchar(100) NOT NULL DEFAULT '',
  `name` varchar(100) DEFAULT NULL,
  `type` tinyint(3) NOT NULL DEFAULT '0',
  `is_surface` char(1) NOT NULL DEFAULT '0',
  PRIMARY KEY (`Id`)
) ENGINE=InnoDB AUTO_INCREMENT=30 DEFAULT CHARSET=utf8;

#
# Data for table "step"
#

INSERT INTO `step` VALUES (2,'GX002','下料',0,'0'),(3,'GX003','冲孔',0,'0'),(4,'GX004','倒角',0,'0'),(5,'GX005','整平',0,'0'),(6,'GX006','拉脚',0,'0'),(7,'GX007','烤黑',1,'1'),(8,'GX008','车边',1,'0'),(9,'GX009','喷砂+车边',1,'0'),(10,'GX010','成形',0,'0'),(12,'GX012','整形',0,'0'),(13,'GX013','剪边',0,'0'),(14,'GX014','打花',0,'0'),(16,'GX016','返边',0,'0'),(17,'GX017','打侧花',0,'0'),(18,'GX018','二整',0,'0'),(19,'GX019','折脚',0,'0'),(20,'GX020','折耳',0,'0'),(21,'GX021','打方孔',0,'0'),(22,'GX022','铆合',0,'0'),(23,'GX023','返攻牙孔',0,'0'),(24,'GX024','攻牙',0,'0'),(26,'GX026','蓝锌',1,'0'),(27,'GX027','彩锌',1,'1'),(28,'GX028','电泳',1,'0'),(29,'GX029','彩锌耐盐雾',1,'0');

#
# Source for table "process_step"
#

DROP TABLE IF EXISTS `process_step`;
CREATE TABLE `process_step` (
  `Id` int(11) NOT NULL AUTO_INCREMENT,
  `process_id` int(11) DEFAULT '0',
  `step_serial` varchar(50) DEFAULT NULL,
  `step_name` varchar(100) DEFAULT NULL,
  `priority` int(11) DEFAULT '0',
  `type` tinyint(3) NOT NULL DEFAULT '0',
  `step_id` int(11) DEFAULT NULL,
  PRIMARY KEY (`Id`),
  KEY `fk_step_process` (`process_id`),
  KEY `fk_process_step` (`step_id`),
  CONSTRAINT `fk_process_step` FOREIGN KEY (`step_id`) REFERENCES `step` (`Id`),
  CONSTRAINT `fk_step_process` FOREIGN KEY (`process_id`) REFERENCES `process` (`Id`)
) ENGINE=InnoDB AUTO_INCREMENT=51 DEFAULT CHARSET=utf8;

#
# Data for table "process_step"
#

INSERT INTO `process_step` VALUES (35,37,'GX003','冲孔',0,0,3),(36,37,'GX006','拉脚',1,0,6),(42,37,'ＧＸ027','彩锌',2,1,27),(43,39,'GX010','成形',0,0,10),(44,39,'GX009','喷砂+车边',1,1,9),(46,39,'ＧＸ027','彩锌',2,1,27),(48,38,'GX010','成形',0,0,10),(49,38,'GX012','整形',1,0,12),(50,38,'GX013','剪边',2,0,13);

#
# Source for table "material"
#

DROP TABLE IF EXISTS `material`;
CREATE TABLE `material` (
  `id` int(11) NOT NULL AUTO_INCREMENT,
  `name` varchar(100) DEFAULT NULL COMMENT '品名',
  `customerSerial` varchar(100) DEFAULT NULL COMMENT '编号',
  `serial` varchar(100) DEFAULT NULL,
  `level` int(11) DEFAULT NULL COMMENT '阶层',
  `left_number` double(11,2) DEFAULT NULL,
  `not_purchaseIn_number` double(11,2) DEFAULT NULL,
  `not_sellOut_number` double(11,2) DEFAULT NULL,
  `unit` varchar(30) DEFAULT NULL COMMENT '单位',
  `spec` varchar(200) DEFAULT NULL COMMENT '规格',
  `dim` varchar(150) DEFAULT NULL COMMENT '尺寸',
  `type` int(11) DEFAULT '0' COMMENT '类型: 0-成品 1-半成品 2-原材料',
  `fetchType` int(11) DEFAULT '0' COMMENT '0-采购 1-自制',
  `status` int(11) DEFAULT NULL COMMENT '状态: 0-合格 1-不合格 2-待检 3-返工',
  `company_id` int(11) DEFAULT NULL COMMENT '客户',
  `parent_id` int(11) DEFAULT NULL,
  `surface_id` int(11) DEFAULT NULL,
  PRIMARY KEY (`id`),
  KEY `fk_material_category` (`parent_id`),
  KEY `fk_material_company` (`company_id`),
  KEY `fk_material_surface` (`surface_id`),
  CONSTRAINT `fk_material_category` FOREIGN KEY (`parent_id`) REFERENCES `category` (`Id`),
  CONSTRAINT `fk_material_company` FOREIGN KEY (`company_id`) REFERENCES `company` (`id`),
  CONSTRAINT `fk_material_surface` FOREIGN KEY (`surface_id`) REFERENCES `step` (`Id`)
) ENGINE=InnoDB AUTO_INCREMENT=299 DEFAULT CHARSET=utf8 ROW_FORMAT=COMPACT;

#
# Data for table "material"
#

INSERT INTO `material` VALUES (34,'测试','4341 071 38972','Gxxxxx1',NULL,0.00,0.00,5000.00,'PCS','71*67*27.2*3.5*50八角形华司','71*67*27.2*3.5*50',NULL,NULL,0,12,22,NULL),(35,'U铁1','4341 071 39472','Gxxxxx',NULL,0.00,0.00,0.00,'PCS','35.1U铁','35.1*27.1*4*6',NULL,NULL,0,12,28,NULL),(36,'宝华8寸盆架','CC88013','',NULL,470.00,0.00,10551.00,'PCS','8寸penjia','',NULL,NULL,0,15,23,NULL),(37,'不锈钢板材1','BXG-001',NULL,NULL,16.00,10.00,0.00,'卷','','',NULL,NULL,0,NULL,7,NULL),(38,'不锈钢圆片','BXG-002','',NULL,300.00,200.00,0.00,'PCS','大','10cm',NULL,NULL,0,NULL,7,NULL),(39,'280*1.5方块料','CC88013','八寸',NULL,90.00,0.00,0.00,'公斤','280*1.5','280*1.5',NULL,NULL,0,11,115,NULL),(40,'','4304 071 40071',NULL,NULL,0.00,0.00,0.00,'PCS','24.95*5*3','',NULL,NULL,0,12,22,NULL),(41,'','4341 071 39481',NULL,NULL,0.00,0.00,0.00,'PCS','24.53*3垫片','',NULL,NULL,0,12,22,NULL),(42,'','4341 071 36961',NULL,NULL,0.00,0.00,1305.00,'PCS','24.95*16*9*0.3铜帽','',NULL,NULL,0,12,36,NULL),(43,'','4341 071 39491',NULL,NULL,0.00,0.00,0.00,'PCS','24.95*24.55*8*5*0.2铜帽','',NULL,NULL,0,12,36,NULL),(44,'','4304 071 41941 ',NULL,NULL,0.00,0.00,0.00,'PCS','24.95*3.5垫片','',NULL,NULL,0,12,22,NULL),(45,'','4341 071 38301',NULL,NULL,0.00,0.00,0.00,'PCS','25*1.6*23.5缺角垫片','',NULL,NULL,0,12,22,NULL),(46,'','4341 071 35631',NULL,NULL,0.00,0.00,0.00,'PCS','25*1.6垫片','',NULL,NULL,0,12,22,NULL),(47,'','4341 071 36661',NULL,NULL,0.00,0.00,0.00,'PCS','25*3.5*1.6蓝锌有孔垫片','',NULL,NULL,0,12,22,NULL),(48,'','4341 071 36692',NULL,NULL,171500.00,0.00,0.00,'PCS','25*3.5*1.6彩锌有孔垫片','',NULL,NULL,0,12,22,NULL),(49,'','4304 071 41541',NULL,NULL,0.00,0.00,0.00,'PCS','29.95*5*3.5垫片','',NULL,NULL,0,12,22,NULL),(50,'','4304 071 41061',NULL,NULL,0.00,0.00,0.00,'PCS','29.95*5*4垫片','',NULL,NULL,0,12,22,NULL),(51,'','4341 071 39061',NULL,NULL,0.00,0.00,0.00,'PCS','31.09*26.71*4*6.2U铁','',NULL,NULL,0,12,28,NULL),(52,'','4341 071 38951',NULL,NULL,0.00,0.00,0.00,'PCS','31.75*3.5*1.5垫片','',NULL,NULL,0,12,22,NULL),(53,'','4304 071 41881 ',NULL,NULL,0.00,0.00,0.00,'PCS','32.3*5*5垫片','',NULL,NULL,0,12,22,NULL),(54,'','4304 071 41601',NULL,NULL,0.00,0.00,0.00,'PCS','35*6*12.7切子','',NULL,NULL,0,12,22,NULL),(55,'','4304 071 41561',NULL,NULL,0.00,0.00,0.00,'PCS','35.1*27.1*11*15*5U铁','',NULL,NULL,0,12,28,NULL),(56,'','4304 071 41581',NULL,NULL,0.00,0.00,0.00,'PCS','37.95*5*5垫片','',NULL,NULL,0,12,22,NULL),(57,'','4341 071 39641',NULL,NULL,0.00,0.00,0.00,'PCS','38.5*5.85垫片','',NULL,NULL,0,12,22,NULL),(58,'','4341 071 39651',NULL,NULL,0.00,0.00,0.00,'PCS','39*6带凹槽垫片','',NULL,NULL,0,12,22,NULL),(59,'','4304 071 40451',NULL,NULL,0.00,0.00,0.00,'PCS','39*5*5.5垫片','',NULL,NULL,0,12,22,NULL),(60,'','4341 071 37971',NULL,NULL,0.00,0.00,0.00,'PCS','45*14.46*3*30华司','',NULL,NULL,0,12,22,NULL),(61,'','4304 071 41831 ','',NULL,0.00,0.00,0.00,'PCS','48*19.59*2.5*36华司','',NULL,NULL,0,12,22,NULL),(62,'','4341 071 37731',NULL,NULL,0.00,0.00,0.00,'PCS','48*19.81*3 UP华司','',NULL,NULL,0,12,22,NULL),(63,'','4304 071 41901',NULL,NULL,0.00,0.00,0.00,'PCS','57.5*27.03*3.5*47.2华司','',NULL,NULL,0,12,22,NULL),(64,'','4304 071 41722',NULL,NULL,0.00,0.00,0.00,'PCS','58*4台阶华司','',NULL,NULL,0,12,22,NULL),(65,'','4304 071 41471',NULL,NULL,0.00,0.00,0.00,'PCS','59*27.06*3.5华司','',NULL,NULL,0,12,22,NULL),(66,'','4341 071 39051',NULL,NULL,0.00,0.00,0.00,'PCS','60*23.9*5*42华司','',NULL,NULL,0,12,22,NULL),(67,'','4341 071 38401','',NULL,0.00,0.00,0.00,'PCS','61*27.16*3.5*47.2华司','',NULL,NULL,0,12,22,NULL),(68,'','4341 071 38261',NULL,NULL,0.00,0.00,0.00,'PCS','61*27.4*3.5*47.2华司','',NULL,NULL,0,12,22,NULL),(69,'','4341 071 38371',NULL,NULL,0.00,0.00,0.00,'PCS','61*28.57*3.5*47.2华司','',NULL,NULL,0,12,22,NULL),(70,'','4341 071 38341',NULL,NULL,0.00,0.00,0.00,'PCS','61*29.08*4*47.2华司','',NULL,NULL,0,12,22,NULL),(71,'','4304 071 41491',NULL,NULL,0.00,0.00,0.00,'PCS','64.2*28.5*4华司','',NULL,NULL,0,12,22,NULL),(72,'','4341 071 35753',NULL,NULL,0.00,0.00,0.00,'PCS','65*27*4*50华司','',NULL,NULL,0,12,22,NULL),(73,'','4304 071 41101',NULL,NULL,0.00,0.00,0.00,'PCS','67.9*27.2*3.5*53华司','',NULL,NULL,0,12,22,NULL),(74,'','4304 071 41532',NULL,NULL,0.00,0.00,0.00,'PCS','69.2*28.98*4*53华司','',NULL,NULL,0,12,22,NULL),(75,'','4341 071 38961',NULL,NULL,0.00,0.00,0.00,'PCS','71*65*27.1*3*50八角华司','',NULL,NULL,0,12,22,NULL),(77,'','4304 071 41702',NULL,NULL,0.00,0.00,0.00,'PCS','73台阶华司','',NULL,NULL,0,12,22,NULL),(78,'','4341 071 35793',NULL,NULL,0.00,0.00,0.00,'PCS','75*27.2*4*50华司','',NULL,NULL,0,12,22,NULL),(79,'','4304 071 41621',NULL,NULL,0.00,0.00,0.00,'PCS','82*42.04*5*60+B华司','',NULL,NULL,0,12,22,NULL),(80,'','4304 071 41301',NULL,NULL,0.00,0.00,0.00,'PCS','82*41.84*5*60华司','',NULL,NULL,0,12,22,NULL),(81,'65*4圆片','4341 071 35753','',NULL,731.00,0.00,0.00,'公斤','64.5*4','64.5*4',NULL,NULL,0,22,113,NULL),(82,'75*4圆片','4341 071 35793','',NULL,0.00,0.00,0.00,'公斤','75*4','75*4',NULL,NULL,0,22,113,NULL),(83,'58.5*3.5圆片','','',NULL,0.00,0.00,0.00,'公斤','58.5*3.5','58.5*3.5',NULL,NULL,0,22,7,NULL),(84,'48*3圆片','','',NULL,4323.00,0.00,0.00,'公斤','48*3','48*3',NULL,NULL,0,22,7,NULL),(85,'60.5*3.5圆片','','',NULL,1237.00,0.00,0.00,'公斤','60.5*3.5','60.5*3.5',NULL,NULL,0,22,7,NULL),(86,'65*6圆片','','',NULL,2000.00,0.00,0.00,'公斤','65*6','65*6',NULL,NULL,0,16,7,NULL),(87,'55.5*3.5圆片','','',NULL,635.00,0.00,0.00,'公斤','55.5*3.5','55.5*3.5',NULL,NULL,0,16,7,NULL),(88,'56.6*4圆片','','',NULL,1065.00,0.00,0.00,'公斤','56.6*4','56.6*4',NULL,NULL,0,16,7,NULL),(89,'56.6*5.5','','',NULL,409.60,0.00,0.00,'公斤','56.6*5.5','56.6*5.5',NULL,NULL,0,16,7,NULL),(90,'宝华6寸盆架','CC87637','',NULL,0.00,0.00,200.00,'PCS','6寸','',NULL,NULL,0,15,23,NULL),(91,'195*0.9方块料','CC87637','六寸',NULL,0.00,0.00,0.00,'公斤','195*0.9','195*0.9',NULL,NULL,0,11,115,NULL),(92,'盆架','T200700002660','UFRA08900-0001',NULL,0.00,0.00,0.00,'PCS','3.5加筋','',NULL,NULL,0,13,23,NULL),(93,'盆架','T200700000180','UFRA04600-0002',NULL,0.00,0.00,0.00,'PCS','40方+29*2','',NULL,NULL,0,13,23,NULL),(94,'盆架','T20070000298A','test',NULL,0.00,0.00,0.00,'PCS','101*44船形+33*中孔18.75*3','',NULL,NULL,0,13,23,NULL),(95,'华司','T200400001580','UPLA08000-0006',NULL,0.00,0.00,0.00,'PCS','158*80.88*10','',NULL,NULL,0,13,22,NULL),(96,'华司','T200400003330','',NULL,0.00,0.00,0.00,'PCS','60*3','',NULL,NULL,0,13,5,NULL),(97,'盆架','T200700003080','3”折角',NULL,0.00,0.00,0.00,'PCS','3”折角','',NULL,NULL,0,13,5,NULL),(98,'华司','T200400000050','UPLA01900-0006',NULL,0.00,0.00,0.00,'PCS','18.5*4垫片','',NULL,NULL,0,13,22,NULL),(99,'华司','T200400001790','50*20.85*3T P28',NULL,0.00,0.00,0.00,'PCS','50*20.85*3T P28','',NULL,NULL,0,13,5,NULL),(100,'华司','T200400002530','UPLA05700-0002',NULL,0.00,0.00,0.00,'PCS','135*58.2*8','',NULL,NULL,0,13,22,NULL),(101,'盆架','T200700000070','UFRA01300-0002',NULL,0.00,0.00,0.00,'PCS','513船形','',NULL,NULL,0,13,23,NULL),(102,'盆架','T200700000490','2”正边切角',NULL,0.00,0.00,0.00,'PCS','2','',NULL,NULL,0,13,5,NULL),(103,'盆架','T200700001270','23/4方反边',NULL,0.00,0.00,0.00,'PCS','23/4方反边','',NULL,NULL,0,13,5,NULL),(104,'盆架','T200700002900','3*6船形',NULL,0.00,0.00,0.00,'PCS','3*6船形','',NULL,NULL,0,13,5,NULL),(105,'盆架','T200700000510','UFRA07400-0002',NULL,0.00,0.00,0.00,'PCS','新24/3正边切角','',NULL,NULL,0,13,23,NULL),(106,'华司','T200400000870','100*40.6*6',NULL,0.00,0.00,0.00,'PCS','100*40.6*6','',NULL,NULL,0,13,5,NULL),(107,'华司','T200400001930','110*45.4*8',NULL,0.00,0.00,0.00,'PCS','110*45.4*8','',NULL,NULL,0,13,5,NULL),(108,'盆架','T20070000015A','40方轻形',NULL,0.00,0.00,0.00,'PCS','40方轻形','',NULL,NULL,0,13,5,NULL),(109,'盆架','T200700002920','4*6船形',NULL,0.00,0.00,0.00,'PCS','4*6船形','',NULL,NULL,0,13,5,NULL),(110,'华司','T200400001550','',NULL,0.00,0.00,0.00,'PCS','80*5攻牙','',NULL,NULL,0,13,22,NULL),(111,'华司','T200400002580','67*27.6*6',NULL,0.00,0.00,0.00,'PCS','67*27.6*6','66.5*6',NULL,NULL,0,13,5,NULL),(112,'盆架','T200700002940','70折角',NULL,0.00,0.00,0.00,'PCS','70折角','90*0.6',NULL,NULL,0,13,5,NULL),(113,'盆架','T200700001200','UFRA05900-0002',NULL,0.00,0.00,0.00,'PCS','新2\"正边切角（线夹）','',NULL,NULL,0,13,23,NULL),(114,'华司','T200400001480','32*17.8*2',NULL,0.00,0.00,0.00,'PCS','32*17.8*2','',NULL,NULL,0,13,22,NULL),(115,'华司','T200400000340','UPLA02100-0004',NULL,0.00,0.00,0.00,'PCS','55*4','',NULL,NULL,0,13,22,NULL),(116,'华司','T200400003320','',NULL,0.00,0.00,0.00,'PCS','36*2','',NULL,NULL,0,13,22,NULL),(117,'盆架','T200700001300','24/3方金刚',NULL,0.00,0.00,0.00,'PCS','24/3方金刚','',NULL,NULL,0,13,5,NULL),(118,'盆架','T200700003070','UFRA08700-X001',NULL,0.00,0.00,0.00,'PCS','24/3加筋','',NULL,NULL,0,13,23,NULL),(119,'盆架','T200700003090','',NULL,0.00,0.00,0.00,'PCS','2“正边','',NULL,NULL,0,13,23,NULL),(120,'盆架','T200700001290','UFRA07000-0001',NULL,0.00,0.00,0.00,'PCS','23/4圆盆架','',NULL,NULL,0,13,23,NULL),(121,'盆架+华司','MMPSA231T4AAA','',NULL,0.00,0.00,100.00,'PCS','42方+32华司','',NULL,NULL,0,18,5,NULL),(122,'盆架+华司','71E-30400-000-1','4寸折角+41*15.6*2.5',NULL,0.00,0.00,0.00,'PCS','4寸折角+41*15.6*2.5','',NULL,NULL,0,17,5,NULL),(123,'盆架','72P-60340-000-2','',NULL,0.00,0.00,0.00,'PCS','3\"五花金刚','',NULL,NULL,0,17,23,NULL),(124,'华司','841-21880-000-1','彩锌',NULL,0.00,0.00,0.00,'PCS','18.8*4垫片','',NULL,NULL,0,17,22,NULL),(125,'盆架+华司','71R-30240-001-3','24/1圆四花+28*14.35*2',NULL,0.00,0.00,0.00,'PCS','24/1圆四花+28*14.35*2','',NULL,NULL,0,17,5,NULL),(126,'华司','842-34502-180-1','',NULL,0.00,0.00,0.00,'PCS','45*21.8*2.5','',NULL,NULL,0,17,22,NULL),(127,'47.2*3.2圆片','','',NULL,416.00,0.00,0.00,'公斤','47.2*3.2','47.2*3.2',NULL,NULL,0,16,7,NULL),(128,'盆架+华司','71R-30240-001-8','',NULL,0.00,0.00,0.00,'PCS','241圆+28*14.6*1.5','',NULL,NULL,0,17,23,NULL),(129,'盆架','72L-62050-000-1','',NULL,0.00,0.00,0.00,'PCS','新船形','',NULL,NULL,0,17,23,NULL),(130,'华司','842-34501-560-2','',NULL,0.00,0.00,0.00,'PCS','45*15.6*3','',NULL,NULL,0,17,22,NULL),(131,'盆架','72P-30300-001-1','',NULL,0.00,0.00,0.00,'PCS','3\"双极','',NULL,NULL,0,17,23,NULL),(132,'盆架','72R-30500-000-1','5寸圆正边',NULL,0.00,0.00,0.00,'PCS','5寸圆正边','',NULL,NULL,0,17,5,NULL),(133,'外购铁柱','701-31100-600-2','铁柱11*6',NULL,0.00,0.00,0.00,'PCS','铁柱11*6','',NULL,NULL,0,17,5,NULL),(134,'盆架','72S-60340-000-2','',NULL,0.00,0.00,0.00,'PCS','31/2普通形直冲花（31/4方形缺边）','100*0.45',NULL,NULL,0,17,23,NULL),(135,'盆架','72R-60400-000-2','',NULL,0.00,0.00,0.00,'PCS','4\"浅园四耳','',NULL,NULL,0,17,23,NULL),(136,'华司','842-34761-570-1','镀镍改蓝锌',NULL,0.00,0.00,0.00,'PCS','47.6*15.75*3.3','',NULL,NULL,0,17,22,NULL),(137,'铁框','950-00000-022-8','',NULL,0.00,0.00,0.00,'PCS','铁框','',NULL,NULL,0,17,22,NULL),(138,'盆架+U铁','71R-30150-000-6','',NULL,0.00,0.00,0.00,'PCS','11/2\"铆20U铁 ','',NULL,NULL,0,17,23,NULL),(139,'盆架+华司','71R-30200-000-1','',NULL,0.00,0.00,0.00,'PCS','2”园+28*14.3*2','',NULL,NULL,0,17,23,NULL),(140,'盆架','72P-60300-001-3','',NULL,0.00,0.00,0.00,'PCS','3\"大底','',NULL,NULL,0,17,23,NULL),(141,'盆架','72P-60300-000-7','新3”（3“六花金刚）',NULL,0.00,0.00,0.00,'PCS','新3”（3“六花金刚）','',NULL,NULL,0,17,5,NULL),(142,'盆架+U铁','72L-33070-000-5','',NULL,0.00,0.00,0.00,'PCS','3070+双U（大孔）','',NULL,NULL,0,17,23,NULL),(143,'盆架+U铁','72L-33070-000-4','',NULL,0.00,0.00,0.00,'PCS','3070小孔','',NULL,NULL,0,17,23,NULL),(144,'盆架','72L-62040-000-1','60*100船形（捆包）',NULL,0.00,0.00,0.00,'PCS','60*100船形（捆包）','',NULL,NULL,0,17,5,NULL),(145,'华司','842-33702-100-1','37*21*4华司',NULL,0.00,0.00,0.00,'PCS','37*21*4华司','',NULL,NULL,0,17,5,NULL),(146,'盆架+华司','71R-30240-001-7','',NULL,0.00,0.00,0.00,'PCS','241圆+28*14.3*1.5','',NULL,NULL,0,17,23,NULL),(147,'盆架+华司','71L-34171-000-2','',NULL,0.00,0.00,0.00,'PCS','4070(方3.2）+28*14.3*2','',NULL,NULL,0,17,23,NULL),(148,'盆架+华司','71F-30200-000-4','2寸尖耳+36*14.2*2',NULL,0.00,0.00,0.00,'PCS','2寸尖耳+36*14.2*2','',NULL,NULL,0,17,5,NULL),(149,'圆片','950-00000-057-2','',NULL,0.00,0.00,0.00,'PCS','外径83*厚度0.6H（有花纹）','',NULL,NULL,0,17,22,NULL),(150,'31.09U铁料','4341 071 39061','',NULL,0.00,0.00,0.00,'公斤','37*2.3U铁料','37*2.3',NULL,NULL,0,36,264,NULL),(151,'盆架+U铁','梅县3070','',NULL,0.00,0.00,0.00,'PCS','3070+18U*14.4*4.0','',NULL,NULL,0,NULL,23,NULL),(152,'57*3.5圆片','','',NULL,0.00,0.00,0.00,'公斤','57*3.5','57*3.5',NULL,NULL,0,NULL,7,NULL),(153,'35.1U铁','','',NULL,0.00,0.00,0.00,'公斤','48.2*5','48.2*5',NULL,NULL,0,NULL,28,NULL),(154,'35.1U铁','','',NULL,7000.00,0.00,0.00,'公斤','48.2*5','48.2*5',NULL,NULL,0,NULL,264,NULL),(155,'盆架+华司','67GFT0650-00001','2 1/4高音折角',NULL,0.00,0.00,0.00,'PCS','2 1/4高音折角','',NULL,NULL,0,8,5,NULL),(156,'盆架','67-FM4944-00003','',NULL,0.00,0.00,0.00,'PCS','49*44','',NULL,NULL,0,8,23,NULL),(157,'盆架','67-FM0690-00002','',NULL,0.00,0.00,0.00,'PCS','69方折四角-1（小中孔）','',NULL,NULL,0,8,23,NULL),(158,'垫片(外购）','67GTP0250-04002','24.95*4垫片',NULL,0.00,0.00,0.00,'PCS','24.95*4垫片','',NULL,NULL,0,8,5,NULL),(159,'盆架','67GFM0690-00001','69方折四角',NULL,0.00,0.00,0.00,'PCS','69方折四角','',NULL,NULL,0,8,5,NULL),(160,'垫片(外购）','67-TP0160-02001','15.95*2拉光',NULL,0.00,0.00,0.00,'PCS','15.95*2拉光','',NULL,NULL,0,8,5,NULL),(161,'U铁','67-YP2150-05002','',NULL,300.00,0.00,200.00,'PCS','26U铁','',NULL,NULL,0,8,28,NULL),(162,'华司','67GTP0250-03003','',NULL,0.00,0.00,0.00,'PCS','24.95*3.5(拉光）','',NULL,NULL,0,8,22,NULL),(163,'垫片(外购）','67-TP0200-04003','19.95*4拉光',NULL,0.00,0.00,0.00,'PCS','19.95*4拉光','',NULL,NULL,0,8,5,NULL),(164,'华司','67GTP0200-03005','',NULL,0.00,0.00,0.00,'PCS','19.95*3拉光','',NULL,NULL,0,8,22,NULL),(165,'垫片(外购）','67GTP0180-03006','18.5*3.5 拉光',NULL,0.00,0.00,0.00,'PCS','18.5*3.5 拉光','',NULL,NULL,0,8,5,NULL),(166,'垫片(外购）','67GTP0190-02004','18.95*2.5拉光',NULL,0.00,0.00,0.00,'PCS','18.95*2.5拉光','',NULL,NULL,0,8,5,NULL),(167,'华司','67GTP0283-04001','65*4T （28.3）P50*',NULL,0.00,0.00,0.00,'PCS','65*4T （28.3）P50*4','',NULL,NULL,0,8,5,NULL),(168,'盆架+华司','67MFT0600-00001','2寸高音圆+40.5*15*1.5',NULL,0.00,0.00,0.00,'PCS','2寸高音圆+40.5*15*1.5','',NULL,NULL,0,8,5,NULL),(169,'盆架','67GFM0480-00005','48方金刚',NULL,0.00,0.00,0.00,'PCS','48方金刚','',NULL,NULL,0,8,5,NULL),(170,'盆架+华司','67GFT0600-00002','2寸高音折角+40.5*15.2*1.5',NULL,0.00,0.00,0.00,'PCS','2寸高音折角+40.5*15.2*1.5','',NULL,NULL,0,8,5,NULL),(171,'盆架','67MFM0480-00004','',NULL,0.00,0.00,0.00,'PCS','48异形','',NULL,NULL,0,8,23,NULL),(172,'华司','67MTP0160-03006','',NULL,0.00,0.00,0.00,'PCS','15.92*3拉光','',NULL,NULL,0,8,22,NULL),(173,'盆架','67-FM0580-00001','58方平面',NULL,0.00,0.00,0.00,'PCS','58方平面','',NULL,NULL,0,8,5,NULL),(174,'华司','67GTP0200-03005','',NULL,0.00,0.00,0.00,'PCS','19.95*3拉光','',NULL,NULL,0,8,22,NULL),(175,'垫片（外购）','67-TP0190-03002','18.95*3拉光',NULL,0.00,0.00,0.00,'PCS','18.95*3拉光','',NULL,NULL,0,8,5,NULL),(176,'华司','67GTP0190-03002','',NULL,0.00,0.00,120.00,'PCS','18.95*3拉光','',NULL,NULL,0,8,22,NULL),(177,'盆架','67-FM5855-00002','',NULL,0.00,0.00,-150.00,'PCS','58*55','',NULL,NULL,0,8,23,NULL),(178,'华司','67GTP0160-02001','',NULL,0.00,0.00,0.00,'PCS','15.95*2拉光','',NULL,NULL,0,8,22,NULL),(179,'48 UP华司','MW-97837731','',NULL,0.00,0.00,158257.00,'PCS','48*3 UP','48*3 ',NULL,NULL,0,19,5,NULL),(180,'48UP华司','MW-97837731','',NULL,0.00,12700.00,0.00,'公斤','48*3','47.6*3',NULL,NULL,0,22,113,NULL),(181,'64.2*4圆片','','',NULL,4076.00,0.00,0.00,'公斤','63.8*4','63.8*4',NULL,NULL,0,NULL,7,NULL),(182,'60*3圆片','','',NULL,0.00,0.00,0.00,'公斤','60*3','60*3',NULL,NULL,0,NULL,7,NULL),(183,'4里板材','','',NULL,0.00,0.00,0.00,'公斤','4里板材','4里板材',NULL,NULL,0,NULL,7,NULL),(184,'82*5圆片','','',NULL,0.00,0.00,0.00,'公斤','82*5','82*5',NULL,NULL,0,NULL,7,NULL),(186,'37.*2.3圆片','','',NULL,0.00,0.00,0.00,'公斤','37*2.3','37*2.3',NULL,NULL,0,NULL,7,NULL),(187,'48*2.5圆片','','',NULL,0.00,0.00,0.00,'公斤','48*2.5','48*2.5',NULL,NULL,0,NULL,7,NULL),(188,'68*3.5圆片','','',NULL,6756.00,0.00,0.00,'公斤','68*3.5','68*3.5',NULL,NULL,0,NULL,7,NULL),(189,'5里条料','','',NULL,697.00,0.00,0.00,'公斤','5里条料','5里条料',NULL,NULL,0,NULL,7,NULL),(190,'66.5*6圆片','','',NULL,0.00,0.00,0.00,'公斤','67*6','67*6',NULL,NULL,0,NULL,7,NULL),(191,'10铜帽','MC-99839192','',NULL,0.00,0.00,7976.00,'PCS','24.95*10*8h*0.25','',NULL,NULL,0,37,36,NULL),(192,'盆架','MP-99825622','',NULL,0.00,931.00,931.00,'PCS','201*70大船','方：235*135*0.8',NULL,NULL,0,19,23,NULL),(193,'70.5*3.5圆片','','',NULL,0.00,0.00,0.00,'公斤','70.5*3.5','70.5*3.5',NULL,NULL,0,NULL,7,NULL),(194,'16铜帽','MC-99836961','24.95*24.35*8.7H*16中孔*0.3',NULL,0.00,0.00,1475.00,'PCS','24.95*24.35*8.7H*16中孔*0.3','',NULL,NULL,0,19,5,NULL),(195,'方块：140*0.8','MP-98825522','4”正边',NULL,0.00,0.00,0.00,'公斤','140*0.8','',NULL,NULL,0,9,115,NULL),(196,'方块：180*0.9','MP-98825471','5”五耳',NULL,0.00,0.00,0.00,'公斤','180*0.9','方块：180*0.9',NULL,NULL,0,9,115,NULL),(197,'方块：230*0.9','MP-98825571','6.5“六角形',NULL,0.00,0.00,0.00,'公斤','230*0.9','',NULL,NULL,0,9,115,NULL),(198,'方块','MP-98825793','3\'四耳',NULL,0.00,0.00,0.00,'公斤','105*0.6','',NULL,NULL,0,9,7,NULL),(199,'方块：92*0.6','MP-99825531','新24/3正边',NULL,0.00,0.00,0.00,'公斤','92*0.6','',NULL,NULL,0,19,115,NULL),(200,'方块：110*65*0.6','MP-99825612','94*35小船',NULL,0.00,0.00,0.00,'公斤','110*65*0.6','',NULL,NULL,0,19,115,NULL),(201,'方块：235*135*0.8','MP-99825622','201*70大船',NULL,0.00,0.00,0.00,'公斤','235*135*0.8','',NULL,NULL,0,19,115,NULL),(202,'长块185*142*0.8','MP-99829973','大深船',NULL,0.00,0.00,0.00,'公斤','185*142*0.8','',NULL,NULL,0,19,115,NULL),(203,'铁网  （0.35厚+110宽）','MQ-99838642','铁网',NULL,0.00,0.00,0.00,'卷',' （0.35厚+110宽）','',NULL,NULL,0,19,114,NULL),(204,'6厘条料','MQ-99839641','38.5*5.85（38.5+-0.05*5.85+-0.05）',NULL,0.00,0.00,0.00,'公斤','6厘条料','',NULL,NULL,0,19,41,NULL),(205,'U：33*4','MU-97839011','23.66U铁',NULL,0.00,0.00,0.00,'公斤','U：33*4','',NULL,NULL,0,19,264,NULL),(206,'U铁料：37*2.3','MU-97839061','31.09*26.71*4h*6.2H',NULL,0.00,0.00,0.00,'公斤','U铁料：37*2.3','',NULL,NULL,0,19,264,NULL),(207,'U：28*3有孔','MU-99837341','23.86U铁',NULL,0.00,0.00,0.00,'公斤','U：28*3有孔','',NULL,NULL,0,19,264,NULL),(208,'圆片：47.6*3','MW-97837731','48*3（UP）',NULL,0.00,0.00,0.00,'公斤','47.6*3','',NULL,NULL,0,19,113,NULL),(209,'外购垫片','MW-97838951-01','31.75*3.5*1.5 ',NULL,0.00,0.00,0.00,'PCS','31.75*3.5*1.5','',NULL,NULL,0,19,11,NULL),(210,'外购（林生）','MW-97839021','15.82*3',NULL,0.00,0.00,0.00,'PCS','15.82*3','',NULL,NULL,0,19,113,NULL),(211,'外购（林生）','MW-97839031','15*1',NULL,0.00,0.00,0.00,'PCS','15*1','',NULL,NULL,0,19,113,NULL),(212,'外购垫片','MW-97839071-01','20*5*2 垫片',NULL,0.00,0.00,0.00,'PCS','20*5*2','',NULL,NULL,0,19,5,NULL),(213,'6厘条料','MW-97839651','39*6（5.95+-6.05）',NULL,80.00,0.00,0.00,'公斤','6厘条料','',NULL,NULL,0,19,41,NULL),(214,'4厘条料140*485*3.5','MW-97841541','29.95*5*3.5垫片',NULL,80.00,10.00,0.00,'公斤','4厘条料140*485*3.5','',NULL,NULL,0,19,41,NULL),(215,'圆片60.5*4','MW-98838341','61*4华司',NULL,0.00,0.00,0.00,'公斤','60.5*4','',NULL,NULL,0,19,113,NULL),(216,'圆片：73.2*6','MW-98838511','74*21.7*6 P50',NULL,0.00,0.00,0.00,'公斤','73.2*6','',NULL,NULL,0,19,113,NULL),(217,'圆片：89.5*6','MW-98838561','90*中孔32.62*6 P60',NULL,0.00,0.00,0.00,'公斤','89.5*6','',NULL,NULL,0,19,113,NULL),(218,'白料圆片：70.5*66.5*3.5','MW-98838972','71*3.5八角形',NULL,0.00,50.00,0.00,'公斤','70.5*66.5*3.5','',NULL,NULL,0,19,113,NULL),(219,'中：59.8*23.9*5T','MW-98839051','60*23.9*5',NULL,0.00,0.00,0.00,'公斤','59.8*23.9*5T','',NULL,NULL,0,19,113,NULL),(220,'圆片：48*2.5','MW-98841831','48*19.59*2.5  4-中2.9  P36',NULL,0.00,0.00,0.00,'公斤','48*2.5','',NULL,NULL,0,19,113,NULL),(221,'圆片：60*4','MW-99835602','60*4华司',NULL,0.00,0.00,0.00,'公斤','60*4','',NULL,NULL,0,19,113,NULL),(222,'外购（林生）','MW-99835631','25*1.6华司',NULL,0.00,0.00,0.00,'PCS','25*1.6','',NULL,NULL,0,19,113,NULL),(223,'圆片：64.5*4','MW-99835753','65*4华司',NULL,0.00,0.00,0.00,'公斤','64.5*4','',NULL,NULL,0,19,113,NULL),(224,'圆片：74.5*4','MW-99835793','75*4华司',NULL,0.00,0.00,0.00,'公斤','74.5*4','',NULL,NULL,0,19,7,NULL),(225,'85*6','MW-99836113','85*38.3*6 P60 4-∮5',NULL,0.00,0.00,0.00,'公斤','85*6','',NULL,NULL,0,19,113,NULL),(226,'外购垫片','MW-99836692','25*3.6*1.6',NULL,0.00,0.00,151.00,'PCS','25*3.6*1.6','',NULL,NULL,0,19,5,NULL),(227,'外购（林生）','MW-99837351','18.11*1.5有孔',NULL,0.00,0.00,0.00,'公斤','18.11*1.5','',NULL,NULL,0,19,113,NULL),(228,'外购（林生）','MW-99840071','24.95*5*3',NULL,0.00,0.00,0.00,'PCS','24.95*3','',NULL,NULL,0,19,113,NULL),(229,'卷料：100*0.6 ','PJ310-22U-1-Cr3+','310船+21.8U铁',NULL,0.00,0.00,0.00,'卷',' U铁：21.5*17.1*8.9h','',NULL,NULL,0,13,114,NULL),(230,'外购（林生）','T200400000050','18.5*4垫片',NULL,0.00,0.00,0.00,'公斤','18.5*4','',NULL,NULL,0,13,113,NULL),(231,'55*4','T200400000340','55*4',NULL,0.00,0.00,0.00,'公斤','55*4','',NULL,NULL,0,13,113,NULL),(232,'圆片：100*6','T200400000870','100*40.6*6',NULL,0.00,0.00,0.00,'公斤','100*6','',NULL,NULL,0,13,113,NULL),(233,'32*2','T200400001480','32*17.8*2',NULL,0.00,0.00,0.00,'公斤','32*2','',NULL,NULL,0,13,113,NULL),(234,'圆片：80*5','T200400001550','80*5攻牙',NULL,0.00,0.00,0.00,'公斤','80*5','',NULL,NULL,0,13,113,NULL),(235,'158*10','T200400001580','158*80.88*10',NULL,0.00,0.00,0.00,'公斤','158*10','',NULL,NULL,0,13,113,NULL),(236,'50*3','T200400001790','50*20.85*3T P28',NULL,0.00,0.00,0.00,'公斤','50*3','',NULL,NULL,0,13,113,NULL),(237,'110*8','T200400001930','110*45.4*8',NULL,0.00,0.00,0.00,'公斤','110*8','',NULL,NULL,0,13,113,NULL),(238,'135*8','T200400002530','135*58.2*8',NULL,0.00,0.00,0.00,'公斤','135*8','',NULL,NULL,0,13,113,NULL),(239,'圆片：66.5*6','T200400002580','67*27.6*6',NULL,0.00,0.00,0.00,'公斤','66.5*6','',NULL,NULL,0,13,113,NULL),(240,'圆片：35.6*17.4*2','T200400003320','36*2',NULL,0.00,0.00,0.00,'公斤','35.6*17.4*2','',NULL,NULL,0,13,113,NULL),(241,'圆片：59.8*28.35*3','T200400003330','60*3',NULL,0.00,0.00,0.00,'公斤','59.8*28.35*3','',NULL,NULL,0,NULL,113,NULL),(242,'卷料：145*0.6','T200700000070','513船形',NULL,0.00,0.00,0.00,'卷','145*0.6','',NULL,NULL,0,13,114,NULL),(243,'卷料：55*0.5','T20070000015A','40方轻形',NULL,0.00,0.00,0.00,'卷','55*0.5','',NULL,NULL,0,NULL,114,NULL),(244,'卷料：55*0.5','T200700000180','40方+29*2',NULL,0.00,0.00,0.00,'卷','华司29*2','',NULL,NULL,0,NULL,114,NULL),(245,'卷料：81*0.5','T200700000490','2\"正边切角',NULL,0.00,0.00,0.00,'卷','81*0.5','',NULL,NULL,0,NULL,114,NULL),(246,'方块：89*0.7','T200700000510','新24/3正边切角',NULL,0.00,0.00,0.00,'PCS','89*0.7','',NULL,NULL,0,NULL,115,NULL),(247,'卷料：81*0.5','T200700001200','新2\"正边切角（线夹）',NULL,0.00,0.00,0.00,'卷','81*0.5','',NULL,NULL,0,NULL,114,NULL),(248,'卷料：77*0.55','T200700001250','2\"折角',NULL,0.00,0.00,0.00,'卷','77*0.55','',NULL,NULL,0,NULL,114,NULL),(249,'卷料：95*0.55','T200700001270','23/4方反边',NULL,0.00,0.00,0.00,'卷','95*0.55','',NULL,NULL,0,NULL,114,NULL),(250,'方块：93*0.5','T200700001290','23/4圆盆架',NULL,0.00,0.00,0.00,'PCS','93*0.5','',NULL,NULL,0,13,115,NULL),(251,'卷料：90*0.6','T200700001300','24/3方金刚',NULL,0.00,0.00,0.00,'卷','90*0.6','',NULL,NULL,0,NULL,114,NULL),(252,'方块：175*127*0.8','T200700002900','3*6船形',NULL,0.00,0.00,0.00,'PCS','175*127*0.8','',NULL,NULL,0,13,115,NULL),(253,'方块：118*0.55','T200700002660','3.5加筋',NULL,0.00,0.00,0.00,'公斤','118*0.55','',NULL,NULL,0,NULL,115,NULL),(254,'方块：193*140*0.8','T200700002920','4*6船形',NULL,0.00,0.00,0.00,'公斤','193*140*0.8','',NULL,NULL,0,NULL,115,NULL),(255,'卷料：90*0.6','T200700002940','70折角',NULL,0.00,0.00,0.00,'卷','90*0.6','',NULL,NULL,0,NULL,114,NULL),(256,'卷料：120*0.5','T20070000298A','101*44船形+33*中孔18.75*3',NULL,0.00,0.00,0.00,'卷','华司18.75*3','',NULL,NULL,0,NULL,114,NULL),(257,'方块：92*0.9','T200700003070','24/3加筋',NULL,0.00,0.00,0.00,'公斤','92*0.9','',NULL,NULL,0,NULL,115,NULL),(258,'卷料：105*0.6','T200700003080','3”折角',NULL,0.00,0.00,0.00,'卷','105*0.6','',NULL,NULL,0,NULL,114,NULL),(259,'卷料：70*0.6','T200700003090','2“正边',NULL,0.00,0.00,0.00,'卷','70*0.6','',NULL,NULL,0,NULL,114,NULL),(260,'方块：78*0.8','67-FM0580-00001','58方平面',NULL,0.00,0.00,0.00,'公斤','78*0.8','',NULL,NULL,0,NULL,115,NULL),(261,'方块：103*0.6','67-FM0690-00002','69方折四角-1（小中孔）',NULL,0.00,0.00,0.00,'公斤','103*0.6','',NULL,NULL,0,NULL,115,NULL),(262,'卷料：66*0.6','67-FM4944-00003','49*44',NULL,0.00,0.00,0.00,'卷','66*0.6','',NULL,NULL,0,NULL,114,NULL),(263,'卷料：78*0.6','67-FM5855-00002','58*55',NULL,0.00,0.00,0.00,'卷','78*0.6','',NULL,NULL,0,NULL,114,NULL),(264,'方块：99*0.6','67-FM7070-00001','241折角',NULL,0.00,0.00,0.00,'公斤','99*0.6','',NULL,NULL,0,NULL,115,NULL),(265,'外购（林生）','67-TP0160-02001','15.95*2拉光',NULL,0.00,0.00,0.00,'公斤','15.95*2','',NULL,NULL,0,NULL,113,NULL),(266,'华司','MW-99835631','25*1.6',NULL,0.00,0.00,0.00,'PCS','25*1.6','',NULL,NULL,0,19,5,NULL),(267,'华司','MW-99835602','60*4',NULL,0.00,0.00,0.00,'PCS','60*4','',NULL,NULL,0,19,5,NULL),(268,'华司','MW-99835753','65*4',NULL,0.00,0.00,0.00,'PCS','65*4','',NULL,NULL,0,19,5,NULL),(270,'垫片','MW-97841541','29.95*5*3.5',NULL,0.00,0.00,0.00,'PCS','29.95*5*3.5','',NULL,NULL,0,19,5,NULL),(271,'华司','MW-99835793','75*4',NULL,0.00,0.00,0.00,'PCS','75*4','',NULL,NULL,0,19,5,NULL),(273,'铁网','MQ-99838642','铁网',NULL,0.00,0.00,0.00,'PCS','铁网','',NULL,NULL,0,19,5,NULL),(274,'盆架','MP-98825471','5”五耳',NULL,0.00,0.00,0.00,'PCS','5”五耳','',NULL,NULL,0,19,5,NULL),(275,'盆架','MP-98825793 ','',NULL,0.00,0.00,0.00,'PCS','3寸四耳','',NULL,NULL,0,19,5,NULL),(277,'盆架+华司','71S-30400-000-7','4“方切角+54*22*3',NULL,0.00,0.00,0.00,'PCS','4“方切角+54*22*3','',NULL,NULL,0,17,5,NULL),(278,'华司','MW-98837761','',NULL,0.00,0.00,0.00,'PCS','95*32.26*6','',NULL,NULL,0,19,5,NULL),(279,'盆架','MP-98825522','4寸正边',NULL,0.00,0.00,0.00,'PCS','4寸正边','',NULL,NULL,0,19,5,NULL),(280,'外购（林生）','MW-99836692','25*3.6*1.6',NULL,0.00,0.00,0.00,'公斤','25*3.6*1.6','',NULL,NULL,0,NULL,11,NULL),(281,'外购（林生）','MW-97838951-01','31.75*3.5*1.5 华司片',NULL,0.00,0.00,0.00,'公斤','31.75*3.5*1.5 ','',NULL,NULL,0,NULL,11,NULL),(282,'外购垫片','MW-97839071-01','20*5*2 ',NULL,0.00,0.00,0.00,'公斤','20*5*2 ','',NULL,NULL,0,NULL,11,NULL),(283,'外购（林生）','701-31100-600-2','铁柱11*6',NULL,0.00,0.00,0.00,'公斤','铁柱11*6','',NULL,NULL,0,NULL,11,NULL),(284,'盆架+U铁','PJ310-22U-1-Cr3+','310船+21.8U铁（G9228-001L)',NULL,0.00,0.00,0.00,'PCS','310船+21.8U铁（G9228-001L)','',NULL,NULL,0,38,5,NULL),(285,'方块料','','',NULL,0.00,0.00,0.00,'公斤','08*78','08*78',NULL,NULL,0,9,115,NULL),(286,'盆架','UFRA06900-0001','23/4方反边',NULL,0.00,0.00,0.00,'PCS','23/4方反边','',NULL,NULL,0,13,5,NULL),(288,'垫片(外购）','67-TP0200-03005','19.95*3拉光',NULL,0.00,0.00,0.00,'PCS','19.95*3拉光','',NULL,NULL,0,8,5,NULL),(289,'U铁','67GYP2140-11001','27.5*21.45*11.5H*14.5H*25*1H',NULL,0.00,0.00,0.00,'PCS','27.5*21.45*11.5H*14.5H*25*1H','',NULL,NULL,0,8,5,NULL),(290,'05 118','','',NULL,0.00,0.00,0.00,'公斤','05 118','05 118',NULL,NULL,0,NULL,7,NULL),(291,'盆架','72L-34171-000-4','4070 轻型 方孔3.2',NULL,0.00,100.00,0.00,'PCS','4070 轻型 方孔3.2','',NULL,NULL,0,17,5,NULL),(292,'圆片','434107141101','67.8*3.5',NULL,0.00,0.00,0.00,'公斤','67.8*3.5','',NULL,NULL,0,22,7,NULL),(293,'圆片','434107138261','60.5*3.5',NULL,0.00,0.00,0.00,'公斤','60.5*3.5','',NULL,NULL,0,22,7,NULL),(294,'圆片','434107141491','63.8*4',NULL,0.00,0.00,0.00,'公斤','63.8*4','',NULL,NULL,0,22,7,NULL),(295,'方块','MP-98825793','105*0.6',NULL,0.00,0.00,0.00,'公斤','105*0.6','',NULL,NULL,0,22,7,NULL),(296,'方块','T200700002920','193*140*0.8',NULL,0.00,0.00,0.00,'公斤','193*140*0.8','',NULL,NULL,0,9,7,NULL),(297,'4厘条料','434107141061','140*485*4',NULL,0.00,0.00,0.00,'公斤','','',NULL,NULL,0,16,7,NULL),(298,'一二三四五六七八九十一二三','','',NULL,0.00,0.00,160.00,'PCS','','',NULL,NULL,0,NULL,36,NULL);

#
# Source for table "user"
#

DROP TABLE IF EXISTS `user`;
CREATE TABLE `user` (
  `id` int(11) NOT NULL AUTO_INCREMENT,
  `name` varchar(255) NOT NULL DEFAULT '',
  `password` varchar(32) DEFAULT NULL,
  `last_login_ip` varchar(50) DEFAULT NULL,
  `last_login_time` datetime DEFAULT NULL,
  `login_count` int(11) NOT NULL DEFAULT '0',
  PRIMARY KEY (`id`)
) ENGINE=InnoDB AUTO_INCREMENT=7 DEFAULT CHARSET=utf8;

#
# Data for table "user"
#

INSERT INTO `user` VALUES (1,'admin','c4ca4238a0b923820dcc509a6f75849b',NULL,NULL,0),(2,'manage','c4ca4238a0b923820dcc509a6f75849b',NULL,NULL,0),(3,'sell','c4ca4238a0b923820dcc509a6f75849b',NULL,NULL,0),(4,'purchase','c4ca4238a0b923820dcc509a6f75849b',NULL,NULL,0),(5,'manu','c4ca4238a0b923820dcc509a6f75849b',NULL,NULL,0),(6,'lib','c4ca4238a0b923820dcc509a6f75849b',NULL,NULL,0);

#
# Source for table "ord"
#

DROP TABLE IF EXISTS `ord`;
CREATE TABLE `ord` (
  `Id` int(11) NOT NULL AUTO_INCREMENT,
  `serial` varchar(100) NOT NULL DEFAULT '',
  `name` varchar(100) DEFAULT NULL,
  `create_user_id` int(11) DEFAULT NULL,
  `create_time` datetime DEFAULT NULL,
  `bill_time` datetime DEFAULT NULL,
  `deadline_time` datetime DEFAULT NULL,
  `type` tinyint(3) NOT NULL DEFAULT '1' COMMENT '1-purchase 2-sell',
  `status` tinyint(3) NOT NULL DEFAULT '0' COMMENT '0-未审核 1-审核完成 2-部分完成 3-全部完成',
  `comment` varchar(200) DEFAULT NULL,
  `direction` tinyint(3) DEFAULT '1',
  `company_id` int(11) DEFAULT NULL,
  `sell_order_id` int(11) DEFAULT NULL,
  PRIMARY KEY (`Id`),
  KEY `fk_order_user` (`create_user_id`),
  KEY `fk_order_company` (`company_id`),
  KEY `fk_order_order` (`sell_order_id`),
  CONSTRAINT `fk_order_company` FOREIGN KEY (`company_id`) REFERENCES `company` (`id`),
  CONSTRAINT `fk_order_order` FOREIGN KEY (`sell_order_id`) REFERENCES `ord` (`Id`),
  CONSTRAINT `fk_order_user` FOREIGN KEY (`create_user_id`) REFERENCES `user` (`id`)
) ENGINE=InnoDB AUTO_INCREMENT=241 DEFAULT CHARSET=utf8;

#
# Data for table "ord"
#

INSERT INTO `ord` VALUES (13,'CGDD-20180127-001','',4,'2018-01-27 12:53:34','2018-01-27 00:00:00',NULL,1,3,'',1,9,NULL),(14,'CGDD-20180127-002','',4,'2018-01-27 12:58:57','2018-01-27 00:00:00',NULL,1,2,'',1,9,NULL),(16,'CGDD-20180127-003','',4,'2018-01-27 01:07:43','2018-01-27 00:00:00',NULL,1,3,'',1,11,NULL),(17,'CGDD-20180127-004','',4,'2018-01-27 01:24:34','2018-01-27 00:00:00',NULL,1,2,'',1,11,NULL),(18,'KHDD-20180127-001','',3,'2018-01-27 01:29:29','2018-01-27 00:00:00',NULL,2,3,'',1,8,NULL),(19,'CGDD-20180128-001','',1,'2018-01-28 11:02:06','2018-01-27 00:00:00',NULL,1,1,'',1,16,NULL),(20,'KHDD-20180226-001','123456',1,'2018-02-26 03:03:30','2018-02-26 00:00:00',NULL,2,2,'测试',1,12,NULL),(22,'KHDD-20180227-002','4500154656',1,'2018-02-27 10:24:34','2018-02-27 00:00:00',NULL,2,1,'交期3.19',1,15,NULL),(23,'KHDD-20180227-003','4500155239',1,'2018-02-27 10:41:24','2018-02-27 00:00:00',NULL,2,1,'test',1,15,NULL),(25,'KHDD-20180227-004','test',1,'2018-02-27 11:21:31','2018-02-27 00:00:00',NULL,2,1,'test',1,15,NULL),(26,'KHDD-20180227-005','test',1,'2018-02-27 11:23:19','2018-02-27 00:00:00',NULL,2,1,'test',1,15,NULL),(27,'KHDD-20180227-006','test2',1,'2018-02-27 02:06:41','2018-02-27 00:00:00',NULL,2,1,'test2',1,15,NULL),(28,'KHDD-20180227-007','PO80201070',1,'2018-02-27 05:06:20','2018-02-02 00:00:00',NULL,2,1,'',1,19,NULL),(29,'CGDD-20180227-001','HG201803004',1,'2018-02-27 05:08:34','2018-02-26 00:00:00',NULL,1,1,'',1,22,NULL),(30,'CGDD-20180307-001','test宝华8寸',1,'2018-03-07 05:18:46','2018-03-07 00:00:00',NULL,1,3,'test',1,23,NULL),(31,'KHDD-20180307-001','test',4,'2018-03-07 05:33:54','2018-03-07 00:00:00',NULL,2,2,'test',1,15,NULL),(33,'KHDD-20180324-002','',4,'2018-03-24 09:50:39','2018-03-24 00:00:00',NULL,2,1,'',1,19,NULL),(34,'KHDD-20180324-003','',4,'2018-03-24 09:55:17','2018-03-24 00:00:00',NULL,2,1,'',1,19,NULL),(35,'CGDD-20180324-001','',4,'2018-03-24 09:56:28','2018-03-24 00:00:00',NULL,1,1,'',1,19,NULL),(36,'KHDD-20180324-004','P080208087',4,'2018-03-24 10:04:21','2018-03-24 00:00:00',NULL,2,1,'16铜帽',1,19,NULL),(37,'KHDD-20180324-005','MC-99836961',4,'2018-03-24 10:06:42','2018-03-24 00:00:00',NULL,2,1,'',1,19,NULL),(38,'KHDD-20180414-001','P080208087',4,'2018-04-14 10:21:19','2018-02-08 00:00:00',NULL,2,1,'',1,19,NULL),(39,'KHDD-20180414-002','P080301052',4,'2018-04-14 10:25:55','2018-03-02 00:00:00',NULL,2,1,'',1,19,NULL),(40,'KHDD-20180414-003','P080329056',4,'2018-04-14 10:37:57','2018-03-29 00:00:00',NULL,2,1,'',1,19,NULL),(41,'KHDD-20180414-004','P080329056',4,'2018-04-14 10:39:22','2018-03-29 00:00:00',NULL,2,1,'',1,19,NULL),(42,'CGDD-20180414-001','HG201803034',4,'2018-04-14 10:56:49','2018-03-21 00:00:00',NULL,1,0,'',1,16,NULL),(43,'KHDD-20180414-005','P080329056',4,'2018-04-14 04:09:04','2018-03-29 00:00:00',NULL,2,0,'蓝白锌/交期5月15',1,19,NULL),(44,'KHDD-20180414-006','P080404067',4,'2018-04-14 04:19:09','2018-03-29 00:00:00',NULL,2,0,'蓝白锌/交期4月24',1,19,NULL),(45,'KHDD-20180414-007','P080404067',4,'2018-04-14 04:22:05','2018-04-04 00:00:00',NULL,2,0,'蓝白锌/交期5月8',1,19,NULL),(46,'KHDD-20180414-008','P080404067',4,'2018-04-14 04:36:02','2018-04-04 00:00:00',NULL,2,0,'蓝白锌/交期5月8',1,19,NULL),(47,'KHDD-20180414-009','P080404067',4,'2018-04-14 04:49:40','2018-04-04 00:00:00',NULL,2,0,'耐盐雾/交期5月8号',1,19,NULL),(48,'KHDD-20180414-010','P080404067',4,'2018-04-14 05:07:42','2018-04-04 00:00:00',NULL,2,0,'蓝白锌/交期5月8号',1,19,NULL),(49,'KHDD-20180414-011','P080404067',4,'2018-04-14 05:28:01','2018-04-04 00:00:00',NULL,2,0,'蓝白锌/交期5月13',1,19,NULL),(50,'KHDD-20180414-012','P080404067',4,'2018-04-14 05:32:22','2018-04-04 00:00:00',NULL,2,0,'彩锌/交期5月15号',1,19,NULL),(51,'KHDD-20180414-013','P080404067',4,'2018-04-14 05:35:00','2018-04-04 00:00:00',NULL,2,0,'电咏/交期5月15',1,19,NULL),(52,'KHDD-20180414-014','P080404067',4,'2018-04-14 05:45:36','2018-04-04 00:00:00',NULL,2,0,'耐盐雾/交期5月22',1,19,NULL),(53,'KHDD-20180414-015','P080404067',4,'2018-04-14 05:46:31','2018-04-04 00:00:00',NULL,2,0,'蓝白锌/交期5月22号',1,19,NULL),(54,'KHDD-20180415-001','18MC000331',4,'2018-04-15 02:40:15','2018-03-19 00:00:00',NULL,2,1,'',1,18,NULL),(55,'KHDD-20180415-002','测试',1,'2018-04-15 04:20:12','2018-04-15 00:00:00',NULL,2,1,'',1,12,NULL),(56,'CGDD-20180415-001','测试',1,'2018-04-15 04:21:44','2018-04-15 00:00:00',NULL,1,3,'',1,16,NULL),(57,'CGDD-20180415-002','测试2',1,'2018-04-15 04:36:23','2018-04-15 00:00:00',NULL,1,2,'',1,16,NULL),(58,'KHDD-20180417-001','HB29637',4,'2018-04-17 04:31:08','2018-04-03 00:00:00',NULL,2,0,'彩锌三价/交期4月13号',1,17,NULL),(59,'KHDD-20180417-002','HB29649',4,'2018-04-17 04:34:31','2018-04-09 00:00:00',NULL,2,0,'蓝锌/交期4月14号',1,17,NULL),(60,'KHDD-20180417-003','P080404067',4,'2018-04-17 04:45:28','2018-04-04 00:00:00',NULL,2,0,'电咏/交期5月10号',1,19,NULL),(61,'KHDD-20180417-004','MP-98825793',4,'2018-04-17 04:47:27','2018-04-04 00:00:00',NULL,2,0,'电咏/交期5月17号',1,19,NULL),(62,'KHDD-20180419-001','P080412083',4,'2018-04-19 02:26:43','2018-04-12 00:00:00',NULL,2,0,'蓝白锌/交期5月8号',1,19,NULL),(63,'KHDD-20180419-002','P080412083',4,'2018-04-19 03:00:37','2018-04-12 00:00:00',NULL,2,0,'蓝白锌/交期5月8号',1,19,NULL),(64,'KHDD-20180419-003','P080412083',4,'2018-04-19 03:06:52','2018-04-12 00:00:00',NULL,2,0,'蓝白锌/交期5月15号',1,19,NULL),(65,'KHDD-20180419-004','P080412083',4,'2018-04-19 03:10:40','2018-04-12 00:00:00',NULL,2,0,'蓝白锌/交期5月15号',1,19,NULL),(66,'KHDD-20180419-005','P080412083',4,'2018-04-19 03:14:50','2018-04-12 00:00:00',NULL,2,0,'蓝白锌/交期5月15号',1,19,NULL),(67,'KHDD-20180419-006','P080412083',4,'2018-04-19 03:31:43','2018-04-12 00:00:00',NULL,2,0,'蓝白锌/交期5月20',1,19,NULL),(68,'KHDD-20180419-007','P080412083',4,'2018-04-19 03:33:37','2018-04-12 00:00:00',NULL,2,0,'蓝白锌/交期5月22',1,19,NULL),(69,'KHDD-20180419-008','P080412083',4,'2018-04-19 03:39:10','2018-04-12 00:00:00',NULL,2,0,'耐盐雾/交期5月29',1,19,NULL),(70,'KHDD-20180419-009','P080412083',4,'2018-04-19 03:41:17','2018-04-12 00:00:00',NULL,2,0,'蓝白锌/交期5月29',1,19,NULL),(71,'KHDD-20180419-010','P080412083',4,'2018-04-19 03:48:33','2018-04-12 00:00:00',NULL,2,0,'耐盐雾/交期5月29',1,19,NULL),(72,'KHDD-20180419-011','P080410056',4,'2018-04-19 03:52:47','2018-04-11 00:00:00',NULL,2,0,'电咏/交期4月14',1,19,NULL),(73,'KHDD-20180419-012','P080410056',4,'2018-04-19 03:54:17','2018-04-11 00:00:00',NULL,2,0,'蓝白锌/交期5月8',1,19,NULL),(74,'KHDD-20180419-013','P080410056',4,'2018-04-19 04:04:51','2018-04-11 00:00:00',NULL,2,0,'蓝白锌/交期5月13',1,19,NULL),(75,'KHDD-20180419-014','18MC000440',4,'2018-04-19 04:17:37','2018-04-16 00:00:00',NULL,2,0,'盆烤黑/司蓝锌/4月25',1,18,NULL),(76,'KHDD-20180419-015','HB29659',4,'2018-04-19 05:08:40','2018-04-10 00:00:00',NULL,2,0,'彩锌三价/交期5月5',1,17,NULL),(77,'KHDD-20180419-016','HB29678',4,'2018-04-19 05:12:14','2018-04-12 00:00:00',NULL,2,0,'蓝锌/交期4月25',1,17,NULL),(78,'KHDD-20180419-017','HB29684',4,'2018-04-19 05:14:25','2018-04-13 00:00:00',NULL,2,0,'彩锌三价/4月26',1,17,NULL),(79,'KHDD-20180419-018','HB29684',4,'2018-04-19 05:17:26','2018-04-13 00:00:00',NULL,2,0,'彩锌/交期5月19',1,17,NULL),(80,'KHDD-20180419-019','HB29693',4,'2018-04-19 05:20:04','2018-04-16 00:00:00',NULL,2,0,'烤黑/交期4月25',1,17,NULL),(81,'KHDD-20180419-020','HB29693',4,'2018-04-19 05:21:52','2018-04-16 00:00:00',NULL,2,0,'彩锌/交期4月25',1,17,NULL),(82,'KHDD-20180419-021','SW18040117',4,'2018-04-19 06:02:55','2018-04-12 00:00:00',NULL,2,0,'蓝锌/交期4月17',1,38,NULL),(83,'KHDD-20180420-001','4800123264 ',4,'2018-04-20 09:07:37','2018-04-02 00:00:00',NULL,2,0,'蓝锌/交期5月7',1,13,NULL),(84,'KHDD-20180420-002','4800124963 ',4,'2018-04-20 09:23:36','2018-04-13 00:00:00',NULL,2,0,'烤黑/交期5月14',1,13,NULL),(85,'KHDD-20180420-003','4800124963 ',4,'2018-04-20 09:25:53','2018-04-13 00:00:00',NULL,2,0,'烤黑/交期5月14',1,13,NULL),(86,'KHDD-20180420-004','4800123909 ',4,'2018-04-20 09:28:35','2018-04-04 00:00:00',NULL,2,0,'蓝锌/交期5月7',1,13,NULL),(87,'KHDD-20180420-005','4800124191 ',4,'2018-04-20 09:30:10','2018-04-09 00:00:00',NULL,2,0,'烤黑/交期5月10',1,13,NULL),(88,'KHDD-20180420-006','4800124191 ',4,'2018-04-20 09:56:57','2018-04-09 00:00:00',NULL,2,0,'烤黑/交期4月19',1,13,NULL),(89,'KHDD-20180420-007','4800124191',4,'2018-04-20 09:58:22','2018-04-09 00:00:00',NULL,2,0,'烤黑/交期4月28',1,13,NULL),(90,'KHDD-20180420-008','4800124191 ',4,'2018-04-20 09:59:58','2018-04-09 00:00:00',NULL,2,0,'烤黑/交期4月15',1,13,NULL),(91,'KHDD-20180420-009','4800124464 ',4,'2018-04-20 10:01:35','2018-04-11 00:00:00',NULL,2,0,'蓝锌/交期5月11',1,13,NULL),(92,'KHDD-20180420-010','4800124464 ',4,'2018-04-20 10:03:05','2018-04-11 00:00:00',NULL,2,0,'蓝锌/交期5月9',1,13,NULL),(93,'KHDD-20180420-011','4800124353 ',4,'2018-04-20 10:05:26','2018-04-11 00:00:00',NULL,2,0,'烤黑/交期5月11',1,13,NULL),(94,'KHDD-20180420-012','4800124353',4,'2018-04-20 10:06:33','2018-04-11 00:00:00',NULL,2,0,'烤黑/交期4月28',1,13,NULL),(95,'KHDD-20180423-001','4800123652 ',4,'2018-04-23 03:53:34','2018-04-02 00:00:00',NULL,2,0,'烤黑/交期4月2',1,13,NULL),(96,'KHDD-20180423-002','4800123691 ',4,'2018-04-23 04:05:04','2018-04-04 00:00:00',NULL,2,0,'烤黑/交期4月2',1,13,NULL),(97,'KHDD-20180423-003','4800124353',4,'2018-04-23 04:12:45','2018-04-11 00:00:00',NULL,2,0,'烤黑/交期5月12',1,13,NULL),(98,'CGDD-20180423-001','4800125248 ',4,'2018-04-23 04:14:53','2018-04-16 00:00:00',NULL,1,0,'蓝锌/交期：5月16',1,13,NULL),(99,'KHDD-20180423-004','4800125248 ',4,'2018-04-23 04:27:00','2018-04-16 00:00:00',NULL,2,0,'蓝锌/交期：5月17',1,13,NULL),(100,'KHDD-20180423-005','4800125294 ',4,'2018-04-23 04:40:22','2018-04-16 00:00:00',NULL,2,0,'烤黑/交期：5月14',1,13,NULL),(101,'KHDD-20180423-006','4800125294 ',4,'2018-04-23 04:45:25','2018-04-16 00:00:00',NULL,2,0,'烤黑/交期：4月28',1,13,NULL),(102,'KHDD-20180423-007','4800125294',4,'2018-04-23 04:46:46','2018-04-16 00:00:00',NULL,2,0,'烤黑/交期:5月17',1,13,NULL),(103,'KHDD-20180423-008','4800125294 ',4,'2018-04-23 04:48:19','2018-04-16 00:00:00',NULL,2,0,'烤黑/交期：5月17',1,13,NULL),(104,'KHDD-20180423-009','20160000040-104-1218',4,'2018-04-23 04:53:01','2018-04-02 00:00:00',NULL,2,0,'蓝锌/交期：4月16',1,8,NULL),(105,'KHDD-20180423-010','20160000040-79-1217',4,'2018-04-23 05:04:45','2018-04-02 00:00:00',NULL,2,0,'蓝锌/交期：4月16',1,8,NULL),(106,'KHDD-20180423-011','20160000040-84-1218',4,'2018-04-23 05:18:57','2018-04-02 00:00:00',NULL,2,0,'蓝锌/交期:4月16',1,8,NULL),(107,'KHDD-20180423-012','20160000040-104-1219',4,'2018-04-23 05:20:22','2018-04-02 00:00:00',NULL,2,0,'蓝锌/交期：4月16',1,8,NULL),(108,'KHDD-20180423-013','20160000040-79-1218',4,'2018-04-23 05:21:32','2018-04-02 00:00:00',NULL,2,0,'蓝锌/交期：4月16',1,8,NULL),(109,'KHDD-20180423-014','20160000040-84-1220',4,'2018-04-23 05:22:56','2018-04-03 00:00:00',NULL,2,0,'蓝锌/交期：4月17',1,8,NULL),(110,'KHDD-20180423-015','20160000040-101-1221',4,'2018-04-23 05:26:20','2018-04-04 00:00:00',NULL,2,0,'烤黑/交期：4月18',1,8,NULL),(111,'CGDD-20180423-002','20160000040-98-1221',4,'2018-04-23 05:30:55','2018-04-04 00:00:00',NULL,1,0,'蓝锌/交期：4月18',1,8,NULL),(112,'KHDD-20180423-016','20160000040-98-1221',4,'2018-04-23 05:33:22','2018-04-04 00:00:00',NULL,2,0,'蓝锌/交期：4月18',1,8,NULL),(113,'KHDD-20180423-017','20160000040-104-1221',4,'2018-04-23 05:34:51','2018-04-04 00:00:00',NULL,2,0,'蓝锌/交期：4月18',1,8,NULL),(114,'KHDD-20180423-018','20160000040-79-1221',4,'2018-04-23 05:36:11','2018-04-04 00:00:00',NULL,2,0,'蓝锌/交期：4月18',1,8,NULL),(115,'KHDD-20180423-019','20160000040-84-1222',4,'2018-04-23 05:40:26','2018-04-06 00:00:00',NULL,2,0,'蓝锌/交期：4月20',1,8,NULL),(116,'KHDD-20180423-020','20160000040-80-1222',4,'2018-04-23 05:46:30','2018-04-06 00:00:00',NULL,2,0,'蓝锌/交期：4月20',1,8,NULL),(117,'KHDD-20180423-021','20160000040-70-1222',4,'2018-04-23 05:52:32','2018-04-06 00:00:00',NULL,2,0,'蓝锌/交期：4月20',1,8,NULL),(118,'KHDD-20180423-022','20160000040-75-1222',4,'2018-04-23 05:55:16','2018-04-06 00:00:00',NULL,2,0,'蓝锌/交期：4月20',1,8,NULL),(119,'KHDD-20180424-001','20160000040-98-1222',4,'2018-04-24 08:24:15','2018-04-06 00:00:00',NULL,2,0,'蓝锌/交期：4月20',1,8,NULL),(120,'KHDD-20180424-002','20160000040-84-1223',4,'2018-04-24 08:31:16','2018-04-07 00:00:00',NULL,2,0,'蓝锌：交期：4月21',1,8,NULL),(121,'KHDD-20180424-003','20160000040-70-1223',4,'2018-04-24 08:34:10','2018-04-07 00:00:00',NULL,2,0,'蓝锌/交期：4月21',1,8,NULL),(122,'KHDD-20180424-004','20160000040-98-1223',4,'2018-04-24 08:35:31','2018-04-07 00:00:00',NULL,2,0,'蓝锌/交期；4月21 ',1,8,NULL),(123,'KHDD-20180424-005','20160000040-101-1224',4,'2018-04-24 08:37:02','2018-04-09 00:00:00',NULL,2,0,'烤黑/交期：4月23',1,8,NULL),(124,'KHDD-20180424-006','20160000040-84-1224',4,'2018-04-24 08:38:33','2018-04-09 00:00:00',NULL,2,0,'蓝锌/交期：4月23',1,8,NULL),(125,'KHDD-20180424-007','20160000040-104-1224',4,'2018-04-24 08:39:38','2018-04-09 00:00:00',NULL,2,0,'蓝锌/交期：4月23',1,8,NULL),(126,'KHDD-20180424-008','20160000040-79-1224',4,'2018-04-24 08:40:53','2018-04-09 00:00:00',NULL,2,0,'蓝锌/交期：4月23',1,8,NULL),(127,'KHDD-20180424-009','20160000040-104-1225',4,'2018-04-24 09:21:19','2018-04-11 00:00:00',NULL,2,0,'蓝锌/交期4月25',1,8,NULL),(128,'KHDD-20180424-010','20160000040-89-1233',4,'2018-04-24 09:22:31','2018-04-12 00:00:00',NULL,2,0,'蓝锌/交期：4月26',1,8,NULL),(129,'KHDD-20180424-011','20160000040-97-1233',4,'2018-04-24 09:32:29','2018-04-12 00:00:00',NULL,2,0,'蓝锌/交期：4月26',1,8,NULL),(130,'KHDD-20180424-012','20160000040-112-1233',4,'2018-04-24 03:27:39','2018-04-12 00:00:00',NULL,2,0,'蓝锌/交期：4月26',1,8,NULL),(131,'KHDD-20180424-013','20160000040-73-1226',4,'2018-04-24 05:34:46','2018-04-12 00:00:00',NULL,2,0,'蓝锌/交期：4月26',1,8,NULL),(132,'KHDD-20180424-014','20160000040-80-1228',4,'2018-04-24 05:35:58','2018-04-12 00:00:00',NULL,2,0,'蓝锌/交期：4月26',1,8,NULL),(133,'KHDD-20180424-015','20160000040-101-1231',4,'2018-04-24 05:36:57','2018-04-12 00:00:00',NULL,2,0,'烤黑/交期：4月26',1,8,NULL),(134,'KHDD-20180424-016','20160000040-80-1229',4,'2018-04-24 05:38:09','2018-04-12 00:00:00',NULL,2,0,'蓝锌/交期：4月26',1,8,NULL),(135,'KHDD-20180424-017','20160000040-113-1231',4,'2018-04-24 05:39:38','2018-04-12 00:00:00',NULL,2,0,'烤黑/交期：4月26',1,8,NULL),(136,'KHDD-20180424-018','20160000040-75-1227',4,'2018-04-24 05:40:46','2018-04-12 00:00:00',NULL,2,0,'蓝锌/交期：4月26',1,8,NULL),(137,'KHDD-20180424-019','20160000040-88-1230',4,'2018-04-24 05:43:02','2018-04-12 00:00:00',NULL,2,0,'蓝锌/交期：4月26',1,8,NULL),(138,'KHDD-20180424-020','20160000040-88-1230',4,'2018-04-24 05:44:10','2018-04-12 00:00:00',NULL,2,0,'蓝锌/交期“4月26',1,8,NULL),(139,'KHDD-20180424-021','20160000040-113-1232',4,'2018-04-24 05:45:14','2018-04-12 00:00:00',NULL,2,0,'烤黑/交期：4月26',1,8,NULL),(140,'KHDD-20180424-022','20160000040-70-1226',4,'2018-04-24 05:46:11','2018-04-12 00:00:00',NULL,2,0,'蓝锌/交期：4月26',1,8,NULL),(141,'KHDD-20180424-023','20160000040-73-1227',4,'2018-04-24 05:47:38','2018-04-12 00:00:00',NULL,2,0,'蓝锌/交期：4月26',1,8,NULL),(142,'KHDD-20180424-024','20160000040-75-1228',4,'2018-04-24 05:48:36','2018-04-12 00:00:00',NULL,2,0,'蓝锌/交期：4月26',1,8,NULL),(143,'KHDD-20180424-025','20160000040-88-1231',4,'2018-04-24 05:49:56','2018-04-12 00:00:00',NULL,2,0,'蓝锌/交期：4月26',1,8,NULL),(144,'KHDD-20180424-026','20160000040-98-1231',4,'2018-04-24 05:51:20','2018-04-12 00:00:00',NULL,2,0,'蓝锌/交期：4月26',1,8,NULL),(145,'KHDD-20180424-027','20160000040-90-1231',4,'2018-04-24 05:52:48','2018-04-12 00:00:00',NULL,2,0,'烤黑/交期：4月26',1,8,NULL),(146,'KHDD-20180424-028','67-TP0190-03002',4,'2018-04-24 05:55:11','2018-04-13 00:00:00',NULL,2,0,'蓝锌/交期：4月27',1,8,NULL),(147,'KHDD-20180424-029','20160000040-98-1235',4,'2018-04-24 05:56:10','2018-04-14 00:00:00',NULL,2,0,'蓝锌/交期4月28',1,8,NULL),(148,'KHDD-20180424-030','20160000040-101-1236',4,'2018-04-24 05:57:14','2018-04-16 00:00:00',NULL,2,0,'烤黑/交期：4月30',1,8,NULL),(149,'KHDD-20180424-031','20160000040-84-1236',4,'2018-04-24 05:58:03','2018-04-16 00:00:00',NULL,2,0,'蓝锌/交期：4月30',1,8,NULL),(150,'KHDD-20180424-032','20160000040-104-1236',4,'2018-04-24 05:58:49','2018-04-16 00:00:00',NULL,2,0,'蓝锌/交期：4月30',1,8,NULL),(151,'KHDD-20180424-033','20160000040-79-1236',4,'2018-04-24 05:59:45','2018-04-16 00:00:00',NULL,2,0,'蓝锌/交期：4月30',1,8,NULL),(152,'KHDD-20180424-034','20160000040-90-1236',4,'2018-04-24 06:00:32','2018-04-16 00:00:00',NULL,2,0,'烤黑/交期：4月30',1,8,NULL),(153,'KHDD-20180425-001','20160000040-80-1237',4,'2018-04-25 11:09:12','2018-04-18 00:00:00',NULL,2,0,'蓝锌/交期：5月2',1,8,NULL),(154,'KHDD-20180425-002','20160000040-89-1245',4,'2018-04-25 11:10:35','2018-04-19 00:00:00',NULL,2,0,'蓝锌/交期：5月3',1,8,NULL),(155,'KHDD-20180425-003','20160000040-97-1245',4,'2018-04-25 11:11:38','2018-04-19 00:00:00',NULL,2,0,'蓝锌/交期：5月3',1,8,NULL),(156,'KHDD-20180425-004','20160000040-112-1245',4,'2018-04-25 11:12:41','2018-04-19 00:00:00',NULL,2,0,'蓝锌/交期：5月3',1,8,NULL),(157,'KHDD-20180425-005','20160000040-73-1239',4,'2018-04-25 11:13:35','2018-04-19 00:00:00',NULL,2,0,'蓝锌/交期：5月3',1,8,NULL),(158,'KHDD-20180425-006','20160000040-80-1241',4,'2018-04-25 11:14:30','2018-04-19 00:00:00',NULL,2,0,'蓝锌/交期：5月3',1,8,NULL),(159,'KHDD-20180425-007','20160000040-113-1243',4,'2018-04-25 11:15:35','2018-04-19 00:00:00',NULL,2,0,'烤黑/交期：5月3',1,8,NULL),(160,'KHDD-20180425-008','20160000040-70-1238',4,'2018-04-25 11:19:04','2018-04-19 00:00:00',NULL,2,0,'蓝锌/交期：5月3',1,8,NULL),(161,'KHDD-20180425-009','20160000040-75-1240',4,'2018-04-25 01:42:06','2018-04-19 00:00:00',NULL,2,0,'蓝锌/交期：5月3',1,8,NULL),(162,'KHDD-20180425-010','20160000040-88-1242',4,'2018-04-25 01:43:15','2018-04-19 00:00:00',NULL,2,0,'蓝锌/交期：5月3',1,8,NULL),(163,'KHDD-20180425-011','20160000040-104-1243',4,'2018-04-25 01:58:29','2018-04-19 00:00:00',NULL,2,0,'蓝锌/交期：5月3',1,8,NULL),(164,'KHDD-20180425-012','20160000040-104-1243',4,'2018-04-25 02:07:42','2018-04-19 00:00:00',NULL,2,0,'蓝锌/交期：5月3',1,8,NULL),(165,'KHDD-20180425-013','20160000040-79-1241',4,'2018-04-25 02:08:33','2018-04-19 00:00:00',NULL,2,0,'蓝锌/交期：5月3',1,8,NULL),(166,'KHDD-20180425-014','20160000040-80-1242',4,'2018-04-25 02:09:38','2018-04-19 00:00:00',NULL,2,0,'蓝锌/交期：5月3',1,8,NULL),(167,'KHDD-20180425-015','20160000040-113-1244',4,'2018-04-25 02:10:37','2018-04-19 00:00:00',NULL,2,0,'烤黑/交期：5月3',1,8,NULL),(168,'KHDD-20180425-016','20160000040-70-1239',4,'2018-04-25 02:11:31','2018-04-19 00:00:00',NULL,2,0,'蓝锌/交期：5月3',1,8,NULL),(169,'KHDD-20180425-017','20160000040-73-1240',4,'2018-04-25 02:12:25','2018-04-19 00:00:00',NULL,2,0,'蓝锌/交期：5月3',1,8,NULL),(170,'KHDD-20180425-018','20160000040-75-1241',4,'2018-04-25 02:13:29','2018-04-19 00:00:00',NULL,2,0,'蓝锌/交期：5月3',1,8,NULL),(171,'KHDD-20180425-019','20160000040-88-1243',4,'2018-04-25 02:15:02','2018-04-19 00:00:00',NULL,2,0,'蓝锌/交期：5月3',1,8,NULL),(172,'KHDD-20180425-020','20160000040-98-1243',4,'2018-04-25 02:16:03','2018-04-19 00:00:00',NULL,2,0,'蓝锌/交期：5月3',1,8,NULL),(173,'KHDD-20180425-021','20160000040-90-1243',4,'2018-04-25 02:17:27','2018-04-19 00:00:00',NULL,2,0,'蓝锌/交期：5月3',1,8,NULL),(174,'KHDD-20180425-022','20160000040-84-1246',4,'2018-04-25 02:18:24','2018-04-21 00:00:00',NULL,2,0,'蓝锌/交期：5月5',1,8,NULL),(175,'KHDD-20180425-023','20160000040-104-1246',4,'2018-04-25 02:20:09','2018-04-21 00:00:00',NULL,2,0,'蓝锌/交期：5月5',1,8,NULL),(176,'KHDD-20180425-024','20160000040-79-1246',4,'2018-04-25 02:21:01','2018-04-21 00:00:00',NULL,2,0,'蓝锌/交期：5月5',1,8,NULL),(177,'KHDD-20180425-025','20160000040-104-1249',4,'2018-04-25 02:21:57','2018-04-23 00:00:00',NULL,2,0,'蓝锌/交期；5月7',1,8,NULL),(178,'KHDD-20180425-026','20160000040-79-1247',4,'2018-04-25 02:24:53','2018-04-23 00:00:00',NULL,2,0,'蓝锌/交期：5月5',1,8,NULL),(179,'KHDD-20180425-027','20160000040-84-1249',4,'2018-04-25 02:25:57','2018-04-23 00:00:00',NULL,2,0,'蓝锌/交期：5月7',1,8,NULL),(180,'KHDD-20180425-028','20160000040-104-1250',4,'2018-04-25 02:26:46','2018-04-23 00:00:00',NULL,2,0,'蓝锌/交期：5月5',1,8,NULL),(181,'KHDD-20180425-029','20160000040-79-1248',4,'2018-04-25 02:27:44','2018-04-23 00:00:00',NULL,2,0,'蓝锌/交期：5月7',1,8,NULL),(182,'KHDD-20180425-030','20160000040-104-1251',4,'2018-04-25 02:28:42','2018-04-23 00:00:00',NULL,2,0,'蓝锌/交期：5月7',1,8,NULL),(183,'KHDD-20180425-031','20160000040-79-1249',4,'2018-04-25 02:29:55','2018-04-23 00:00:00',NULL,2,0,'蓝锌/交期‘5月7',1,8,NULL),(184,'KHDD-20180425-032','4800125638',4,'2018-04-25 02:37:52','2018-04-18 00:00:00',NULL,2,0,'烤黑/交期：5月11',1,13,NULL),(185,'KHDD-20180425-033','4800125638 ',4,'2018-04-25 02:39:01','2018-04-18 00:00:00',NULL,2,0,'烤黑/交期：5月19',1,13,NULL),(186,'KHDD-20180425-034','4800125638 ',4,'2018-04-25 02:41:01','2018-04-18 00:00:00',NULL,2,0,'烤黑/交期；5月19',1,13,NULL),(187,'KHDD-20180425-035','4800125638 ',4,'2018-04-25 02:42:29','2018-04-18 00:00:00',NULL,2,0,'烤黑/交期：5月18',1,13,NULL),(188,'KHDD-20180425-036','4800125802 ',4,'2018-04-25 02:43:35','2018-04-19 00:00:00',NULL,2,0,'烤黑/交期：5月11',1,13,NULL),(189,'KHDD-20180425-037','4800125802 ',4,'2018-04-25 02:44:41','2018-04-19 00:00:00',NULL,2,0,'烤黑/交期：5月19',1,13,NULL),(190,'KHDD-20180425-038','4800125882 ',4,'2018-04-25 02:45:45','2018-04-19 00:00:00',NULL,2,0,'蓝锌/交期：5月16',1,13,NULL),(191,'KHDD-20180425-039','4800125882 ',4,'2018-04-25 02:50:07','2018-04-19 00:00:00',NULL,2,0,'蓝锌/交期：5月14',1,13,NULL),(192,'KHDD-20180425-040','4800125882 ',4,'2018-04-25 02:58:18','2018-04-19 00:00:00',NULL,2,0,'蓝锌/交期：5月18',1,13,NULL),(193,'KHDD-20180425-041','4800125882 ',4,'2018-04-25 02:59:54','2018-04-19 00:00:00',NULL,2,0,'蓝锌/交期：5月21',1,13,NULL),(194,'KHDD-20180425-042','4800126523 ',4,'2018-04-25 03:01:50','2018-04-23 00:00:00',NULL,2,0,'烤黑/交期：5月19',1,13,NULL),(195,'KHDD-20180425-043','补退货',4,'2018-04-25 03:39:15','2018-04-02 00:00:00',NULL,2,0,'颜色：彩锌三价',1,17,NULL),(196,'KHDD-20180425-044','补退货',4,'2018-04-25 03:41:18','2018-04-13 00:00:00',NULL,2,0,'颜色：彩锌三价',1,17,NULL),(197,'KHDD-20180425-045','补退货',4,'2018-04-25 03:42:46','2018-04-16 00:00:00',NULL,2,0,'颜色：蓝锌',1,17,NULL),(199,'KHDD-20180426-001','补退货',4,'2018-04-26 09:03:43','2018-04-16 00:00:00',NULL,2,0,'彩锌三价',1,17,NULL),(200,'KHDD-20180426-002','HB29709',4,'2018-04-26 09:06:49','2018-04-17 00:00:00',NULL,2,0,'彩锌/交期：5月2',1,17,NULL),(201,'KHDD-20180426-003','HB29709',4,'2018-04-26 09:16:12','2018-04-17 00:00:00',NULL,2,0,'烤黑/交期：5月10',1,17,NULL),(202,'KHDD-20180426-004','HB29719',4,'2018-04-26 09:17:54','2018-04-20 00:00:00',NULL,2,0,'蓝锌/交期：5月2',1,17,NULL),(203,'KHDD-20180426-005','HB29738',4,'2018-04-26 09:19:06','2018-04-24 00:00:00',NULL,2,0,'彩锌三价/交期：5月10',1,17,NULL),(204,'KHDD-20180426-006','HB29738',4,'2018-04-26 09:20:12','2018-04-24 00:00:00',NULL,2,0,'彩锌/交期；5月10',1,17,NULL),(205,'KHDD-20180426-007','HB29738',4,'2018-04-26 09:21:36','2018-04-24 00:00:00',NULL,2,0,'蓝锌/交期：5月10',1,17,NULL),(206,'KHDD-20180426-008','P080417052',4,'2018-04-26 11:09:43','2018-04-18 00:00:00',NULL,2,0,'蓝白锌/交期：5月8',1,19,NULL),(207,'KHDD-20180426-009','P080417052',4,'2018-04-26 11:14:23','2018-04-18 00:00:00',NULL,2,0,'蓝白锌/交期：5月15',1,19,NULL),(208,'KHDD-20180426-010','P080417052',4,'2018-04-26 11:15:41','2018-04-18 00:00:00',NULL,2,0,'蓝白锌/交期：5月15',1,19,NULL),(209,'KHDD-20180426-011','P080419073',4,'2018-04-26 11:17:26','2018-04-19 00:00:00',NULL,2,0,'交期：5月12',1,19,NULL),(210,'KHDD-20180426-012','P080419073',4,'2018-04-26 11:19:17','2018-04-19 00:00:00',NULL,2,0,'蓝白锌/交期5月15',1,19,NULL),(211,'KHDD-20180426-013','P080419073',4,'2018-04-26 11:22:20','2018-04-19 00:00:00',NULL,2,0,'蓝白锌/交期：5月15',1,19,NULL),(212,'KHDD-20180426-014','P080419073',4,'2018-04-26 11:23:37','2018-04-19 00:00:00',NULL,2,0,'蓝白锌/交期：5月22',1,19,NULL),(213,'KHDD-20180426-015','P080419073',4,'2018-04-26 11:25:17','2018-04-19 00:00:00',NULL,2,0,'蓝白锌/交期：5月22',1,19,NULL),(214,'KHDD-20180426-016','P080419073',4,'2018-04-26 11:26:21','2018-04-19 00:00:00',NULL,2,0,'蓝白锌/交期：5月22',1,19,NULL),(215,'KHDD-20180426-017','P080419073',4,'2018-04-26 11:27:51','2018-04-19 00:00:00',NULL,2,0,'蓝白锌/交期：5月22',1,19,NULL),(216,'KHDD-20180426-018','P080419073',4,'2018-04-26 02:04:01','2018-04-19 00:00:00',NULL,2,0,'蓝白锌/交期：5月27',1,19,NULL),(217,'KHDD-20180426-019','P080419073',4,'2018-04-26 02:05:33','2018-04-19 00:00:00',NULL,2,0,'彩锌/交期：5月29',1,19,NULL),(218,'KHDD-20180426-020','P080419073',4,'2018-04-26 02:09:03','2018-04-19 00:00:00',NULL,2,0,'蓝白锌/交期:6月5',1,19,NULL),(219,'KHDD-20180426-021','P080424055',4,'2018-04-26 02:14:25','2018-04-24 00:00:00','2018-04-26 00:00:00',2,1,'蓝白锌/交期：5月15',1,19,NULL),(220,'KHDD-20180426-022','P080424055',4,'2018-04-26 02:15:44','2018-04-24 00:00:00',NULL,2,0,'蓝白锌/交期：5月22',1,19,NULL),(221,'KHDD-20180426-023','P080424055',4,'2018-04-26 02:17:08','2018-04-24 00:00:00','2018-04-26 00:00:00',2,1,'蓝白锌/交期：5月27',1,19,NULL),(222,'CGDD-20180426-001','HG201804002',4,'2018-04-26 05:39:27','2018-04-02 00:00:00',NULL,1,0,'交期：4月5号',1,22,NULL),(223,'CGDD-20180426-002','HG201804002',4,'2018-04-26 05:49:25','2018-04-02 00:00:00',NULL,1,0,'交期：4月5',1,22,NULL),(224,'CGDD-20180426-003','HG201804002',4,'2018-04-26 05:53:09','2018-04-02 00:00:00',NULL,1,0,'交期：4月6',1,22,NULL),(225,'CGDD-20180426-004','HG201804003',4,'2018-04-26 05:58:55','2018-04-11 00:00:00',NULL,1,0,'交期：4月13',1,9,NULL),(226,'CGDD-20180426-005','HG201804003',4,'2018-04-26 06:01:55','2018-04-11 00:00:00',NULL,1,0,'交期：4月13',1,9,NULL),(227,'CGDD-20180428-001','HG201804004',4,'2018-04-28 09:10:44','2018-04-11 00:00:00',NULL,1,0,'交期：4月15',1,16,NULL),(228,'KHDD-20180429-001','',1,'2018-04-29 10:09:00','2018-04-29 00:00:00','2018-04-29 00:00:00',2,3,'',1,8,NULL),(229,'CGDD-20180429-001','',1,'2018-04-29 10:34:42','2018-04-29 00:00:00','2018-04-29 00:00:00',1,1,'',1,9,228),(230,'KHDD-20180429-002','',1,'2018-04-29 11:43:24','2018-04-29 00:00:00','2018-04-29 00:00:00',2,3,'',1,9,NULL),(231,'KHDD-20180429-003','',1,'2018-04-29 01:00:45','2018-04-29 00:00:00','2018-04-29 00:00:00',2,3,'',1,9,NULL),(232,'KHDD-20180429-004','',1,'2018-04-29 01:01:23','2018-04-29 00:00:00','2018-04-29 00:00:00',2,3,'',1,9,NULL),(233,'CGDD-20180429-002','',1,'2018-04-29 01:04:19','2018-04-29 00:00:00','2018-04-29 00:00:00',1,3,'',1,16,NULL),(234,'CGDD-20180429-003','',1,'2018-04-29 01:05:58','2018-04-29 00:00:00','2018-04-29 00:00:00',1,3,'',1,16,232),(235,'KHDD-20180429-005','',1,'2018-04-29 01:12:47','2018-04-29 00:00:00','2018-04-29 00:00:00',2,1,'',1,9,NULL),(236,'KHDD-20180501-001','',1,'2018-05-01 12:03:10','2018-05-01 00:00:00','2018-05-01 00:00:00',2,1,'',1,8,NULL),(237,'KHDD-20180501-002','',1,'2018-05-01 12:13:02','2018-05-01 00:00:00','2018-05-01 00:00:00',2,1,'',1,8,NULL),(238,'KHDD-20180501-003','',1,'2018-05-01 12:32:14','2018-05-01 00:00:00','2018-05-01 00:00:00',2,1,'',1,8,NULL),(239,'KHDD-20180501-004','',1,'2018-05-01 06:40:37','2018-05-01 00:00:00','2018-05-01 00:00:00',2,1,'',1,8,NULL),(240,'CGDD-20180501-001','',1,'2018-05-01 06:41:36','2018-05-01 00:00:00','2018-05-01 00:00:00',1,1,'',1,10,239);

#
# Source for table "ord_record"
#

DROP TABLE IF EXISTS `ord_record`;
CREATE TABLE `ord_record` (
  `Id` int(11) NOT NULL AUTO_INCREMENT,
  `material_id` int(11) DEFAULT '0',
  `ord_id` int(11) DEFAULT '0',
  `num` double(11,2) DEFAULT NULL COMMENT '长度11包括小数点后面的两位，小数点前九位',
  `finish_num` double(11,2) DEFAULT NULL,
  `priority` int(11) DEFAULT '0',
  `status` tinyint(3) NOT NULL DEFAULT '0' COMMENT '0-未审核 1-已经审核 2-部分完成 3-全部完成',
  `surface_id` int(11) DEFAULT NULL,
  PRIMARY KEY (`Id`),
  KEY `fk_record_material` (`material_id`),
  KEY `fk_record_ord` (`ord_id`),
  KEY `fk_record_surface` (`surface_id`),
  CONSTRAINT `fk_record_material` FOREIGN KEY (`material_id`) REFERENCES `material` (`id`),
  CONSTRAINT `fk_record_ord` FOREIGN KEY (`ord_id`) REFERENCES `ord` (`Id`),
  CONSTRAINT `fk_record_surface` FOREIGN KEY (`surface_id`) REFERENCES `step` (`Id`)
) ENGINE=InnoDB AUTO_INCREMENT=247 DEFAULT CHARSET=utf8;

#
# Data for table "ord_record"
#

INSERT INTO `ord_record` VALUES (13,37,13,10.00,10.00,0,3,NULL),(14,37,14,20.00,10.00,0,2,NULL),(15,38,14,100.00,0.00,1,1,NULL),(17,38,16,200.00,200.00,0,3,NULL),(18,38,17,200.00,100.00,0,2,NULL),(19,34,18,1000.00,1000.00,0,3,NULL),(20,35,18,2000.00,2000.00,1,3,NULL),(21,34,19,8000.00,0.00,0,1,NULL),(22,34,20,5000.00,1000.00,0,2,NULL),(25,90,22,200.00,0.00,0,1,NULL),(26,36,23,380.00,0.00,0,1,NULL),(29,36,25,1000.00,0.00,0,1,NULL),(30,36,25,2000.00,0.00,1,1,NULL),(31,36,26,4000.00,0.00,0,1,NULL),(32,36,27,3001.00,0.00,0,1,NULL),(33,179,28,17448.00,0.00,0,1,NULL),(34,180,29,12700.00,0.00,0,1,NULL),(35,39,30,1000.00,1000.00,0,3,NULL),(36,36,31,200.00,30.00,0,2,NULL),(38,191,33,7976.00,0.00,0,1,NULL),(39,192,34,931.00,0.00,0,1,NULL),(40,192,35,931.00,0.00,0,1,NULL),(41,42,36,325.00,0.00,0,1,NULL),(42,42,37,980.00,0.00,0,1,NULL),(43,179,38,48604.00,0.00,0,1,NULL),(44,179,39,53394.00,0.00,0,1,NULL),(45,194,40,5.00,0.00,0,1,NULL),(46,194,41,1470.00,0.00,0,1,NULL),(47,180,42,2500.00,0.00,0,0,NULL),(48,266,43,68726.00,0.00,0,0,NULL),(49,267,44,185.00,0.00,0,0,NULL),(50,268,45,22678.00,0.00,0,0,NULL),(51,226,46,9013.00,0.00,0,0,NULL),(52,270,47,20000.00,0.00,0,0,NULL),(53,271,48,11897.00,0.00,0,0,NULL),(54,226,49,6306.00,0.00,0,0,NULL),(56,273,50,6000.00,0.00,0,0,NULL),(57,274,51,894.00,0.00,0,0,NULL),(58,209,52,8000.00,0.00,0,0,NULL),(59,266,53,72732.00,0.00,0,0,NULL),(60,121,54,100.00,0.00,0,1,NULL),(61,34,55,5000.00,0.00,0,1,NULL),(62,218,56,300.00,300.00,0,3,NULL),(63,218,57,300.00,250.00,0,2,NULL),(64,277,58,1005.00,0.00,0,0,NULL),(65,139,59,6030.00,0.00,0,0,NULL),(66,275,60,1000.00,0.00,0,0,NULL),(67,275,61,1314.00,0.00,0,0,NULL),(68,268,62,6164.00,0.00,0,0,NULL),(69,278,63,901.00,0.00,0,0,NULL),(70,271,64,11224.00,0.00,0,0,NULL),(71,179,65,53661.00,0.00,0,0,NULL),(72,226,66,11338.00,0.00,0,0,NULL),(73,226,67,2700.00,0.00,0,0,NULL),(74,266,68,13600.00,0.00,0,0,NULL),(75,212,69,8000.00,0.00,0,0,NULL),(76,266,70,45324.00,0.00,0,0,NULL),(77,209,71,8000.00,0.00,0,0,NULL),(78,279,72,45.00,0.00,0,0,NULL),(79,179,73,49932.00,0.00,0,0,NULL),(80,226,74,3735.00,0.00,0,0,NULL),(81,121,75,1288.00,0.00,0,0,NULL),(82,122,76,17280.00,0.00,0,0,NULL),(83,133,77,15000.00,0.00,0,0,NULL),(84,122,78,58320.00,0.00,0,0,NULL),(85,148,79,1200.00,0.00,0,0,NULL),(86,144,80,500.00,0.00,0,0,NULL),(87,145,81,502.00,0.00,0,0,NULL),(88,284,82,120000.00,0.00,0,0,NULL),(89,107,83,308.00,0.00,0,0,NULL),(90,103,84,1051.00,0.00,0,0,NULL),(91,97,85,2036.00,0.00,0,0,NULL),(92,111,86,12180.00,0.00,0,0,NULL),(93,102,87,3186.00,0.00,0,0,NULL),(94,117,88,221.00,0.00,0,0,NULL),(95,117,89,258.00,0.00,0,0,NULL),(96,109,90,55.00,0.00,0,0,NULL),(97,99,91,728.00,0.00,0,0,NULL),(98,111,92,6000.00,0.00,0,0,NULL),(99,108,93,2201.00,0.00,0,0,NULL),(100,117,94,92.00,0.00,0,0,NULL),(101,109,95,90.00,0.00,0,0,NULL),(102,109,96,3.00,0.00,0,0,NULL),(103,109,97,4017.00,0.00,0,0,NULL),(104,106,98,1716.00,0.00,0,0,NULL),(105,96,99,824.00,0.00,0,0,NULL),(106,286,100,35.00,0.00,0,0,NULL),(107,117,101,779.00,0.00,0,0,NULL),(108,117,102,3193.00,0.00,0,0,NULL),(109,97,103,824.00,0.00,0,0,NULL),(110,175,104,3625.00,0.00,0,0,NULL),(111,288,105,3625.00,0.00,0,0,NULL),(112,160,106,14947.00,0.00,0,0,NULL),(113,175,107,67008.00,0.00,0,0,NULL),(114,288,108,67008.00,0.00,0,0,NULL),(115,160,109,25.00,0.00,0,0,NULL),(116,173,110,2.00,0.00,0,0,NULL),(117,168,111,2.00,0.00,0,0,NULL),(118,168,112,2.00,0.00,0,0,NULL),(119,175,113,1600.00,0.00,0,0,NULL),(120,288,114,1600.00,0.00,0,0,NULL),(121,160,115,250.00,0.00,0,0,NULL),(122,163,116,9466.00,0.00,0,0,NULL),(123,170,117,1464.00,0.00,0,0,NULL),(124,167,118,1384.00,0.00,0,0,NULL),(125,168,119,15614.00,0.00,0,0,NULL),(126,160,120,1.00,0.00,0,0,NULL),(127,170,121,1.00,0.00,0,0,NULL),(128,168,122,1.00,0.00,0,0,NULL),(129,173,123,8000.00,0.00,0,0,NULL),(130,160,124,14922.00,0.00,0,0,NULL),(131,175,125,67296.00,0.00,0,0,NULL),(132,288,126,67296.00,0.00,0,0,NULL),(133,175,127,550.00,0.00,0,0,NULL),(134,165,128,36275.00,0.00,0,0,NULL),(135,166,129,36333.00,0.00,0,0,NULL),(136,158,130,3430.00,0.00,0,0,NULL),(137,155,131,6.00,0.00,0,0,NULL),(138,163,132,2070.00,0.00,0,0,NULL),(139,173,133,200.00,0.00,0,0,NULL),(140,163,134,19672.00,0.00,0,0,NULL),(141,169,135,7631.00,0.00,0,0,NULL),(142,167,136,529.00,0.00,0,0,NULL),(143,289,137,7614.00,0.00,0,0,NULL),(144,163,138,19496.00,0.00,0,0,NULL),(145,169,139,28650.00,0.00,0,0,NULL),(146,170,140,1963.00,0.00,0,0,NULL),(147,155,141,18.00,0.00,0,0,NULL),(148,167,142,3206.00,0.00,0,0,NULL),(149,289,143,28650.00,0.00,0,0,NULL),(150,168,144,8487.00,0.00,0,0,NULL),(151,159,145,3400.00,0.00,0,0,NULL),(152,175,146,50.00,0.00,0,0,NULL),(153,168,147,145.00,0.00,0,0,NULL),(154,173,148,93.00,0.00,0,0,NULL),(155,160,149,2649.00,0.00,0,0,NULL),(156,175,150,21125.00,0.00,0,0,NULL),(157,288,151,21110.00,0.00,0,0,NULL),(158,159,152,170.00,0.00,0,0,NULL),(159,163,153,1346.00,0.00,0,0,NULL),(160,165,154,33490.00,0.00,0,0,NULL),(161,166,155,32161.00,0.00,0,0,NULL),(162,158,156,9970.00,0.00,0,0,NULL),(163,155,157,178.00,0.00,0,0,NULL),(164,163,158,1188.00,0.00,0,0,NULL),(165,169,159,5090.00,0.00,0,0,NULL),(166,170,160,736.00,0.00,0,0,NULL),(167,167,161,725.00,0.00,0,0,NULL),(168,289,162,5090.00,0.00,0,0,NULL),(169,175,163,600.00,0.00,0,0,NULL),(170,175,164,600.00,0.00,0,0,NULL),(171,288,165,600.00,0.00,0,0,NULL),(172,163,166,24516.00,0.00,0,0,NULL),(173,169,167,28400.00,0.00,0,0,NULL),(174,170,168,8352.00,0.00,0,0,NULL),(175,155,169,450.00,0.00,0,0,NULL),(176,167,170,3286.00,0.00,0,0,NULL),(177,289,171,28400.00,0.00,0,0,NULL),(178,168,172,18291.00,0.00,0,0,NULL),(179,159,173,10000.00,0.00,0,0,NULL),(180,160,174,300.00,0.00,0,0,NULL),(181,175,175,100.00,0.00,0,0,NULL),(182,288,176,100.00,0.00,0,0,NULL),(183,175,177,5875.00,0.00,0,0,NULL),(184,288,178,5875.00,0.00,0,0,NULL),(185,160,179,18544.00,0.00,0,0,NULL),(186,175,180,6050.00,0.00,0,0,NULL),(187,288,181,6050.00,0.00,0,0,NULL),(188,175,182,58520.00,0.00,0,0,NULL),(189,288,183,58520.00,0.00,0,0,NULL),(190,108,184,21.00,0.00,0,0,NULL),(191,102,185,5210.00,0.00,0,0,NULL),(192,104,186,1068.00,0.00,0,0,NULL),(193,112,187,2295.00,0.00,0,0,NULL),(194,108,188,76.00,0.00,0,0,NULL),(195,102,189,75.00,0.00,0,0,NULL),(196,106,190,15.00,0.00,0,0,NULL),(197,114,191,92.00,0.00,0,0,NULL),(198,111,192,5680.00,0.00,0,0,NULL),(199,111,193,18540.00,0.00,0,0,NULL),(200,102,194,2873.00,0.00,0,0,NULL),(201,122,195,560.00,0.00,0,0,NULL),(202,122,196,404.00,0.00,0,0,NULL),(203,139,197,124.00,0.00,0,0,NULL),(205,291,199,235.00,0.00,0,0,NULL),(206,132,200,6005.00,0.00,0,0,NULL),(207,141,201,502.00,0.00,0,0,NULL),(208,125,202,500.00,0.00,0,0,NULL),(209,122,203,9360.00,0.00,0,0,NULL),(210,132,204,1001.00,0.00,0,0,NULL),(211,133,205,500.00,0.00,0,0,NULL),(212,179,206,3084.00,0.00,0,0,NULL),(213,268,207,100.00,0.00,0,0,NULL),(214,179,208,53206.00,0.00,0,0,NULL),(215,194,209,509.00,0.00,0,0,NULL),(216,271,210,1759.00,0.00,0,0,NULL),(217,226,211,1037.00,0.00,0,0,NULL),(218,268,212,12169.00,0.00,0,0,NULL),(219,226,213,9245.00,0.00,0,0,NULL),(220,179,214,43305.00,0.00,0,0,NULL),(221,271,215,11922.00,0.00,0,0,NULL),(222,226,216,6336.00,0.00,0,0,NULL),(223,273,217,6000.00,0.00,0,0,NULL),(224,266,218,18360.00,0.00,0,0,NULL),(225,179,219,38811.00,0.00,0,1,NULL),(226,179,220,53872.00,0.00,0,0,NULL),(227,226,221,151.00,0.00,0,1,NULL),(228,292,222,2600.00,0.00,0,0,NULL),(229,293,223,1000.00,0.00,0,0,NULL),(230,294,224,6100.00,0.00,0,0,NULL),(231,295,225,270.00,0.00,0,0,NULL),(232,296,226,200.00,0.00,0,0,NULL),(233,297,227,5100.00,0.00,0,0,NULL),(234,298,228,100.00,100.00,0,3,NULL),(235,291,229,100.00,0.00,0,1,NULL),(236,298,230,100.00,100.00,0,3,NULL),(237,161,231,100.00,100.00,0,3,NULL),(238,55,232,100.00,100.00,0,3,7),(239,214,233,100.00,100.00,0,3,NULL),(240,214,234,200.00,200.00,0,3,NULL),(241,161,235,200.00,0.00,0,1,27),(242,178,236,100.00,0.00,0,1,NULL),(243,176,237,120.00,0.00,0,1,NULL),(244,177,238,150.00,0.00,0,1,NULL),(245,298,239,160.00,0.00,0,1,NULL),(246,214,240,10.00,0.00,0,1,NULL);

#
# Source for table "plan"
#

DROP TABLE IF EXISTS `plan`;
CREATE TABLE `plan` (
  `Id` int(11) NOT NULL AUTO_INCREMENT,
  `serial` varchar(100) NOT NULL DEFAULT '',
  `name` varchar(100) DEFAULT NULL,
  `create_user_id` int(11) DEFAULT NULL,
  `create_time` datetime DEFAULT NULL,
  `bill_time` datetime DEFAULT NULL,
  `status` tinyint(3) NOT NULL DEFAULT '0' COMMENT '0-未审核 1-审核完成 2-下料完成 3-委外中 4-生产完成 5-入库完成',
  `comment` varchar(200) DEFAULT NULL,
  `material_id` int(11) DEFAULT '0',
  `num` double(9,2) DEFAULT NULL,
  `rec_id` int(11) DEFAULT NULL,
  PRIMARY KEY (`Id`),
  KEY `fk_plan_material` (`material_id`),
  KEY `fk_plan_rec` (`rec_id`),
  CONSTRAINT `fk_plan_rec` FOREIGN KEY (`rec_id`) REFERENCES `ord_record` (`Id`)
) ENGINE=InnoDB AUTO_INCREMENT=41 DEFAULT CHARSET=utf8;

#
# Data for table "plan"
#

INSERT INTO `plan` VALUES (22,'SCRW-20180127-001','',5,'2018-01-27 01:30:57',NULL,5,NULL,35,2000.00,20),(27,'SCRW-20180301-001','',5,'2018-03-01 02:20:14',NULL,0,NULL,179,17448.00,33),(28,'SCRW-20180301-002','',5,'2018-03-01 05:29:55',NULL,0,NULL,179,17448.00,33),(29,'SCRW-20180301-003','',5,'2018-03-01 05:43:56',NULL,0,NULL,179,17448.00,33),(30,'SCRW-20180307-001','',1,'2018-03-07 05:12:49',NULL,0,NULL,179,17448.00,33),(31,'SCRW-20180307-002','',1,'2018-03-07 05:13:50',NULL,1,NULL,36,3001.00,32),(32,'SCRW-20180307-003','test',1,'2018-03-07 05:14:50',NULL,5,NULL,36,380.00,26),(33,'SCRW-20180415-001','',1,'2018-04-15 09:06:05',NULL,4,NULL,36,1000.00,29),(34,'SCRW-20180415-002','',1,'2018-04-15 09:10:54',NULL,4,NULL,36,2000.00,30),(35,'SCRW-20180415-003','',5,'2018-04-15 04:27:03',NULL,4,NULL,34,2000.00,61),(36,'SCRW-20180429-001','',1,'2018-04-29 10:35:43',NULL,5,NULL,298,100.00,234),(37,'SCRW-20180429-002','',1,'2018-04-29 11:44:00',NULL,5,NULL,298,100.00,236),(38,'SCRW-20180429-003','',1,'2018-04-29 01:06:54',NULL,5,NULL,55,100.00,238),(39,'SCRW-20180429-004','',1,'2018-04-29 01:14:04',NULL,5,NULL,161,200.00,241),(40,'SCRW-20180429-005','',1,'2018-04-29 01:18:09',NULL,5,NULL,161,200.00,241);

#
# Source for table "plan_step"
#

DROP TABLE IF EXISTS `plan_step`;
CREATE TABLE `plan_step` (
  `Id` int(11) NOT NULL AUTO_INCREMENT,
  `priority` int(11) DEFAULT NULL,
  `step_name` varchar(100) DEFAULT NULL,
  `type` int(11) NOT NULL DEFAULT '0' COMMENT '0-本厂生产 1-委外',
  `status` tinyint(3) NOT NULL DEFAULT '0' COMMENT '0-未完成 1-已经完成',
  `plan_id` int(11) DEFAULT NULL COMMENT '为了hibernate保存方便，允许为空',
  `finish_time` datetime DEFAULT NULL,
  `number` double(11,2) DEFAULT NULL,
  `step_id` int(11) DEFAULT NULL,
  PRIMARY KEY (`Id`),
  KEY `fk_step_plan` (`plan_id`),
  KEY `fk_plan_step` (`step_id`),
  CONSTRAINT `fk_plan_step` FOREIGN KEY (`step_id`) REFERENCES `step` (`Id`),
  CONSTRAINT `fk_step_plan` FOREIGN KEY (`plan_id`) REFERENCES `plan` (`Id`)
) ENGINE=InnoDB AUTO_INCREMENT=91 DEFAULT CHARSET=utf8;

#
# Data for table "plan_step"
#

INSERT INTO `plan_step` VALUES (40,0,'正型',0,1,22,'2018-01-27 00:00:00',2000.00,8),(41,1,'方孔/冲孔',0,1,22,'2018-01-27 00:00:00',2000.00,3),(42,2,'挤光/轻挤',1,1,22,'2018-01-27 02:06:47',2000.00,9),(43,3,'电镀/烤漆/电泳163',1,1,22,'2018-01-27 02:07:34',2000.00,29),(55,0,'冲孔',0,0,27,NULL,NULL,3),(56,1,'拉脚',0,0,27,NULL,NULL,6),(57,2,'蓝锌',0,0,27,NULL,NULL,26),(58,0,'冲孔',0,0,28,NULL,NULL,3),(59,1,'拉脚',0,0,28,NULL,NULL,6),(60,2,'蓝锌',0,0,28,NULL,NULL,26),(61,0,'冲孔',0,0,29,NULL,NULL,3),(62,1,'拉脚',0,0,29,NULL,NULL,6),(63,2,'蓝锌',0,0,29,NULL,NULL,26),(64,0,'冲孔',0,0,30,NULL,NULL,3),(65,1,'拉脚',0,0,30,NULL,NULL,6),(66,2,'彩锌',1,0,30,NULL,NULL,27),(67,0,'成形',0,0,31,NULL,NULL,10),(68,1,'整形',0,0,31,NULL,NULL,12),(69,2,'剪边',0,0,31,NULL,NULL,13),(70,0,'成形',0,1,32,'2018-03-07 00:00:00',500.00,10),(71,1,'整形',0,1,32,'2018-03-07 00:00:00',500.00,12),(72,2,'剪边',0,1,32,'2018-03-07 00:00:00',500.00,13),(73,0,'成形',0,1,33,'2018-04-10 00:00:00',100.00,10),(74,1,'整形',0,1,33,'2018-04-15 00:00:00',100.00,12),(75,2,'剪边',0,1,33,'2018-04-15 00:00:00',100.00,13),(76,0,'成形',0,1,34,'2018-04-15 00:00:00',100.00,10),(77,1,'整形',0,1,34,'2018-04-15 00:00:00',100.00,12),(78,2,'剪边',0,1,34,'2018-04-15 00:00:00',100.00,13),(79,3,'蓝锌',1,1,34,'2018-04-15 09:14:23',100.00,26),(80,0,'冲孔',0,1,35,'2018-04-15 00:00:00',2000.00,3),(81,1,'拉脚',0,1,35,'2018-04-15 00:00:00',2000.00,6),(82,2,'彩锌',1,1,35,'2018-04-15 04:32:34',2000.00,27),(83,0,NULL,0,1,36,'2018-04-29 00:00:00',100.00,2),(84,0,NULL,0,1,37,'2018-04-29 00:00:00',100.00,2),(85,0,NULL,0,1,38,'2018-04-29 00:00:00',100.00,10),(86,1,NULL,0,1,38,'2018-04-29 01:08:21',100.00,9),(87,2,NULL,0,1,38,'2018-04-29 01:09:20',100.00,7),(88,0,NULL,0,1,39,'2018-04-29 00:00:00',200.00,10),(89,1,NULL,0,1,39,'2018-04-29 01:15:10',200.00,7),(90,0,NULL,0,1,40,'2018-04-29 00:00:00',200.00,10);

#
# Source for table "cir"
#

DROP TABLE IF EXISTS `cir`;
CREATE TABLE `cir` (
  `Id` int(11) NOT NULL AUTO_INCREMENT,
  `serial` varchar(100) NOT NULL DEFAULT '',
  `name` varchar(100) DEFAULT NULL,
  `create_user_id` int(11) DEFAULT NULL,
  `create_time` datetime DEFAULT NULL,
  `bill_time` datetime DEFAULT NULL,
  `type` tinyint(3) NOT NULL DEFAULT '0' COMMENT '0-采购到货 1-采购退货 2-销售出货 3-销售退货 4-委外外送 5-委外回收 6-报溢 7-报损',
  `status` int(11) NOT NULL DEFAULT '0' COMMENT '0-未审核 1-已审核',
  `comment` varchar(200) DEFAULT NULL,
  `direction` tinyint(3) NOT NULL DEFAULT '1',
  `order_id` int(11) DEFAULT '0',
  `company_id` int(11) DEFAULT NULL,
  PRIMARY KEY (`Id`),
  KEY `fk_order` (`order_id`),
  KEY `fk_cir_company` (`company_id`),
  CONSTRAINT `fk_cir_company` FOREIGN KEY (`company_id`) REFERENCES `company` (`id`),
  CONSTRAINT `fk_order` FOREIGN KEY (`order_id`) REFERENCES `ord` (`Id`)
) ENGINE=InnoDB AUTO_INCREMENT=466 DEFAULT CHARSET=utf8;

#
# Data for table "cir"
#

INSERT INTO `cir` VALUES (131,'CGDH-20180127-001','',4,'2018-01-27 01:12:41','2018-01-27 00:00:00',0,1,NULL,1,NULL,9),(132,'CGDH-20180127-002','',4,'2018-01-27 01:27:14','2018-01-27 00:00:00',0,1,NULL,1,NULL,9),(134,'CGDH-20180127-003','',4,'2018-01-27 01:27:46','2018-01-27 00:00:00',0,1,NULL,1,NULL,11),(135,'WWCH-20180127-001','',5,'2018-01-27 01:46:42','2018-01-27 00:00:00',4,3,NULL,1,NULL,10),(136,'WWCH-20180127-002','',5,'2018-01-27 01:47:14','2018-01-27 00:00:00',4,3,NULL,1,NULL,10),(137,'WWCH-20180127-003','',5,'2018-01-27 01:47:36','2018-01-27 00:00:00',4,3,NULL,1,NULL,10),(138,'WWDH-20180127-001','',5,'2018-01-27 01:48:35','2018-01-27 00:00:00',5,1,NULL,1,NULL,10),(140,'WWDH-20180127-002','',5,'2018-01-27 02:06:47','2018-01-27 00:00:00',5,1,NULL,1,NULL,10),(141,'WWCH-20180127-004','',5,'2018-01-27 02:07:15','2018-01-27 00:00:00',4,3,NULL,1,NULL,10),(142,'WWDH-20180127-003','',5,'2018-01-27 02:07:34','2018-01-27 00:00:00',5,1,NULL,1,NULL,10),(144,'KHFH-20180127-001','',3,'2018-01-27 02:13:30','2018-01-27 00:00:00',2,1,NULL,1,NULL,8),(145,'PDBY-20180127-001','',6,'2018-01-27 02:15:01','2018-01-27 00:00:00',6,1,NULL,1,NULL,NULL),(146,'KHFH-20180127-002','',3,'2018-01-27 02:15:43','2018-01-27 00:00:00',2,1,NULL,1,NULL,8),(147,'PDBY-20180223-001','',6,'2018-02-23 09:32:32','2018-02-23 00:00:00',6,1,NULL,1,NULL,NULL),(148,'PDBS-20180223-001','',6,'2018-02-23 09:35:29','2018-02-23 00:00:00',7,1,NULL,1,NULL,NULL),(149,'PDBY-20180225-001','',1,'2018-02-25 09:59:27','2018-02-25 00:00:00',6,1,NULL,1,NULL,NULL),(150,'PDBS-20180225-001','',1,'2018-02-25 10:06:17','2018-02-25 00:00:00',7,1,NULL,1,NULL,NULL),(152,'PDBY-20180226-001','',6,'2018-02-26 11:16:53','2018-02-26 00:00:00',6,1,NULL,1,NULL,NULL),(154,'PDBS-20180226-001','',6,'2018-02-26 11:20:34','2018-02-26 00:00:00',7,1,NULL,1,NULL,NULL),(158,'PDBY-20180226-002','',6,'2018-02-26 03:34:53','2018-02-26 00:00:00',6,1,NULL,1,NULL,NULL),(159,'KHFH-20180226-001','test',3,'2018-02-26 03:37:56','2018-02-26 00:00:00',2,1,NULL,1,NULL,12),(160,'PDBY-20180226-003','',6,'2018-02-26 03:48:41','2018-02-26 00:00:00',6,1,NULL,1,NULL,NULL),(161,'PDBY-20180226-004','',6,'2018-02-26 03:52:37','2018-02-26 00:00:00',6,1,NULL,1,NULL,NULL),(162,'PDBY-20180226-005','',6,'2018-02-26 03:55:39','2018-02-26 00:00:00',6,1,NULL,1,NULL,NULL),(163,'PDBY-20180226-006','',6,'2018-02-26 04:06:26','2018-02-26 00:00:00',6,1,NULL,1,NULL,NULL),(164,'PDBY-20180226-007','',6,'2018-02-26 04:09:20','2018-02-26 00:00:00',6,1,NULL,1,NULL,NULL),(165,'PDBY-20180226-008','',6,'2018-02-26 04:11:20','2018-02-26 00:00:00',6,1,NULL,1,NULL,NULL),(166,'PDBY-20180226-009','',6,'2018-02-26 04:19:39','2018-02-26 00:00:00',6,1,NULL,1,NULL,NULL),(167,'PDBY-20180226-010','',6,'2018-02-26 04:31:19','2018-02-26 00:00:00',6,1,NULL,1,NULL,NULL),(168,'PDBY-20180226-011','',6,'2018-02-26 04:47:49','2018-02-26 00:00:00',6,1,NULL,1,NULL,NULL),(169,'PDBY-20180226-012','',6,'2018-02-26 04:50:29','2018-02-26 00:00:00',6,1,NULL,1,NULL,NULL),(170,'PDBY-20180226-013','',6,'2018-02-26 04:54:05','2018-02-26 00:00:00',6,1,NULL,1,NULL,NULL),(171,'PDBS-20180226-002','',6,'2018-02-26 05:07:57','2018-02-26 00:00:00',7,1,NULL,1,NULL,NULL),(172,'KHTH-20180227-001','test',1,'2018-02-27 08:48:59','2018-02-27 00:00:00',3,1,NULL,1,NULL,12),(173,'PDBS-20180227-001','',6,'2018-02-27 03:21:15','2018-02-27 00:00:00',7,1,NULL,1,NULL,NULL),(174,'PDBY-20180227-001','',6,'2018-02-27 03:22:32','2018-02-27 00:00:00',6,1,NULL,1,NULL,NULL),(175,'PDBY-20180227-002','',6,'2018-02-27 03:25:29','2018-02-27 00:00:00',6,1,NULL,1,NULL,NULL),(176,'PDBY-20180227-003','',6,'2018-02-27 03:28:09','2018-02-27 00:00:00',6,1,NULL,1,NULL,NULL),(177,'PDBY-20180227-004','',6,'2018-02-27 03:45:41','2018-02-27 00:00:00',6,1,NULL,1,NULL,NULL),(178,'PDBY-20180227-005','',6,'2018-02-27 03:50:04','2018-02-27 00:00:00',6,1,NULL,1,NULL,NULL),(179,'PDBY-20180227-006','',6,'2018-02-27 03:56:09','2018-02-27 00:00:00',6,1,NULL,1,NULL,NULL),(180,'PDBY-20180227-007','',6,'2018-02-27 03:57:09','2018-02-27 00:00:00',6,1,NULL,1,NULL,NULL),(181,'PDBY-20180227-008','',6,'2018-02-27 03:58:20','2018-02-27 00:00:00',6,1,NULL,1,NULL,NULL),(182,'PDBY-20180228-001','',6,'2018-02-28 11:26:09','2018-02-28 00:00:00',6,1,NULL,1,NULL,NULL),(183,'PDBS-20180228-001','',6,'2018-02-28 11:27:44','2018-02-28 00:00:00',7,1,NULL,1,NULL,NULL),(184,'PDBY-20180228-002','',6,'2018-02-28 04:08:48','2018-02-28 00:00:00',6,1,NULL,1,NULL,NULL),(185,'PDBS-20180228-002','',6,'2018-02-28 05:20:07','2018-02-28 00:00:00',7,1,NULL,1,NULL,NULL),(186,'PDBY-20180301-001','',6,'2018-03-01 11:32:15','2018-03-01 00:00:00',6,1,NULL,1,NULL,NULL),(187,'PDBS-20180301-001','',6,'2018-03-01 11:33:39','2018-03-01 00:00:00',7,1,NULL,1,NULL,NULL),(188,'PDBY-20180301-002','',6,'2018-03-01 02:17:33','2018-03-01 00:00:00',6,1,NULL,1,NULL,NULL),(189,'PDBY-20180301-003','',6,'2018-03-01 02:20:52','2018-03-01 00:00:00',6,1,NULL,1,NULL,NULL),(190,'PDBS-20180301-002','',6,'2018-03-01 02:22:05','2018-03-01 00:00:00',7,1,NULL,1,NULL,NULL),(191,'PDBY-20180301-004','',6,'2018-03-01 02:24:13','2018-03-01 00:00:00',6,1,NULL,1,NULL,NULL),(192,'PDBS-20180301-003','',6,'2018-03-01 02:25:47','2018-03-01 00:00:00',7,1,NULL,1,NULL,NULL),(193,'PDBY-20180301-005','',6,'2018-03-01 05:44:34','2018-03-01 00:00:00',6,1,NULL,1,NULL,NULL),(194,'PDBS-20180301-004','',6,'2018-03-01 05:45:11','2018-03-01 00:00:00',7,1,NULL,1,NULL,NULL),(195,'PDBS-20180303-001','',6,'2018-03-03 09:39:39','2018-03-03 00:00:00',7,1,NULL,1,NULL,NULL),(196,'PDBY-20180303-001','',6,'2018-03-03 11:07:05','2018-03-03 00:00:00',6,1,NULL,1,NULL,NULL),(197,'PDBY-20180303-002','',6,'2018-03-03 11:08:39','2018-03-03 00:00:00',6,1,NULL,1,NULL,NULL),(198,'PDBS-20180303-002','',6,'2018-03-03 11:09:04','2018-03-03 00:00:00',7,1,NULL,1,NULL,NULL),(199,'PDBY-20180303-003','',6,'2018-03-03 11:25:28','2018-03-03 00:00:00',6,1,NULL,1,NULL,NULL),(200,'PDBS-20180303-003','',6,'2018-03-03 11:26:26','2018-03-03 00:00:00',7,1,NULL,1,NULL,NULL),(201,'PDBY-20180303-004','',6,'2018-03-03 04:52:48','2018-03-03 00:00:00',6,1,NULL,1,NULL,NULL),(202,'PDBS-20180303-004','',6,'2018-03-03 04:53:47','2018-03-03 00:00:00',7,1,NULL,1,NULL,NULL),(203,'PDBY-20180304-001','',6,'2018-03-04 05:12:49','2018-03-04 00:00:00',6,1,NULL,1,NULL,NULL),(204,'PDBS-20180304-001','',6,'2018-03-04 05:13:27','2018-03-04 00:00:00',7,1,NULL,1,NULL,NULL),(205,'PDBY-20180304-002','',6,'2018-03-04 05:15:56','2018-03-04 00:00:00',6,1,NULL,1,NULL,NULL),(206,'PDBS-20180304-002','',6,'2018-03-04 05:16:28','2018-03-04 00:00:00',7,1,NULL,1,NULL,NULL),(207,'PDBY-20180304-003','',6,'2018-03-04 05:54:06','2018-03-04 00:00:00',6,1,NULL,1,NULL,NULL),(208,'PDBS-20180304-003','',6,'2018-03-04 05:55:06','2018-03-04 00:00:00',7,1,NULL,1,NULL,NULL),(209,'PDBS-20180305-001','',6,'2018-03-05 08:59:17','2018-03-05 00:00:00',7,1,NULL,1,NULL,NULL),(210,'PDBY-20180305-001','',6,'2018-03-05 10:05:31','2018-03-05 00:00:00',6,1,NULL,1,NULL,NULL),(211,'PDBS-20180305-002','',6,'2018-03-05 10:06:10','2018-03-05 00:00:00',7,1,NULL,1,NULL,NULL),(212,'PDBY-20180305-002','',6,'2018-03-05 02:04:29','2018-03-05 00:00:00',6,1,NULL,1,NULL,NULL),(213,'PDBS-20180305-003','',6,'2018-03-05 02:09:56','2018-03-05 00:00:00',7,1,NULL,1,NULL,NULL),(214,'PDBY-20180305-003','',6,'2018-03-05 02:10:29','2018-03-05 00:00:00',6,1,NULL,1,NULL,NULL),(215,'PDBS-20180306-001','',6,'2018-03-06 08:37:40','2018-03-05 00:00:00',7,1,NULL,1,NULL,NULL),(216,'PDBS-20180306-002','',6,'2018-03-06 10:41:40','2018-03-06 00:00:00',7,1,NULL,1,NULL,NULL),(217,'PDBS-20180306-003','',6,'2018-03-06 10:42:14','2018-03-06 00:00:00',7,1,NULL,1,NULL,NULL),(218,'PDBY-20180306-001','',6,'2018-03-06 01:46:24','2018-03-06 00:00:00',6,1,NULL,1,NULL,NULL),(219,'PDBS-20180306-004','',6,'2018-03-06 01:47:13','2018-03-06 00:00:00',7,1,NULL,1,NULL,NULL),(220,'CGDH-20180307-001','',1,'2018-03-07 05:21:04','2018-03-07 00:00:00',0,1,NULL,1,NULL,23),(221,'PDBY-20180307-001','',6,'2018-03-07 05:45:14','2018-03-07 00:00:00',6,1,NULL,1,NULL,NULL),(222,'PDBS-20180307-001','',6,'2018-03-07 05:46:11','2018-03-07 00:00:00',7,1,NULL,1,NULL,NULL),(223,'PDBY-20180307-002','',6,'2018-03-07 05:46:32','2018-03-07 00:00:00',6,1,NULL,1,NULL,NULL),(224,'PDBS-20180307-002','',6,'2018-03-07 05:47:01','2018-03-07 00:00:00',7,1,NULL,1,NULL,NULL),(225,'PDBS-20180308-001','',6,'2018-03-08 04:23:31','2018-03-08 00:00:00',7,1,NULL,1,NULL,NULL),(226,'PDBS-20180308-002','',6,'2018-03-08 04:23:52','2018-03-08 00:00:00',7,1,NULL,1,NULL,NULL),(227,'PDBY-20180308-001','',6,'2018-03-08 05:47:48','2018-03-08 00:00:00',6,1,NULL,1,NULL,NULL),(228,'PDBY-20180309-001','',6,'2018-03-09 02:36:57','2018-03-09 00:00:00',6,1,NULL,1,NULL,NULL),(229,'PDBS-20180309-001','',6,'2018-03-09 02:38:25','2018-03-09 00:00:00',7,1,NULL,1,NULL,NULL),(230,'PDBS-20180310-001','',6,'2018-03-10 11:13:03','2018-03-10 00:00:00',7,1,NULL,1,NULL,NULL),(231,'PDBY-20180310-001','',6,'2018-03-10 03:09:52','2018-03-10 00:00:00',6,1,NULL,1,NULL,NULL),(232,'PDBS-20180310-002','',6,'2018-03-10 03:12:32','2018-03-10 00:00:00',7,1,NULL,1,NULL,NULL),(233,'PDBY-20180310-002','',6,'2018-03-10 03:13:01','2018-03-10 00:00:00',6,1,NULL,1,NULL,NULL),(234,'PDBY-20180310-003','',6,'2018-03-10 03:13:58','2018-03-10 00:00:00',6,1,NULL,1,NULL,NULL),(235,'PDBY-20180310-004','',6,'2018-03-10 05:59:45','2018-03-10 00:00:00',6,1,NULL,1,NULL,NULL),(236,'PDBS-20180310-003','',6,'2018-03-10 06:00:38','2018-03-10 00:00:00',7,1,NULL,1,NULL,NULL),(237,'PDBY-20180311-001','',6,'2018-03-11 03:18:28','2018-03-11 00:00:00',6,1,NULL,1,NULL,NULL),(238,'PDBS-20180311-001','',6,'2018-03-11 03:19:17','2018-03-11 00:00:00',7,1,NULL,1,NULL,NULL),(239,'PDBY-20180311-002','',6,'2018-03-11 03:20:08','2018-03-11 00:00:00',6,1,NULL,1,NULL,NULL),(240,'PDBS-20180311-002','',6,'2018-03-11 03:21:11','2018-03-11 00:00:00',7,1,NULL,1,NULL,NULL),(241,'PDBY-20180311-003','',6,'2018-03-11 03:25:20','2018-03-11 00:00:00',6,1,NULL,1,NULL,NULL),(242,'PDBS-20180311-003','',6,'2018-03-11 03:25:50','2018-03-11 00:00:00',7,1,NULL,1,NULL,NULL),(243,'PDBY-20180311-004','',6,'2018-03-11 03:28:11','2018-03-11 00:00:00',6,1,NULL,1,NULL,NULL),(244,'PDBS-20180311-004','',6,'2018-03-11 03:28:37','2018-03-11 00:00:00',7,1,NULL,1,NULL,NULL),(245,'PDBY-20180313-001','',6,'2018-03-13 09:41:35','2018-03-13 00:00:00',6,1,NULL,1,NULL,NULL),(246,'PDBS-20180313-001','',6,'2018-03-13 09:42:12','2018-03-13 00:00:00',7,1,NULL,1,NULL,NULL),(247,'PDBY-20180313-002','',6,'2018-03-13 02:28:00','2018-03-13 00:00:00',6,1,NULL,1,NULL,NULL),(248,'PDBS-20180313-002','',6,'2018-03-13 02:28:49','2018-03-13 00:00:00',7,1,NULL,1,NULL,NULL),(249,'PDBY-20180313-003','',6,'2018-03-13 02:29:14','2018-03-13 00:00:00',6,1,NULL,1,NULL,NULL),(250,'PDBS-20180313-003','',6,'2018-03-13 02:30:25','2018-03-13 00:00:00',7,1,NULL,1,NULL,NULL),(251,'PDBY-20180313-004','',6,'2018-03-13 03:07:00','2018-03-13 00:00:00',6,1,NULL,1,NULL,NULL),(252,'PDBY-20180313-005','',6,'2018-03-13 03:07:33','2018-03-13 00:00:00',6,1,NULL,1,NULL,NULL),(253,'PDBS-20180313-004','',6,'2018-03-13 03:07:59','2018-03-13 00:00:00',7,1,NULL,1,NULL,NULL),(254,'PDBY-20180314-001','',6,'2018-03-14 02:12:59','2018-03-14 00:00:00',6,1,NULL,1,NULL,NULL),(255,'PDBY-20180314-002','',6,'2018-03-14 02:13:34','2018-03-14 00:00:00',6,1,NULL,1,NULL,NULL),(256,'PDBS-20180314-001','',6,'2018-03-14 02:14:25','2018-03-14 00:00:00',7,1,NULL,1,NULL,NULL),(257,'PDBY-20180314-003','',6,'2018-03-14 06:04:34','2018-03-14 00:00:00',6,1,NULL,1,NULL,NULL),(258,'PDBY-20180314-004','',6,'2018-03-14 06:06:12','2018-03-14 00:00:00',6,1,NULL,1,NULL,NULL),(259,'PDBS-20180315-001','',6,'2018-03-15 09:15:43','2018-03-15 00:00:00',7,1,NULL,1,NULL,NULL),(260,'PDBS-20180316-001','',6,'2018-03-16 09:15:43','2018-03-16 00:00:00',7,1,NULL,1,NULL,NULL),(261,'PDBY-20180316-001','',6,'2018-03-16 09:17:25','2018-03-16 00:00:00',6,1,NULL,1,NULL,NULL),(262,'PDBS-20180316-002','',6,'2018-03-16 09:18:00','2018-03-16 00:00:00',7,1,NULL,1,NULL,NULL),(263,'PDBY-20180316-002','',6,'2018-03-16 09:18:20','2018-03-16 00:00:00',6,1,NULL,1,NULL,NULL),(264,'PDBS-20180316-003','',6,'2018-03-16 09:34:48','2018-03-16 00:00:00',7,1,NULL,1,NULL,NULL),(265,'PDBS-20180316-004','',6,'2018-03-16 09:52:42','2018-03-16 00:00:00',7,1,NULL,1,NULL,NULL),(266,'PDBY-20180316-003','',6,'2018-03-16 02:49:32','2018-03-16 00:00:00',6,1,NULL,1,NULL,NULL),(267,'PDBS-20180316-005','',6,'2018-03-16 02:50:29','2018-03-16 00:00:00',7,1,NULL,1,NULL,NULL),(268,'PDBY-20180316-004','',6,'2018-03-16 02:56:48','2018-03-16 00:00:00',6,1,NULL,1,NULL,NULL),(269,'PDBS-20180316-006','',6,'2018-03-16 02:58:12','2018-03-16 00:00:00',7,1,NULL,1,NULL,NULL),(270,'PDBY-20180316-005','',6,'2018-03-16 02:58:42','2018-03-16 00:00:00',6,1,NULL,1,NULL,NULL),(271,'PDBS-20180316-007','',6,'2018-03-16 03:00:02','2018-03-16 00:00:00',7,1,NULL,1,NULL,NULL),(272,'PDBY-20180316-006','',6,'2018-03-16 05:51:06','2018-03-16 00:00:00',6,1,NULL,1,NULL,NULL),(273,'PDBS-20180316-008','',6,'2018-03-16 05:54:52','2018-03-16 00:00:00',7,1,NULL,1,NULL,NULL),(274,'PDBY-20180316-007','',6,'2018-03-16 06:01:37','2018-03-16 00:00:00',6,1,NULL,1,NULL,NULL),(275,'PDBS-20180316-009','',6,'2018-03-16 06:02:16','2018-03-16 00:00:00',7,1,NULL,1,NULL,NULL),(276,'PDBS-20180316-010','',6,'2018-03-16 06:05:18','2018-03-16 00:00:00',7,1,NULL,1,NULL,NULL),(277,'PDBY-20180317-001','',6,'2018-03-17 11:32:56','2018-03-17 00:00:00',6,1,NULL,1,NULL,NULL),(278,'PDBS-20180317-001','',6,'2018-03-17 11:33:56','2018-03-17 00:00:00',7,1,NULL,1,NULL,NULL),(279,'PDBY-20180317-002','',6,'2018-03-17 03:03:51','2018-03-17 00:00:00',6,1,NULL,1,NULL,NULL),(280,'PDBY-20180317-003','',6,'2018-03-17 03:11:57','2018-03-17 00:00:00',6,1,NULL,1,NULL,NULL),(281,'PDBY-20180317-004','',6,'2018-03-17 03:45:03','2018-03-17 00:00:00',6,1,NULL,1,NULL,NULL),(282,'PDBY-20180317-005','',6,'2018-03-17 03:46:10','2018-03-17 00:00:00',6,1,NULL,1,NULL,NULL),(283,'PDBS-20180317-002','',6,'2018-03-17 03:47:33','2018-03-17 00:00:00',7,1,NULL,1,NULL,NULL),(284,'PDBY-20180317-006','',6,'2018-03-17 03:48:04','2018-03-17 00:00:00',6,1,NULL,1,NULL,NULL),(285,'PDBS-20180317-003','',6,'2018-03-17 03:54:55','2018-03-17 00:00:00',7,1,NULL,1,NULL,NULL),(286,'PDBY-20180317-007','',6,'2018-03-17 05:58:22','2018-03-17 00:00:00',6,1,NULL,1,NULL,NULL),(287,'PDBY-20180317-008','',6,'2018-03-17 05:59:34','2018-03-17 00:00:00',6,1,NULL,1,NULL,NULL),(288,'PDBS-20180317-004','',6,'2018-03-17 06:00:25','2018-03-17 00:00:00',7,1,NULL,1,NULL,NULL),(289,'PDBS-20180317-005','',6,'2018-03-17 06:00:46','2018-03-17 00:00:00',7,1,NULL,1,NULL,NULL),(290,'PDBY-20180318-001','',6,'2018-03-18 02:18:14','2018-03-18 00:00:00',6,1,NULL,1,NULL,NULL),(291,'PDBY-20180318-002','',6,'2018-03-18 02:30:09','2018-03-18 00:00:00',6,1,NULL,1,NULL,NULL),(292,'PDBY-20180318-003','',6,'2018-03-18 02:37:47','2018-03-18 00:00:00',6,1,NULL,1,NULL,NULL),(293,'PDBY-20180318-004','',6,'2018-03-18 02:38:26','2018-03-18 00:00:00',6,1,NULL,1,NULL,NULL),(294,'PDBY-20180318-005','',6,'2018-03-18 03:17:09','2018-03-18 00:00:00',6,1,NULL,1,NULL,NULL),(295,'PDBY-20180319-001','',6,'2018-03-19 01:39:41','2018-03-19 00:00:00',6,1,NULL,1,NULL,NULL),(296,'PDBS-20180319-001','',6,'2018-03-19 01:40:45','2018-03-19 00:00:00',7,1,NULL,1,NULL,NULL),(297,'PDBY-20180319-002','',6,'2018-03-19 05:03:49','2018-03-19 00:00:00',6,1,NULL,1,NULL,NULL),(298,'PDBS-20180319-002','',6,'2018-03-19 05:49:06','2018-03-19 00:00:00',7,1,NULL,1,NULL,NULL),(299,'PDBS-20180320-001','',6,'2018-03-20 11:31:54','2018-03-20 00:00:00',7,1,NULL,1,NULL,NULL),(300,'PDBY-20180320-001','',6,'2018-03-20 03:12:23','2018-03-20 00:00:00',6,1,NULL,1,NULL,NULL),(301,'PDBY-20180320-002','',6,'2018-03-20 03:25:15','2018-03-20 00:00:00',6,1,NULL,1,NULL,NULL),(302,'PDBY-20180320-003','',6,'2018-03-20 03:27:17','2018-03-20 00:00:00',6,1,NULL,1,NULL,NULL),(303,'PDBS-20180320-002','',6,'2018-03-20 03:27:41','2018-03-20 00:00:00',7,1,NULL,1,NULL,NULL),(304,'PDBY-20180320-004','',6,'2018-03-20 03:28:16','2018-03-20 00:00:00',6,1,NULL,1,NULL,NULL),(305,'PDBY-20180320-005','',6,'2018-03-20 03:29:20','2018-03-20 00:00:00',6,1,NULL,1,NULL,NULL),(306,'PDBY-20180320-006','',6,'2018-03-20 03:30:39','2018-03-20 00:00:00',6,1,NULL,1,NULL,NULL),(307,'PDBS-20180320-003','',6,'2018-03-20 03:31:45','2018-03-20 00:00:00',7,1,NULL,1,NULL,NULL),(308,'PDBY-20180320-007','',6,'2018-03-20 03:45:07','2018-03-20 00:00:00',6,1,NULL,1,NULL,NULL),(309,'PDBS-20180320-004','',6,'2018-03-20 03:46:28','2018-03-20 00:00:00',7,1,NULL,1,NULL,NULL),(310,'PDBY-20180321-001','',6,'2018-03-21 10:04:15','2018-03-21 00:00:00',6,1,NULL,1,NULL,NULL),(311,'PDBS-20180321-001','',6,'2018-03-21 04:00:22','2018-03-21 00:00:00',7,1,NULL,1,NULL,NULL),(312,'PDBS-20180321-002','',6,'2018-03-21 04:04:49','2018-03-21 00:00:00',7,1,NULL,1,NULL,NULL),(313,'PDBY-20180321-002','',6,'2018-03-21 04:05:56','2018-03-21 00:00:00',6,1,NULL,1,NULL,NULL),(314,'PDBY-20180321-003','',6,'2018-03-21 04:06:39','2018-03-21 00:00:00',6,1,NULL,1,NULL,NULL),(315,'PDBS-20180324-001','',6,'2018-03-24 09:10:47','2018-03-24 00:00:00',7,1,NULL,1,NULL,NULL),(316,'PDBY-20180324-001','',6,'2018-03-24 11:18:45','2018-03-24 00:00:00',6,1,NULL,1,NULL,NULL),(317,'PDBY-20180324-002','',6,'2018-03-24 11:23:56','2018-03-24 00:00:00',6,1,NULL,1,NULL,NULL),(318,'PDBY-20180324-003','',6,'2018-03-24 01:44:07','2018-03-24 00:00:00',6,1,NULL,1,NULL,NULL),(319,'PDBY-20180324-004','',6,'2018-03-24 01:47:34','2018-03-24 00:00:00',6,1,NULL,1,NULL,NULL),(320,'PDBS-20180324-002','',6,'2018-03-24 01:48:00','2018-03-24 00:00:00',7,1,NULL,1,NULL,NULL),(321,'PDBY-20180324-005','',6,'2018-03-24 01:48:16','2018-03-24 00:00:00',6,1,NULL,1,NULL,NULL),(322,'PDBY-20180324-006','',6,'2018-03-24 01:49:27','2018-03-24 00:00:00',6,1,NULL,1,NULL,NULL),(323,'PDBS-20180324-003','',6,'2018-03-24 01:49:56','2018-03-24 00:00:00',7,1,NULL,1,NULL,NULL),(324,'PDBY-20180324-007','',6,'2018-03-24 01:57:06','2018-03-24 00:00:00',6,1,NULL,1,NULL,NULL),(325,'PDBY-20180324-008','',6,'2018-03-24 01:57:48','2018-03-24 00:00:00',6,1,NULL,1,NULL,NULL),(326,'PDBY-20180324-009','',6,'2018-03-24 04:27:13','2018-03-24 00:00:00',6,1,NULL,1,NULL,NULL),(327,'PDBY-20180324-010','',6,'2018-03-24 04:29:42','2018-03-24 00:00:00',6,1,NULL,1,NULL,NULL),(328,'PDBS-20180324-004','',6,'2018-03-24 04:45:55','2018-03-24 00:00:00',7,1,NULL,1,NULL,NULL),(329,'PDBY-20180324-011','',6,'2018-03-24 05:03:18','2018-03-24 00:00:00',6,1,NULL,1,NULL,NULL),(330,'PDBS-20180324-005','',6,'2018-03-24 05:03:51','2018-03-24 00:00:00',7,1,NULL,1,NULL,NULL),(331,'PDBY-20180324-012','',6,'2018-03-24 05:04:09','2018-03-24 00:00:00',6,1,NULL,1,NULL,NULL),(332,'PDBS-20180324-006','',6,'2018-03-24 05:04:53','2018-03-24 00:00:00',7,1,NULL,1,NULL,NULL),(333,'PDBY-20180324-013','',6,'2018-03-24 05:06:02','2018-03-24 00:00:00',6,1,NULL,1,NULL,NULL),(334,'PDBS-20180330-001','',6,'2018-03-30 03:09:58','2018-03-30 00:00:00',7,1,NULL,1,NULL,NULL),(335,'PDBS-20180330-002','',6,'2018-03-30 03:11:29','2018-03-30 00:00:00',7,1,NULL,1,NULL,NULL),(336,'PDBS-20180330-003','',6,'2018-03-30 03:12:45','2018-03-30 00:00:00',7,1,NULL,1,NULL,NULL),(337,'PDBY-20180330-001','',6,'2018-03-30 03:14:16','2018-02-27 00:00:00',6,1,NULL,1,NULL,NULL),(338,'PDBS-20180330-004','',6,'2018-03-30 03:14:59','2018-03-30 00:00:00',7,1,NULL,1,NULL,NULL),(339,'PDBY-20180330-002','',6,'2018-03-30 03:16:49','2018-03-30 00:00:00',6,1,NULL,1,NULL,NULL),(340,'PDBY-20180330-003','',6,'2018-03-30 03:17:56','2018-03-30 00:00:00',6,1,NULL,1,NULL,NULL),(341,'PDBY-20180330-004','',6,'2018-03-30 03:18:23','2018-03-30 00:00:00',6,1,NULL,1,NULL,NULL),(342,'PDBY-20180330-005','',6,'2018-03-30 03:33:12','2018-03-30 00:00:00',6,1,NULL,1,NULL,NULL),(343,'PDBS-20180330-005','',6,'2018-03-30 03:34:11','2018-03-30 00:00:00',7,1,NULL,1,NULL,NULL),(344,'PDBY-20180330-006','',6,'2018-03-30 03:34:38','2018-03-30 00:00:00',6,1,NULL,1,NULL,NULL),(345,'PDBY-20180330-007','',6,'2018-03-30 03:35:56','2018-03-30 00:00:00',6,1,NULL,1,NULL,NULL),(346,'PDBY-20180330-008','',6,'2018-03-30 03:38:22','2018-03-30 00:00:00',6,1,NULL,1,NULL,NULL),(347,'PDBS-20180330-006','',6,'2018-03-30 03:39:03','2018-03-30 00:00:00',7,1,NULL,1,NULL,NULL),(348,'PDBY-20180330-009','',6,'2018-03-30 03:39:50','2018-03-30 00:00:00',6,1,NULL,1,NULL,NULL),(349,'PDBS-20180330-007','',6,'2018-03-30 03:40:17','2018-03-30 00:00:00',7,1,NULL,1,NULL,NULL),(350,'PDBY-20180330-010','',6,'2018-03-30 03:43:01','2018-03-30 00:00:00',6,1,NULL,1,NULL,NULL),(351,'PDBS-20180330-008','',6,'2018-03-30 03:43:36','2018-03-30 00:00:00',7,1,NULL,1,NULL,NULL),(352,'PDBY-20180330-011','',6,'2018-03-30 03:43:55','2018-03-30 00:00:00',6,1,NULL,1,NULL,NULL),(353,'PDBY-20180330-012','',6,'2018-03-30 03:44:27','2018-03-30 00:00:00',6,1,NULL,1,NULL,NULL),(354,'PDBY-20180330-013','',6,'2018-03-30 03:46:34','2018-03-30 00:00:00',6,1,NULL,1,NULL,NULL),(355,'PDBY-20180330-014','',6,'2018-03-30 03:47:14','2018-03-30 00:00:00',6,1,NULL,1,NULL,NULL),(356,'PDBY-20180330-015','',6,'2018-03-30 03:47:39','2018-03-30 00:00:00',6,1,NULL,1,NULL,NULL),(357,'PDBY-20180330-016','',6,'2018-03-30 03:48:04','2018-03-30 00:00:00',6,1,NULL,1,NULL,NULL),(358,'PDBY-20180330-017','',6,'2018-03-30 03:48:49','2018-03-30 00:00:00',6,1,NULL,1,NULL,NULL),(359,'PDBS-20180330-009','',6,'2018-03-30 03:50:21','2018-03-30 00:00:00',7,1,NULL,1,NULL,NULL),(360,'PDBS-20180402-001','',6,'2018-04-02 05:22:40','2018-04-02 00:00:00',7,1,NULL,1,NULL,NULL),(361,'PDBY-20180402-001','',6,'2018-04-02 05:22:59','2018-04-02 00:00:00',6,1,NULL,1,NULL,NULL),(362,'PDBY-20180402-002','',6,'2018-04-02 05:23:50','2018-04-02 00:00:00',6,1,NULL,1,NULL,NULL),(363,'PDBS-20180402-002','',6,'2018-04-02 05:24:27','2018-04-02 00:00:00',7,1,NULL,1,NULL,NULL),(364,'PDBY-20180402-003','',6,'2018-04-02 05:24:47','2018-04-02 00:00:00',6,1,NULL,1,NULL,NULL),(365,'PDBS-20180402-003','',6,'2018-04-02 05:25:10','2018-04-02 00:00:00',7,1,NULL,1,NULL,NULL),(366,'PDBS-20180402-004','',6,'2018-04-02 05:25:44','2018-04-02 00:00:00',7,1,NULL,1,NULL,NULL),(367,'PDBY-20180402-004','',6,'2018-04-02 05:26:08','2018-04-02 00:00:00',6,1,NULL,1,NULL,NULL),(368,'PDBS-20180402-005','',6,'2018-04-02 05:26:31','2018-04-02 00:00:00',7,1,NULL,1,NULL,NULL),(369,'PDBY-20180402-005','',6,'2018-04-02 05:28:19','2018-04-02 00:00:00',6,1,NULL,1,NULL,NULL),(370,'PDBS-20180402-006','',6,'2018-04-02 05:32:28','2018-04-02 00:00:00',7,1,NULL,1,NULL,NULL),(371,'PDBS-20180402-007','',6,'2018-04-02 05:32:43','2018-04-02 00:00:00',7,1,NULL,1,NULL,NULL),(372,'PDBY-20180402-006','',6,'2018-04-02 05:33:07','2018-04-02 00:00:00',6,1,NULL,1,NULL,NULL),(373,'PDBS-20180402-008','',6,'2018-04-02 05:33:34','2018-04-02 00:00:00',7,1,NULL,1,NULL,NULL),(374,'PDBS-20180402-009','',6,'2018-04-02 05:33:53','2018-04-02 00:00:00',7,1,NULL,1,NULL,NULL),(375,'PDBS-20180403-001','',6,'2018-04-03 04:28:12','2018-04-03 00:00:00',7,1,NULL,1,NULL,NULL),(376,'PDBS-20180403-002','',6,'2018-04-03 04:28:33','2018-04-03 00:00:00',7,1,NULL,1,NULL,NULL),(377,'PDBS-20180403-003','',6,'2018-04-03 04:29:03','2018-04-03 00:00:00',7,1,NULL,1,NULL,NULL),(378,'PDBY-20180403-001','',6,'2018-04-03 05:56:26','2018-04-03 00:00:00',6,1,NULL,1,NULL,NULL),(379,'PDBS-20180403-004','',6,'2018-04-03 05:56:53','2018-04-03 00:00:00',7,1,NULL,1,NULL,NULL),(380,'PDBY-20180404-001','',6,'2018-04-04 02:19:52','2018-04-04 00:00:00',6,1,NULL,1,NULL,NULL),(381,'PDBS-20180404-001','',6,'2018-04-04 02:20:20','2018-04-04 00:00:00',7,1,NULL,1,NULL,NULL),(382,'PDBY-20180404-002','',6,'2018-04-04 02:20:40','2018-04-04 00:00:00',6,1,NULL,1,NULL,NULL),(383,'PDBY-20180406-001','',6,'2018-04-06 10:14:18','2018-04-06 00:00:00',6,1,NULL,1,NULL,NULL),(384,'PDBS-20180406-001','',6,'2018-04-06 10:15:03','2018-04-06 00:00:00',7,1,NULL,1,NULL,NULL),(385,'PDBY-20180406-002','',6,'2018-04-06 10:20:24','2018-04-06 00:00:00',6,1,NULL,1,NULL,NULL),(386,'PDBS-20180406-002','',6,'2018-04-06 10:20:56','2018-04-06 00:00:00',7,1,NULL,1,NULL,NULL),(387,'PDBY-20180406-003','',6,'2018-04-06 02:27:44','2018-04-06 00:00:00',6,1,NULL,1,NULL,NULL),(388,'PDBS-20180406-003','',6,'2018-04-06 02:29:04','2018-04-06 00:00:00',7,1,NULL,1,NULL,NULL),(389,'WWCH-20180415-001','xxxx',1,'2018-04-15 09:13:24','2018-04-15 00:00:00',4,3,NULL,1,NULL,10),(390,'WWDH-20180415-001','adzzz',1,'2018-04-15 09:14:23','2018-04-15 00:00:00',5,1,NULL,1,NULL,10),(391,'CGDH-20180415-001','测试',1,'2018-04-15 04:23:04','2018-04-15 00:00:00',0,1,NULL,1,NULL,16),(392,'WWCH-20180415-002','40009001',5,'2018-04-15 04:31:20','2018-04-15 00:00:00',4,3,NULL,1,NULL,14),(393,'WWDH-20180415-002','500603',5,'2018-04-15 04:32:34','2018-04-15 00:00:00',5,1,NULL,1,NULL,14),(394,'CGDH-20180415-002','',1,'2018-04-15 04:37:37','2018-04-15 00:00:00',0,1,NULL,1,NULL,16),(395,'PDBS-20180418-001','',6,'2018-04-18 10:07:37','2018-04-18 00:00:00',7,1,NULL,1,NULL,NULL),(396,'PDBS-20180418-002','',6,'2018-04-18 10:08:46','2018-04-18 00:00:00',7,1,NULL,1,NULL,NULL),(397,'PDBS-20180418-003','',6,'2018-04-18 10:12:11','2018-04-18 00:00:00',7,1,NULL,1,NULL,NULL),(398,'PDBY-20180418-001','',6,'2018-04-18 10:22:08','2018-04-18 00:00:00',6,1,NULL,1,NULL,NULL),(399,'PDBY-20180418-002','',6,'2018-04-18 10:31:50','2018-04-18 00:00:00',6,1,NULL,1,NULL,NULL),(400,'PDBY-20180418-003','',6,'2018-04-18 10:33:19','2018-04-18 00:00:00',6,1,NULL,1,NULL,NULL),(401,'PDBY-20180418-004','',6,'2018-04-18 10:33:41','2018-04-18 00:00:00',6,1,NULL,1,NULL,NULL),(402,'PDBY-20180418-005','',6,'2018-04-18 10:34:50','2018-04-18 00:00:00',6,1,NULL,1,NULL,NULL),(403,'PDBY-20180418-006','',6,'2018-04-18 10:35:47','2018-04-18 00:00:00',6,1,NULL,1,NULL,NULL),(404,'PDBY-20180418-007','',6,'2018-04-18 10:36:44','2018-04-18 00:00:00',6,1,NULL,1,NULL,NULL),(405,'PDBS-20180418-004','',6,'2018-04-18 10:54:37','2018-04-18 00:00:00',7,1,NULL,1,NULL,NULL),(406,'PDBS-20180418-005','',6,'2018-04-18 10:59:12','2018-04-18 00:00:00',7,1,NULL,1,NULL,NULL),(407,'PDBS-20180418-006','',6,'2018-04-18 10:59:51','2018-04-18 00:00:00',7,1,NULL,1,NULL,NULL),(408,'PDBS-20180418-007','',6,'2018-04-18 11:00:08','2018-04-18 00:00:00',7,1,NULL,1,NULL,NULL),(409,'PDBY-20180418-008','',6,'2018-04-18 05:18:19','2018-04-18 00:00:00',6,1,NULL,1,NULL,NULL),(410,'PDBS-20180419-001','',6,'2018-04-19 02:16:45','2018-04-19 00:00:00',7,1,NULL,1,NULL,NULL),(411,'PDBY-20180419-001','',6,'2018-04-19 02:17:04','2018-04-19 00:00:00',6,1,NULL,1,NULL,NULL),(412,'PDBS-20180419-002','',6,'2018-04-19 02:17:38','2018-04-19 00:00:00',7,1,NULL,1,NULL,NULL),(413,'PDBS-20180420-001','',6,'2018-04-20 10:05:40','2018-04-20 00:00:00',7,1,NULL,1,NULL,NULL),(414,'PDBS-20180420-002','',6,'2018-04-20 10:06:18','2018-04-20 00:00:00',7,1,NULL,1,NULL,NULL),(415,'PDBS-20180423-001','',6,'2018-04-23 02:08:37','2018-04-23 00:00:00',7,1,NULL,1,NULL,NULL),(416,'PDBY-20180423-001','',6,'2018-04-23 02:13:43','2018-04-20 00:00:00',6,1,NULL,1,NULL,NULL),(417,'PDBS-20180423-002','',6,'2018-04-23 02:14:22','2018-04-23 00:00:00',7,1,NULL,1,NULL,NULL),(418,'PDBS-20180423-003','',6,'2018-04-23 02:14:44','2018-04-23 00:00:00',7,1,NULL,1,NULL,NULL),(419,'PDBY-20180423-002','',6,'2018-04-23 02:51:15','2018-04-23 00:00:00',6,1,NULL,1,NULL,NULL),(420,'PDBS-20180423-004','',6,'2018-04-23 02:51:52','2018-04-23 00:00:00',7,1,NULL,1,NULL,NULL),(421,'PDBY-20180424-001','',6,'2018-04-24 05:41:21','2018-04-24 00:00:00',6,1,NULL,1,NULL,NULL),(422,'PDBS-20180424-001','',6,'2018-04-24 05:43:34','2018-04-24 00:00:00',7,1,NULL,1,NULL,NULL),(423,'PDBY-20180424-002','',6,'2018-04-24 05:44:03','2018-04-24 00:00:00',6,1,NULL,1,NULL,NULL),(424,'PDBY-20180426-001','',6,'2018-04-26 11:31:59','2018-04-26 00:00:00',6,1,NULL,1,NULL,NULL),(425,'PDBS-20180426-001','',6,'2018-04-26 11:32:31','2018-04-26 00:00:00',7,1,NULL,1,NULL,NULL),(426,'PDBS-20180427-001','',6,'2018-04-27 10:44:14','2018-04-27 00:00:00',7,1,NULL,1,NULL,NULL),(427,'PDBY-20180427-001','',6,'2018-04-27 02:53:45','2018-04-27 00:00:00',6,1,NULL,1,NULL,NULL),(428,'PDBS-20180427-002','',6,'2018-04-27 02:54:22','2018-04-27 00:00:00',7,1,NULL,1,NULL,NULL),(429,'PDBS-20180427-003','',6,'2018-04-27 02:55:08','2018-04-27 00:00:00',7,1,NULL,1,NULL,NULL),(430,'PDBY-20180427-002','',6,'2018-04-27 02:56:08','2018-04-27 00:00:00',6,1,NULL,1,NULL,NULL),(431,'PDBS-20180427-004','',6,'2018-04-27 02:56:33','2018-04-27 00:00:00',7,1,NULL,1,NULL,NULL),(432,'PDBY-20180428-001','',6,'2018-04-28 04:25:30','2018-04-28 00:00:00',6,1,NULL,1,NULL,NULL),(433,'PDBS-20180428-001','',6,'2018-04-28 04:26:01','2018-04-28 00:00:00',7,1,NULL,1,NULL,NULL),(434,'PDBY-20180428-002','',6,'2018-04-28 04:26:28','2018-04-28 00:00:00',6,1,NULL,1,NULL,NULL),(435,'PDBY-20180428-003','',6,'2018-04-28 04:26:46','2018-04-28 00:00:00',6,1,NULL,1,NULL,NULL),(436,'PDBS-20180428-002','',6,'2018-04-28 04:27:07','2018-04-28 00:00:00',7,1,NULL,1,NULL,NULL),(437,'PDBS-20180428-003','',6,'2018-04-28 04:27:22','2018-04-28 00:00:00',7,1,NULL,1,NULL,NULL),(438,'KHFH-20180429-001','',1,'2018-04-29 10:37:58','2018-04-29 00:00:00',2,1,NULL,1,NULL,8),(439,'KHFH-20180429-002','',1,'2018-04-29 11:34:06','2018-04-29 00:00:00',2,1,NULL,1,NULL,15),(441,'KHFH-20180429-003','',1,'2018-04-29 11:44:41','2018-04-29 00:00:00',2,1,NULL,1,NULL,9),(442,'KHFH-20180429-004','',1,'2018-04-29 12:03:33','2018-04-29 00:00:00',2,1,NULL,1,NULL,15),(443,'CGDH-20180429-001','',1,'2018-04-29 01:05:03','2018-04-29 00:00:00',0,1,NULL,1,NULL,16),(444,'CGDH-20180429-002','',1,'2018-04-29 01:06:23','2018-04-29 00:00:00',0,1,NULL,1,NULL,16),(445,'WWCH-20180429-001','',1,'2018-04-29 01:07:54','2018-04-29 00:00:00',4,3,NULL,1,NULL,10),(446,'WWDH-20180429-001','',1,'2018-04-29 01:08:21','2018-04-29 00:00:00',5,1,NULL,1,NULL,10),(447,'WWCH-20180429-002','',1,'2018-04-29 01:09:01','2018-04-29 00:00:00',4,3,NULL,1,NULL,10),(448,'WWDH-20180429-002','',1,'2018-04-29 01:09:20','2018-04-29 00:00:00',5,1,NULL,1,NULL,10),(449,'KHFH-20180429-005','',1,'2018-04-29 01:10:02','2018-04-29 00:00:00',2,1,NULL,1,NULL,9),(450,'WWCH-20180429-003','',1,'2018-04-29 01:14:57','2018-04-29 00:00:00',4,3,NULL,1,NULL,10),(451,'WWDH-20180429-003','',1,'2018-04-29 01:15:10','2018-04-29 00:00:00',5,1,NULL,1,NULL,10),(452,'KHFH-20180429-006','',1,'2018-04-29 01:15:45','2018-04-29 00:00:00',2,0,NULL,1,NULL,9),(454,'KHFH-20180429-007','',1,'2018-04-29 01:16:36','2018-04-29 00:00:00',2,1,NULL,1,NULL,9),(455,'KHFH-20180429-008','',1,'2018-04-29 01:18:46','2018-04-29 00:00:00',2,1,NULL,1,NULL,9),(457,'PDBS-20180429-001','',1,'2018-04-29 01:57:47','2018-04-29 00:00:00',7,1,NULL,1,NULL,NULL),(458,'PDBY-20180429-001','',1,'2018-04-29 02:20:22','2018-04-29 00:00:00',6,1,NULL,1,NULL,NULL),(459,'PDBS-20180429-002','',1,'2018-04-29 02:20:41','2018-04-29 00:00:00',7,1,NULL,1,NULL,NULL),(460,'PDBY-20180429-002','',1,'2018-04-29 02:25:45','2018-04-29 00:00:00',6,1,NULL,1,NULL,NULL),(461,'PDBS-20180429-003','',1,'2018-04-29 02:26:06','2018-04-29 00:00:00',7,1,NULL,1,NULL,NULL),(462,'PDBS-20180429-004','',1,'2018-04-29 02:37:04','2018-04-29 00:00:00',7,0,NULL,1,NULL,NULL),(463,'PDBY-20180429-003','',1,'2018-04-29 02:52:41','2018-04-29 00:00:00',6,1,NULL,1,NULL,NULL),(464,'PDBS-20180429-005','',1,'2018-04-29 02:53:04','2018-04-29 00:00:00',7,1,NULL,1,NULL,NULL),(465,'PDBS-20180429-006','',1,'2018-04-29 02:53:21','2018-04-29 00:00:00',7,1,NULL,1,NULL,NULL);

#
# Source for table "batch_flow"
#

DROP TABLE IF EXISTS `batch_flow`;
CREATE TABLE `batch_flow` (
  `Id` int(11) NOT NULL AUTO_INCREMENT,
  `material_id` int(11) NOT NULL DEFAULT '0',
  `serial` varchar(100) NOT NULL DEFAULT '0',
  `type` tinyint(3) NOT NULL DEFAULT '0' COMMENT '0-采购进货 1-采购退货 2-销售出货 3-销售退货 4-生产下料 5-包装入库 6-盘点报溢 7-盘点报损',
  `status` tinyint(3) NOT NULL DEFAULT '0' COMMENT '0-未审核 1-已审核',
  `num_per_box` double(11,2) DEFAULT NULL,
  `box_num` int(11) DEFAULT NULL,
  `number` double(11,2) NOT NULL DEFAULT '0.00',
  `left_number` double(11,2) DEFAULT NULL,
  `direct` tinyint(3) NOT NULL DEFAULT '1',
  `cir_id` int(11) DEFAULT NULL,
  `plan_id` int(11) DEFAULT NULL,
  `room_id` int(11) DEFAULT NULL,
  `priority` int(11) DEFAULT NULL,
  `parent_id` int(11) DEFAULT NULL,
  `surface_id` int(11) DEFAULT NULL,
  `record_id` int(11) DEFAULT NULL,
  PRIMARY KEY (`Id`),
  KEY `fk_flow_cir` (`cir_id`),
  KEY `fk_flow_plan` (`plan_id`),
  KEY `fk_flow_material` (`material_id`),
  KEY `fk_flow_flow` (`parent_id`),
  KEY `fk_flow_room` (`room_id`),
  KEY `fk_flow_surface` (`surface_id`),
  KEY `fk_flow_record` (`record_id`),
  CONSTRAINT `fk_flow_cir` FOREIGN KEY (`cir_id`) REFERENCES `cir` (`Id`),
  CONSTRAINT `fk_flow_flow` FOREIGN KEY (`parent_id`) REFERENCES `batch_flow` (`Id`),
  CONSTRAINT `fk_flow_material` FOREIGN KEY (`material_id`) REFERENCES `material` (`id`),
  CONSTRAINT `fk_flow_plan` FOREIGN KEY (`plan_id`) REFERENCES `plan` (`Id`),
  CONSTRAINT `fk_flow_record` FOREIGN KEY (`record_id`) REFERENCES `ord_record` (`Id`),
  CONSTRAINT `fk_flow_room` FOREIGN KEY (`room_id`) REFERENCES `category` (`Id`),
  CONSTRAINT `fk_flow_surface` FOREIGN KEY (`surface_id`) REFERENCES `step` (`Id`)
) ENGINE=InnoDB AUTO_INCREMENT=505 DEFAULT CHARSET=utf8;

#
# Data for table "batch_flow"
#

INSERT INTO `batch_flow` VALUES (88,37,'CGDH-20180127-001',0,1,NULL,NULL,15.00,15.00,1,131,NULL,18,0,NULL,NULL,NULL),(89,37,'CGDH-20180127-002',0,1,NULL,NULL,5.00,1.00,1,132,NULL,18,0,NULL,NULL,NULL),(91,38,'CGDH-20180127-003',0,1,NULL,NULL,300.00,300.00,1,134,NULL,27,0,NULL,NULL,NULL),(92,37,'CGDH-20180127-002',4,1,NULL,NULL,2.00,0.00,-1,NULL,22,NULL,0,89,NULL,NULL),(93,35,'SCRW-20180127-001-1',5,1,NULL,NULL,2000.00,0.00,1,NULL,22,19,1,NULL,NULL,NULL),(95,35,'SCRW-20180127-001-1',2,0,2000.00,1,2000.00,0.00,-1,144,NULL,NULL,0,93,NULL,NULL),(96,34,'PDBY-20180127-001',6,1,NULL,NULL,1000.00,0.00,1,145,NULL,19,0,NULL,NULL,NULL),(97,34,'PDBY-20180127-001',2,0,NULL,NULL,1000.00,0.00,-1,146,NULL,NULL,0,96,NULL,NULL),(98,34,'PDBY-20180223-001',6,1,200.00,50,10000.00,9000.00,1,147,NULL,19,0,NULL,NULL,NULL),(99,37,'CGDH-20180127-002',7,1,NULL,NULL,2.00,0.00,-1,148,NULL,NULL,0,89,NULL,NULL),(100,81,'PDBY-20180225-001',6,1,NULL,NULL,600.00,200.00,1,149,NULL,39,0,NULL,NULL,NULL),(101,81,'PDBY-20180225-001',7,1,NULL,NULL,400.00,0.00,-1,150,NULL,NULL,0,100,NULL,NULL),(103,81,'PDBY-20180226-001',6,1,50.00,20,1000.00,0.00,1,152,NULL,38,0,NULL,NULL,NULL),(105,81,'PDBY-20180226-001',7,1,50.00,20,1000.00,0.00,-1,154,NULL,NULL,0,103,NULL,NULL),(109,48,'PDBY-20180226-002',6,1,3500.00,49,171500.00,171500.00,1,158,NULL,120,0,NULL,NULL,NULL),(110,34,'PDBY-20180223-001',2,1,200.00,5,1000.00,0.00,-1,159,NULL,NULL,0,98,NULL,NULL),(111,83,'PDBY-20180226-003',6,1,17.00,50,850.00,0.00,1,160,NULL,73,0,NULL,NULL,NULL),(112,83,'PDBY-20180226-004',6,1,32.60,50,1630.00,0.00,1,161,NULL,65,0,NULL,NULL,NULL),(113,84,'PDBY-20180226-005',6,1,26.86,50,1343.00,0.00,1,162,NULL,52,0,NULL,NULL,NULL),(114,84,'PDBY-20180226-006',6,1,11.66,50,583.00,0.00,1,163,NULL,89,0,NULL,NULL,NULL),(115,85,'PDBY-20180226-007',6,1,50.00,31,1550.00,0.00,1,164,NULL,69,0,NULL,NULL,NULL),(116,85,'PDBY-20180226-008',6,1,50.00,17,850.00,0.00,1,165,NULL,68,0,NULL,NULL,NULL),(117,86,'PDBY-20180226-009',6,1,50.00,24,1200.00,1200.00,1,166,NULL,44,0,NULL,NULL,NULL),(118,85,'PDBY-20180226-007',6,1,47.00,1,47.00,0.00,1,164,NULL,69,1,NULL,NULL,NULL),(119,87,'PDBY-20180226-010',6,1,50.00,12,600.00,600.00,1,167,NULL,49,0,NULL,NULL,NULL),(120,87,'PDBY-20180226-010',6,1,35.00,1,35.00,35.00,1,167,NULL,49,1,NULL,NULL,NULL),(121,86,'PDBY-20180226-011',6,1,50.00,16,800.00,800.00,1,168,NULL,43,0,NULL,NULL,NULL),(122,88,'PDBY-20180226-012',6,1,50.00,21,1050.00,1050.00,1,169,NULL,48,0,NULL,NULL,NULL),(123,88,'PDBY-20180226-012',6,1,15.00,1,15.00,15.00,1,169,NULL,48,1,NULL,NULL,NULL),(124,89,'PDBY-20180226-013',6,1,51.20,8,409.60,409.60,1,170,NULL,45,0,NULL,NULL,NULL),(125,83,'PDBY-20180226-003',7,1,17.00,50,850.00,0.00,-1,171,NULL,NULL,0,111,NULL,NULL),(126,34,'KHTH-20180227-001',3,1,200.00,3,600.00,600.00,1,172,NULL,18,0,NULL,NULL,NULL),(127,83,'PDBY-20180226-004',7,1,32.60,50,1630.00,0.00,-1,173,NULL,NULL,0,112,NULL,NULL),(128,85,'PDBY-20180227-001',6,1,52.00,6,312.00,0.00,1,174,NULL,94,0,NULL,NULL,NULL),(129,127,'PDBY-20180227-002',6,1,52.00,8,416.00,416.00,1,175,NULL,98,0,NULL,NULL,NULL),(130,85,'PDBY-20180227-003',6,1,50.00,15,750.00,0.00,1,176,NULL,100,0,NULL,NULL,NULL),(131,85,'PDBY-20180227-003',6,1,42.00,1,42.00,0.00,1,176,NULL,100,1,NULL,NULL,NULL),(132,85,'PDBY-20180227-004',6,1,50.00,9,450.00,0.00,1,177,NULL,102,0,NULL,NULL,NULL),(133,152,'PDBY-20180227-005',6,1,60.00,4,240.00,0.00,1,178,NULL,106,0,NULL,NULL,NULL),(134,154,'PDBY-20180227-006',6,1,50.00,43,2150.00,2150.00,1,179,NULL,105,0,NULL,NULL,NULL),(135,154,'PDBY-20180227-007',6,1,50.00,47,2350.00,2350.00,1,180,NULL,107,0,NULL,NULL,NULL),(136,154,'PDBY-20180227-008',6,1,50.00,26,1300.00,1300.00,1,181,NULL,108,0,NULL,NULL,NULL),(137,181,'PDBY-20180228-001',6,1,50.00,17,850.00,0.00,1,182,NULL,42,0,NULL,NULL,NULL),(138,181,'PDBY-20180228-001',7,1,50.00,17,850.00,0.00,-1,183,NULL,NULL,0,137,NULL,NULL),(139,83,'PDBY-20180228-002',6,1,50.00,23,1150.00,0.00,1,184,NULL,65,0,NULL,NULL,NULL),(140,83,'PDBY-20180228-002',6,1,25.00,1,25.00,0.00,1,184,NULL,65,1,NULL,NULL,NULL),(141,84,'PDBY-20180226-005',7,1,26.86,50,1343.00,0.00,-1,185,NULL,NULL,0,113,NULL,NULL),(142,181,'PDBY-20180301-001',6,1,50.00,21,1050.00,0.00,1,186,NULL,42,0,NULL,NULL,NULL),(143,181,'PDBY-20180301-001',7,1,50.00,21,1050.00,0.00,-1,187,NULL,NULL,0,142,NULL,NULL),(144,181,'PDBY-20180301-002',6,1,50.00,19,950.00,0.00,1,188,NULL,43,0,NULL,NULL,NULL),(145,181,'PDBY-20180301-002',6,1,44.00,1,44.00,0.00,1,188,NULL,43,1,NULL,NULL,NULL),(146,182,'PDBY-20180301-003',6,1,50.00,13,650.00,0.00,1,189,NULL,42,0,NULL,NULL,NULL),(147,182,'PDBY-20180301-003',6,1,34.00,1,34.00,0.00,1,189,NULL,42,1,NULL,NULL,NULL),(148,182,'PDBY-20180301-003',7,1,50.00,13,650.00,0.00,-1,190,NULL,NULL,0,146,NULL,NULL),(149,182,'PDBY-20180301-003',7,1,34.00,1,34.00,0.00,-1,190,NULL,NULL,1,147,NULL,NULL),(150,81,'PDBY-20180301-004',6,1,50.00,32,1600.00,0.00,1,191,NULL,42,0,NULL,NULL,NULL),(151,81,'PDBY-20180301-004',6,1,3.00,1,3.00,0.00,1,191,NULL,42,1,NULL,NULL,NULL),(152,81,'PDBY-20180301-004',7,1,50.00,32,1600.00,0.00,-1,192,NULL,NULL,0,150,NULL,NULL),(153,81,'PDBY-20180301-004',7,1,3.00,1,3.00,0.00,-1,192,NULL,NULL,1,151,NULL,NULL),(154,181,'PDBY-20180301-005',6,1,50.00,7,350.00,0.00,1,193,NULL,42,0,NULL,NULL,NULL),(155,181,'PDBY-20180301-005',7,1,50.00,7,350.00,0.00,-1,194,NULL,NULL,0,154,NULL,NULL),(156,181,'PDBY-20180301-002',7,1,50.00,19,950.00,0.00,-1,195,NULL,NULL,0,144,NULL,NULL),(157,181,'PDBY-20180301-002',7,1,44.00,1,44.00,0.00,-1,195,NULL,NULL,1,145,NULL,NULL),(158,83,'PDBY-20180303-001',6,1,50.00,26,1300.00,0.00,1,196,NULL,42,0,NULL,NULL,NULL),(159,83,'PDBY-20180303-002',6,1,40.00,1,40.00,0.00,1,197,NULL,42,0,NULL,NULL,NULL),(160,83,'PDBY-20180303-002',7,1,40.00,1,40.00,0.00,-1,198,NULL,NULL,0,159,NULL,NULL),(161,83,'PDBY-20180303-001',7,1,50.00,26,1300.00,0.00,-1,198,NULL,NULL,1,158,NULL,NULL),(162,181,'PDBY-20180303-003',6,1,50.00,22,1100.00,0.00,1,199,NULL,42,0,NULL,NULL,NULL),(163,181,'PDBY-20180303-003',6,1,20.00,1,20.00,0.00,1,199,NULL,42,1,NULL,NULL,NULL),(164,181,'PDBY-20180303-003',7,1,50.00,22,1100.00,0.00,-1,200,NULL,NULL,0,162,NULL,NULL),(165,181,'PDBY-20180303-003',7,1,20.00,1,20.00,0.00,-1,200,NULL,NULL,1,163,NULL,NULL),(166,84,'PDBY-20180303-004',6,1,50.00,10,500.00,0.00,1,201,NULL,42,0,NULL,NULL,NULL),(167,84,'PDBY-20180303-004',7,1,50.00,10,500.00,0.00,-1,202,NULL,NULL,0,166,NULL,NULL),(168,181,'PDBY-20180304-001',6,1,50.00,14,700.00,0.00,1,203,NULL,42,0,NULL,NULL,NULL),(169,181,'PDBY-20180304-001',7,1,50.00,14,700.00,0.00,-1,204,NULL,NULL,0,168,NULL,NULL),(170,184,'PDBY-20180304-002',6,1,50.00,27,1350.00,0.00,1,205,NULL,42,0,NULL,NULL,NULL),(171,184,'PDBY-20180304-002',7,1,50.00,27,1350.00,0.00,-1,206,NULL,NULL,0,170,NULL,NULL),(172,186,'PDBY-20180304-003',6,1,50.00,17,850.00,0.00,1,207,NULL,42,0,NULL,NULL,NULL),(173,186,'PDBY-20180304-003',6,1,30.00,1,30.00,0.00,1,207,NULL,42,1,NULL,NULL,NULL),(174,186,'PDBY-20180304-003',7,1,50.00,17,850.00,0.00,-1,208,NULL,NULL,0,172,NULL,NULL),(175,186,'PDBY-20180304-003',7,1,30.00,1,30.00,0.00,-1,208,NULL,NULL,1,173,NULL,NULL),(176,85,'PDBY-20180227-001',7,1,52.00,6,312.00,0.00,-1,209,NULL,NULL,0,128,NULL,NULL),(177,84,'PDBY-20180305-001',6,1,50.00,27,1350.00,0.00,1,210,NULL,42,0,NULL,NULL,NULL),(178,84,'PDBY-20180305-001',7,1,50.00,27,1350.00,0.00,-1,211,NULL,NULL,0,177,NULL,NULL),(179,81,'PDBY-20180305-002',6,1,50.00,21,1050.00,0.00,1,212,NULL,42,0,NULL,NULL,NULL),(180,81,'PDBY-20180305-002',6,1,22.00,1,22.00,0.00,1,212,NULL,42,1,NULL,NULL,NULL),(181,81,'PDBY-20180305-002',7,1,50.00,21,1050.00,0.00,-1,213,NULL,NULL,0,179,NULL,NULL),(182,81,'PDBY-20180305-002',7,1,22.00,1,22.00,0.00,-1,213,NULL,NULL,1,180,NULL,NULL),(183,82,'PDBY-20180305-003',6,1,50.00,36,1800.00,0.00,1,214,NULL,42,0,NULL,NULL,NULL),(184,82,'PDBY-20180305-003',6,1,41.00,1,41.00,0.00,1,214,NULL,42,1,NULL,NULL,NULL),(185,85,'PDBY-20180227-004',7,1,50.00,9,450.00,0.00,-1,215,NULL,NULL,0,132,NULL,NULL),(186,85,'PDBY-20180226-007',7,1,50.00,31,1550.00,0.00,-1,216,NULL,NULL,0,115,NULL,NULL),(187,85,'PDBY-20180226-007',7,1,47.00,1,47.00,0.00,-1,217,NULL,NULL,0,118,NULL,NULL),(188,83,'PDBY-20180306-001',6,1,50.00,17,850.00,0.00,1,218,NULL,42,0,NULL,NULL,NULL),(189,83,'PDBY-20180306-001',7,1,50.00,17,850.00,0.00,-1,219,NULL,NULL,0,188,NULL,NULL),(190,39,'CGDH-20180307-001',0,1,NULL,NULL,1000.00,90.00,1,220,NULL,18,0,NULL,NULL,NULL),(191,39,'CGDH-20180307-001',4,1,NULL,NULL,800.00,0.00,-1,NULL,32,NULL,0,190,NULL,NULL),(192,36,'SCRW-20180307-003-1',5,1,500.00,1,500.00,470.00,1,NULL,32,19,1,NULL,NULL,NULL),(193,181,'PDBY-20180307-001',6,1,50.00,57,2850.00,0.00,1,221,NULL,42,0,NULL,NULL,NULL),(194,181,'PDBY-20180307-001',6,1,34.00,1,34.00,0.00,1,221,NULL,42,1,NULL,NULL,NULL),(195,181,'PDBY-20180307-001',7,1,50.00,57,2850.00,0.00,-1,222,NULL,NULL,0,193,NULL,NULL),(196,181,'PDBY-20180307-001',7,1,34.00,1,34.00,0.00,-1,222,NULL,NULL,1,194,NULL,NULL),(197,84,'PDBY-20180307-002',6,1,50.00,27,1350.00,0.00,1,223,NULL,42,0,NULL,NULL,NULL),(198,84,'PDBY-20180307-002',7,1,50.00,27,1350.00,0.00,-1,224,NULL,NULL,0,197,NULL,NULL),(199,152,'PDBY-20180227-005',7,1,60.00,4,240.00,0.00,-1,225,NULL,NULL,0,133,NULL,NULL),(200,83,'PDBY-20180228-002',7,1,50.00,23,1150.00,0.00,-1,226,NULL,NULL,0,139,NULL,NULL),(201,83,'PDBY-20180228-002',7,1,25.00,1,25.00,0.00,-1,226,NULL,NULL,1,140,NULL,NULL),(202,184,'PDBY-20180308-001',6,1,50.00,37,1850.00,0.00,1,227,NULL,53,0,NULL,NULL,NULL),(203,81,'PDBY-20180309-001',6,1,50.00,49,2450.00,0.00,1,228,NULL,42,0,NULL,NULL,NULL),(204,81,'PDBY-20180309-001',6,1,34.00,1,34.00,0.00,1,228,NULL,42,1,NULL,NULL,NULL),(205,81,'PDBY-20180309-001',7,1,50.00,49,2450.00,0.00,-1,229,NULL,NULL,0,203,NULL,NULL),(206,81,'PDBY-20180309-001',7,1,34.00,1,34.00,0.00,-1,229,NULL,NULL,1,204,NULL,NULL),(207,84,'PDBY-20180226-006',7,1,11.66,50,583.00,0.00,-1,230,NULL,NULL,0,114,NULL,NULL),(208,83,'PDBY-20180310-001',6,1,50.00,24,1200.00,0.00,1,231,NULL,42,0,NULL,NULL,NULL),(209,83,'PDBY-20180310-001',6,1,30.00,1,30.00,0.00,1,231,NULL,42,1,NULL,NULL,NULL),(210,83,'PDBY-20180310-001',7,1,50.00,24,1200.00,0.00,-1,232,NULL,NULL,0,208,NULL,NULL),(211,83,'PDBY-20180310-001',7,1,30.00,1,30.00,0.00,-1,232,NULL,NULL,1,209,NULL,NULL),(212,154,'PDBY-20180310-002',6,1,50.00,24,1200.00,1200.00,1,233,NULL,102,0,NULL,NULL,NULL),(213,184,'PDBY-20180310-003',6,1,50.00,17,850.00,0.00,1,234,NULL,52,0,NULL,NULL,NULL),(214,187,'PDBY-20180310-004',6,1,72.00,2,144.00,0.00,1,235,NULL,42,0,NULL,NULL,NULL),(215,187,'PDBY-20180310-004',7,1,72.00,2,144.00,0.00,-1,236,NULL,NULL,0,214,NULL,NULL),(216,181,'PDBY-20180311-001',6,1,50.00,22,1100.00,0.00,1,237,NULL,42,0,NULL,NULL,NULL),(217,181,'PDBY-20180311-001',7,1,50.00,22,1100.00,0.00,-1,238,NULL,NULL,0,216,NULL,NULL),(218,187,'PDBY-20180311-002',6,1,50.00,10,500.00,0.00,1,239,NULL,42,0,NULL,NULL,NULL),(219,187,'PDBY-20180311-002',6,1,10.00,1,10.00,0.00,1,239,NULL,42,1,NULL,NULL,NULL),(220,187,'PDBY-20180311-002',7,1,50.00,10,500.00,0.00,-1,240,NULL,NULL,0,218,NULL,NULL),(221,187,'PDBY-20180311-002',7,1,10.00,1,10.00,0.00,-1,240,NULL,NULL,1,219,NULL,NULL),(222,188,'PDBY-20180311-003',6,1,50.00,19,950.00,0.00,1,241,NULL,42,0,NULL,NULL,NULL),(223,188,'PDBY-20180311-003',7,1,50.00,19,950.00,0.00,-1,242,NULL,NULL,0,222,NULL,NULL),(224,189,'PDBY-20180311-004',6,1,2770.00,1,2770.00,0.00,1,243,NULL,42,0,NULL,NULL,NULL),(225,189,'PDBY-20180311-004',7,1,2770.00,1,2770.00,0.00,-1,244,NULL,NULL,0,224,NULL,NULL),(226,181,'PDBY-20180313-001',6,1,50.00,22,1100.00,0.00,1,245,NULL,42,0,NULL,NULL,NULL),(227,181,'PDBY-20180313-001',7,1,50.00,22,1100.00,0.00,-1,246,NULL,NULL,0,226,NULL,NULL),(228,187,'PDBY-20180313-002',6,1,50.00,16,800.00,0.00,1,247,NULL,42,0,NULL,NULL,NULL),(229,187,'PDBY-20180313-002',6,1,31.00,1,31.00,0.00,1,247,NULL,42,1,NULL,NULL,NULL),(230,187,'PDBY-20180313-002',7,1,50.00,16,800.00,0.00,-1,248,NULL,NULL,0,228,NULL,NULL),(231,187,'PDBY-20180313-002',7,1,31.00,1,31.00,0.00,-1,248,NULL,NULL,1,229,NULL,NULL),(232,188,'PDBY-20180313-003',6,1,50.00,29,1450.00,0.00,1,249,NULL,42,0,NULL,NULL,NULL),(233,188,'PDBY-20180313-003',6,1,34.00,1,34.00,0.00,1,249,NULL,42,1,NULL,NULL,NULL),(234,188,'PDBY-20180313-003',7,1,50.00,29,1450.00,0.00,-1,250,NULL,NULL,0,232,NULL,NULL),(235,188,'PDBY-20180313-003',7,1,34.00,1,34.00,0.00,-1,250,NULL,NULL,1,233,NULL,NULL),(236,189,'PDBY-20180313-004',6,1,2358.00,1,2358.00,0.00,1,251,NULL,42,0,NULL,NULL,NULL),(237,84,'PDBY-20180313-005',6,1,50.00,11,550.00,0.00,1,252,NULL,42,0,NULL,NULL,NULL),(238,84,'PDBY-20180313-005',7,1,50.00,11,550.00,0.00,-1,253,NULL,NULL,0,237,NULL,NULL),(239,188,'PDBY-20180314-001',6,1,50.00,19,950.00,0.00,1,254,NULL,62,0,NULL,NULL,NULL),(240,81,'PDBY-20180314-002',6,1,50.00,21,1050.00,0.00,1,255,NULL,42,0,NULL,NULL,NULL),(241,81,'PDBY-20180314-002',6,1,30.00,1,30.00,0.00,1,255,NULL,42,1,NULL,NULL,NULL),(242,81,'PDBY-20180314-002',7,1,50.00,21,1050.00,0.00,-1,256,NULL,NULL,0,240,NULL,NULL),(243,81,'PDBY-20180314-002',7,1,30.00,1,30.00,0.00,-1,256,NULL,NULL,1,241,NULL,NULL),(244,83,'PDBY-20180314-003',6,1,50.00,22,1100.00,0.00,1,257,NULL,42,0,NULL,NULL,NULL),(245,83,'PDBY-20180314-003',6,1,60.00,1,60.00,0.00,1,257,NULL,42,1,NULL,NULL,NULL),(246,181,'PDBY-20180314-004',6,1,50.00,23,1150.00,0.00,1,258,NULL,42,0,NULL,NULL,NULL),(247,83,'PDBY-20180314-003',7,1,50.00,22,1100.00,0.00,-1,259,NULL,NULL,0,244,NULL,NULL),(248,83,'PDBY-20180314-003',7,1,60.00,1,60.00,0.00,-1,259,NULL,NULL,1,245,NULL,NULL),(249,181,'PDBY-20180314-004',7,1,50.00,23,1150.00,0.00,-1,260,NULL,NULL,0,246,NULL,NULL),(250,84,'PDBY-20180316-001',6,1,50.00,38,1900.00,0.00,1,261,NULL,42,0,NULL,NULL,NULL),(251,84,'PDBY-20180316-001',7,1,50.00,38,1900.00,0.00,-1,262,NULL,NULL,0,250,NULL,NULL),(252,189,'PDBY-20180316-002',6,1,697.00,1,697.00,697.00,1,263,NULL,42,0,NULL,NULL,NULL),(253,85,'PDBY-20180226-008',7,1,50.00,17,850.00,0.00,-1,264,NULL,NULL,0,116,NULL,NULL),(254,85,'PDBY-20180227-003',7,1,50.00,15,750.00,0.00,-1,265,NULL,NULL,0,130,NULL,NULL),(255,85,'PDBY-20180227-003',7,1,42.00,1,42.00,0.00,-1,265,NULL,NULL,1,131,NULL,NULL),(256,81,'PDBY-20180316-003',6,1,50.00,22,1100.00,0.00,1,266,NULL,42,0,NULL,NULL,NULL),(257,81,'PDBY-20180316-003',6,1,29.00,1,29.00,0.00,1,266,NULL,42,1,NULL,NULL,NULL),(258,81,'PDBY-20180316-003',7,1,50.00,22,1100.00,0.00,-1,267,NULL,NULL,0,256,NULL,NULL),(259,81,'PDBY-20180316-003',7,1,29.00,1,29.00,0.00,-1,267,NULL,NULL,1,257,NULL,NULL),(260,182,'PDBY-20180316-004',6,1,21.00,50,1050.00,0.00,1,268,NULL,63,0,NULL,NULL,NULL),(261,182,'PDBY-20180316-004',6,1,13.00,1,13.00,0.00,1,268,NULL,63,1,NULL,NULL,NULL),(262,82,'PDBY-20180305-003',7,1,50.00,36,1800.00,0.00,-1,269,NULL,NULL,0,183,NULL,NULL),(263,82,'PDBY-20180305-003',7,1,41.00,1,41.00,0.00,-1,269,NULL,NULL,1,184,NULL,NULL),(264,82,'PDBY-20180316-005',6,1,50.00,11,550.00,0.00,1,270,NULL,42,0,NULL,NULL,NULL),(265,82,'PDBY-20180316-005',6,1,29.00,1,29.00,0.00,1,270,NULL,42,1,NULL,NULL,NULL),(266,82,'PDBY-20180316-005',7,1,50.00,11,550.00,0.00,-1,271,NULL,NULL,0,264,NULL,NULL),(267,82,'PDBY-20180316-005',7,1,29.00,1,29.00,0.00,-1,271,NULL,NULL,1,265,NULL,NULL),(268,181,'PDBY-20180316-006',6,1,50.00,19,950.00,0.00,1,272,NULL,42,0,NULL,NULL,NULL),(269,181,'PDBY-20180316-006',7,1,50.00,19,950.00,0.00,-1,273,NULL,NULL,0,268,NULL,NULL),(270,83,'PDBY-20180316-007',6,1,50.00,25,1250.00,0.00,1,274,NULL,42,0,NULL,NULL,NULL),(271,83,'PDBY-20180316-007',7,1,50.00,25,1250.00,0.00,-1,275,NULL,NULL,0,270,NULL,NULL),(272,189,'PDBY-20180313-004',7,1,2358.00,1,2358.00,0.00,-1,276,NULL,NULL,0,236,NULL,NULL),(273,181,'PDBY-20180317-001',6,1,50.00,25,1250.00,0.00,1,277,NULL,42,0,NULL,NULL,NULL),(274,181,'PDBY-20180317-001',7,1,50.00,25,1250.00,0.00,-1,278,NULL,NULL,0,273,NULL,NULL),(275,84,'PDBY-20180317-002',6,1,50.00,20,1000.00,0.00,1,279,NULL,42,0,NULL,NULL,NULL),(276,84,'PDBY-20180317-003',6,1,50.00,19,950.00,0.00,1,280,NULL,42,0,NULL,NULL,NULL),(277,84,'PDBY-20180317-003',6,1,25.00,1,25.00,0.00,1,280,NULL,42,1,NULL,NULL,NULL),(278,81,'PDBY-20180317-004',6,1,50.00,46,2300.00,0.00,1,281,NULL,42,0,NULL,NULL,NULL),(279,81,'PDBY-20180317-004',6,1,34.00,1,34.00,34.00,1,281,NULL,42,1,NULL,NULL,NULL),(280,82,'PDBY-20180317-005',6,1,50.00,20,1000.00,0.00,1,282,NULL,42,0,NULL,NULL,NULL),(281,82,'PDBY-20180317-005',6,1,36.00,1,36.00,0.00,1,282,NULL,42,1,NULL,NULL,NULL),(282,82,'PDBY-20180317-005',7,1,50.00,20,1000.00,0.00,-1,283,NULL,NULL,0,280,NULL,NULL),(283,82,'PDBY-20180317-005',7,1,36.00,1,36.00,0.00,-1,283,NULL,NULL,1,281,NULL,NULL),(284,187,'PDBY-20180317-006',6,1,50.00,9,450.00,0.00,1,284,NULL,42,0,NULL,NULL,NULL),(285,187,'PDBY-20180317-006',6,1,21.00,1,21.00,0.00,1,284,NULL,42,1,NULL,NULL,NULL),(286,187,'PDBY-20180317-006',7,1,50.00,9,450.00,0.00,-1,285,NULL,NULL,0,284,NULL,NULL),(287,187,'PDBY-20180317-006',7,1,21.00,1,21.00,0.00,-1,285,NULL,NULL,1,285,NULL,NULL),(288,83,'PDBY-20180317-007',6,1,50.00,21,1050.00,0.00,1,286,NULL,42,0,NULL,NULL,NULL),(289,83,'PDBY-20180317-007',6,1,35.00,1,35.00,0.00,1,286,NULL,42,1,NULL,NULL,NULL),(290,181,'PDBY-20180317-008',6,1,50.00,15,750.00,0.00,1,287,NULL,42,0,NULL,NULL,NULL),(291,83,'PDBY-20180317-007',7,1,50.00,21,1050.00,0.00,-1,288,NULL,NULL,0,288,NULL,NULL),(292,83,'PDBY-20180317-007',7,1,35.00,1,35.00,0.00,-1,288,NULL,NULL,1,289,NULL,NULL),(293,181,'PDBY-20180317-008',7,1,50.00,15,750.00,0.00,-1,289,NULL,NULL,0,290,NULL,NULL),(294,84,'PDBY-20180318-001',6,1,50.00,11,550.00,550.00,1,290,NULL,42,0,NULL,NULL,NULL),(295,81,'PDBY-20180318-002',6,1,50.00,21,1050.00,0.00,1,291,NULL,42,0,NULL,NULL,NULL),(296,81,'PDBY-20180318-002',6,1,25.00,1,25.00,0.00,1,291,NULL,42,1,NULL,NULL,NULL),(297,190,'PDBY-20180318-003',6,1,50.00,16,800.00,0.00,1,292,NULL,42,0,NULL,NULL,NULL),(298,188,'PDBY-20180318-004',6,1,50.00,17,850.00,0.00,1,293,NULL,42,0,NULL,NULL,NULL),(299,188,'PDBY-20180318-004',6,1,20.00,1,20.00,0.00,1,293,NULL,42,1,NULL,NULL,NULL),(300,84,'PDBY-20180318-005',6,1,50.00,34,1700.00,0.00,1,294,NULL,42,0,NULL,NULL,NULL),(301,83,'PDBY-20180319-001',6,1,50.00,21,1050.00,0.00,1,295,NULL,42,0,NULL,NULL,NULL),(302,83,'PDBY-20180319-001',6,1,5.00,1,5.00,0.00,1,295,NULL,42,1,NULL,NULL,NULL),(303,83,'PDBY-20180319-001',7,1,50.00,21,1050.00,0.00,-1,296,NULL,NULL,0,301,NULL,NULL),(304,83,'PDBY-20180319-001',7,1,5.00,1,5.00,0.00,-1,296,NULL,NULL,1,302,NULL,NULL),(305,181,'PDBY-20180319-002',6,1,50.00,20,1000.00,0.00,1,297,NULL,42,0,NULL,NULL,NULL),(306,181,'PDBY-20180319-002',6,1,30.00,1,30.00,0.00,1,297,NULL,42,1,NULL,NULL,NULL),(307,181,'PDBY-20180319-002',7,1,50.00,20,1000.00,0.00,-1,298,NULL,NULL,0,305,NULL,NULL),(308,181,'PDBY-20180319-002',7,1,30.00,1,30.00,0.00,-1,298,NULL,NULL,1,306,NULL,NULL),(309,188,'PDBY-20180314-001',7,1,50.00,19,950.00,0.00,-1,299,NULL,NULL,0,239,NULL,NULL),(310,84,'PDBY-20180320-001',6,1,50.00,26,1300.00,1300.00,1,300,NULL,83,0,NULL,NULL,NULL),(311,181,'PDBY-20180320-002',6,1,50.00,12,600.00,0.00,1,301,NULL,42,0,NULL,NULL,NULL),(312,181,'PDBY-20180320-002',6,1,3.00,1,3.00,0.00,1,301,NULL,42,1,NULL,NULL,NULL),(313,181,'PDBY-20180320-003',6,1,50.00,1,50.00,0.00,1,302,NULL,42,0,NULL,NULL,NULL),(314,181,'PDBY-20180320-002',7,1,50.00,12,600.00,0.00,-1,303,NULL,NULL,0,311,NULL,NULL),(315,181,'PDBY-20180320-002',7,1,3.00,1,3.00,0.00,-1,303,NULL,NULL,1,312,NULL,NULL),(316,181,'PDBY-20180320-003',7,1,50.00,1,50.00,0.00,-1,303,NULL,NULL,2,313,NULL,NULL),(317,190,'PDBY-20180320-004',6,1,50.00,24,1200.00,0.00,1,304,NULL,42,0,NULL,NULL,NULL),(318,190,'PDBY-20180320-004',6,1,30.00,1,30.00,0.00,1,304,NULL,42,1,NULL,NULL,NULL),(319,188,'PDBY-20180320-005',6,1,50.00,14,700.00,700.00,1,305,NULL,73,0,NULL,NULL,NULL),(320,188,'PDBY-20180320-005',6,1,71.00,1,71.00,71.00,1,305,NULL,73,1,NULL,NULL,NULL),(321,82,'PDBY-20180320-006',6,1,50.00,43,2150.00,0.00,1,306,NULL,42,0,NULL,NULL,NULL),(322,82,'PDBY-20180320-006',6,1,6.00,1,6.00,0.00,1,306,NULL,42,1,NULL,NULL,NULL),(323,82,'PDBY-20180320-006',7,1,50.00,43,2150.00,0.00,-1,307,NULL,NULL,0,321,NULL,NULL),(324,82,'PDBY-20180320-006',7,1,6.00,1,6.00,0.00,-1,307,NULL,NULL,1,322,NULL,NULL),(325,83,'PDBY-20180320-007',6,1,50.00,24,1200.00,0.00,1,308,NULL,42,0,NULL,NULL,NULL),(326,83,'PDBY-20180320-007',6,1,25.00,1,25.00,0.00,1,308,NULL,42,1,NULL,NULL,NULL),(327,83,'PDBY-20180320-007',7,1,50.00,24,1200.00,0.00,-1,309,NULL,NULL,0,325,NULL,NULL),(328,83,'PDBY-20180320-007',7,1,25.00,1,25.00,0.00,-1,309,NULL,NULL,1,326,NULL,NULL),(329,83,'PDBY-20180321-001',6,1,50.00,14,700.00,0.00,1,310,NULL,42,0,NULL,NULL,NULL),(330,188,'PDBY-20180318-004',7,1,50.00,17,850.00,0.00,-1,311,NULL,NULL,0,298,NULL,NULL),(331,188,'PDBY-20180318-004',7,1,20.00,1,20.00,0.00,-1,311,NULL,NULL,1,299,NULL,NULL),(332,81,'PDBY-20180317-004',7,1,50.00,46,2300.00,0.00,-1,312,NULL,NULL,0,278,NULL,NULL),(333,84,'PDBY-20180321-002',6,1,50.00,33,1650.00,1650.00,1,313,NULL,42,0,NULL,NULL,NULL),(334,181,'PDBY-20180321-003',6,1,50.00,26,1300.00,0.00,1,314,NULL,42,0,NULL,NULL,NULL),(335,181,'PDBY-20180321-003',6,1,12.00,1,12.00,12.00,1,314,NULL,42,1,NULL,NULL,NULL),(336,81,'PDBY-20180318-002',7,1,50.00,21,1050.00,0.00,-1,315,NULL,NULL,0,295,NULL,NULL),(337,81,'PDBY-20180318-002',7,1,25.00,1,25.00,0.00,-1,315,NULL,NULL,1,296,NULL,NULL),(338,84,'PDBY-20180324-001',6,1,50.00,41,2050.00,0.00,1,316,NULL,42,0,NULL,NULL,NULL),(339,84,'PDBY-20180324-002',6,1,50.00,14,700.00,0.00,1,317,NULL,42,0,NULL,NULL,NULL),(340,181,'PDBY-20180324-003',6,1,50.00,37,1850.00,1850.00,1,318,NULL,42,0,NULL,NULL,NULL),(341,181,'PDBY-20180324-003',6,1,24.00,1,24.00,24.00,1,318,NULL,42,1,NULL,NULL,NULL),(342,190,'PDBY-20180324-004',6,1,959.00,1,959.00,0.00,1,319,NULL,42,0,NULL,NULL,NULL),(343,190,'PDBY-20180324-004',7,1,959.00,1,959.00,0.00,-1,320,NULL,NULL,0,342,NULL,NULL),(344,188,'PDBY-20180324-005',6,1,50.00,12,600.00,600.00,1,321,NULL,42,0,NULL,NULL,NULL),(345,188,'PDBY-20180324-005',6,1,37.00,1,37.00,37.00,1,321,NULL,42,1,NULL,NULL,NULL),(346,82,'PDBY-20180324-006',6,1,1763.00,1,1763.00,0.00,1,322,NULL,42,0,NULL,NULL,NULL),(347,82,'PDBY-20180324-006',7,1,1763.00,1,1763.00,0.00,-1,323,NULL,NULL,0,346,NULL,NULL),(348,190,'PDBY-20180324-007',6,1,906.00,1,906.00,0.00,1,324,NULL,42,0,NULL,NULL,NULL),(349,188,'PDBY-20180324-008',6,1,50.00,15,750.00,750.00,1,325,NULL,42,0,NULL,NULL,NULL),(350,188,'PDBY-20180324-008',6,1,30.00,1,30.00,30.00,1,325,NULL,42,1,NULL,NULL,NULL),(351,181,'PDBY-20180324-009',6,1,50.00,14,700.00,700.00,1,326,NULL,42,0,NULL,NULL,NULL),(352,181,'PDBY-20180324-009',6,1,70.00,1,70.00,70.00,1,326,NULL,42,1,NULL,NULL,NULL),(353,190,'PDBY-20180324-010',6,1,50.00,34,1700.00,0.00,1,327,NULL,42,0,NULL,NULL,NULL),(354,190,'PDBY-20180324-010',6,1,39.00,1,39.00,0.00,1,327,NULL,42,1,NULL,NULL,NULL),(355,190,'PDBY-20180324-010',7,1,50.00,34,1700.00,0.00,-1,328,NULL,NULL,0,353,NULL,NULL),(356,190,'PDBY-20180324-010',7,1,39.00,1,39.00,0.00,-1,328,NULL,NULL,1,354,NULL,NULL),(357,82,'PDBY-20180324-011',6,1,811.00,1,811.00,0.00,1,329,NULL,42,0,NULL,NULL,NULL),(358,82,'PDBY-20180324-011',7,1,811.00,1,811.00,0.00,-1,330,NULL,NULL,0,357,NULL,NULL),(359,188,'PDBY-20180324-012',6,1,874.00,1,874.00,0.00,1,331,NULL,42,0,NULL,NULL,NULL),(360,188,'PDBY-20180324-012',7,1,874.00,1,874.00,0.00,-1,332,NULL,NULL,0,359,NULL,NULL),(361,187,'PDBY-20180324-013',6,1,210.00,1,210.00,0.00,1,333,NULL,42,0,NULL,NULL,NULL),(362,190,'PDBY-20180318-003',7,1,50.00,16,800.00,0.00,-1,334,NULL,NULL,0,297,NULL,NULL),(363,190,'PDBY-20180320-004',7,1,50.00,24,1200.00,0.00,-1,335,NULL,NULL,0,317,NULL,NULL),(364,190,'PDBY-20180320-004',7,1,30.00,1,30.00,0.00,-1,335,NULL,NULL,1,318,NULL,NULL),(365,182,'PDBY-20180316-004',7,1,21.00,50,1050.00,0.00,-1,336,NULL,NULL,0,260,NULL,NULL),(366,182,'PDBY-20180316-004',7,1,13.00,1,13.00,0.00,-1,336,NULL,NULL,1,261,NULL,NULL),(367,84,'PDBY-20180330-001',6,1,500.00,1,500.00,0.00,1,337,NULL,42,0,NULL,NULL,NULL),(368,84,'PDBY-20180330-001',7,1,500.00,1,500.00,0.00,-1,338,NULL,NULL,0,367,NULL,NULL),(369,84,'PDBY-20180330-002',6,1,50.00,50,2500.00,0.00,1,339,NULL,42,0,NULL,NULL,NULL),(370,84,'PDBY-20180330-003',6,1,823.00,1,823.00,823.00,1,340,NULL,42,0,NULL,NULL,NULL),(371,183,'PDBY-20180330-004',6,1,2219.00,1,2219.00,0.00,1,341,NULL,42,0,NULL,NULL,NULL),(372,81,'PDBY-20180330-005',6,1,2189.00,1,2189.00,0.00,1,342,NULL,42,0,NULL,NULL,NULL),(373,81,'PDBY-20180330-005',7,1,2189.00,1,2189.00,0.00,-1,343,NULL,NULL,0,372,NULL,NULL),(374,181,'PDBY-20180330-006',6,1,2009.00,1,2009.00,0.00,1,344,NULL,42,0,NULL,NULL,NULL),(375,187,'PDBY-20180330-007',6,1,708.00,1,708.00,0.00,1,345,NULL,42,0,NULL,NULL,NULL),(376,182,'PDBY-20180330-008',6,1,994.00,1,994.00,0.00,1,346,NULL,42,0,NULL,NULL,NULL),(377,181,'PDBY-20180330-006',7,1,2009.00,1,2009.00,0.00,-1,347,NULL,NULL,0,374,NULL,NULL),(378,181,'PDBY-20180330-009',6,1,1969.00,1,1969.00,0.00,1,348,NULL,42,0,NULL,NULL,NULL),(379,181,'PDBY-20180330-009',7,1,1969.00,1,1969.00,0.00,-1,349,NULL,NULL,0,378,NULL,NULL),(380,188,'PDBY-20180330-010',6,1,1996.00,1,1996.00,0.00,1,350,NULL,42,0,NULL,NULL,NULL),(381,188,'PDBY-20180330-010',7,1,1996.00,1,1996.00,0.00,-1,351,NULL,NULL,0,380,NULL,NULL),(382,181,'PDBY-20180330-011',6,1,1637.00,1,1637.00,0.00,1,352,NULL,42,0,NULL,NULL,NULL),(383,85,'PDBY-20180330-012',6,1,840.00,1,840.00,840.00,1,353,NULL,42,0,NULL,NULL,NULL),(384,82,'PDBY-20180330-013',6,1,526.00,1,526.00,0.00,1,354,NULL,42,0,NULL,NULL,NULL),(385,190,'PDBY-20180330-014',6,1,1427.00,1,1427.00,0.00,1,355,NULL,42,0,NULL,NULL,NULL),(386,188,'PDBY-20180330-015',6,1,1679.00,1,1679.00,1679.00,1,356,NULL,42,0,NULL,NULL,NULL),(387,181,'PDBY-20180330-016',6,1,1864.00,1,1864.00,0.00,1,357,NULL,42,0,NULL,NULL,NULL),(388,85,'PDBY-20180330-017',6,1,397.00,1,397.00,397.00,1,358,NULL,42,0,NULL,NULL,NULL),(389,181,'PDBY-20180330-011',7,1,1637.00,1,1637.00,0.00,-1,359,NULL,NULL,0,382,NULL,NULL),(390,183,'PDBY-20180330-004',7,1,2219.00,1,2219.00,0.00,-1,360,NULL,NULL,0,371,NULL,NULL),(391,84,'PDBY-20180402-001',6,1,650.00,1,650.00,0.00,1,361,NULL,42,0,NULL,NULL,NULL),(392,81,'PDBY-20180402-002',6,1,1053.00,1,1053.00,0.00,1,362,NULL,42,0,NULL,NULL,NULL),(393,81,'PDBY-20180402-002',7,1,1053.00,1,1053.00,0.00,-1,363,NULL,NULL,0,392,NULL,NULL),(394,82,'PDBY-20180402-003',6,1,2563.00,1,2563.00,0.00,1,364,NULL,42,0,NULL,NULL,NULL),(395,82,'PDBY-20180402-003',7,1,2563.00,1,2563.00,0.00,-1,365,NULL,NULL,0,394,NULL,NULL),(396,82,'PDBY-20180330-013',7,1,526.00,1,526.00,0.00,-1,366,NULL,NULL,0,384,NULL,NULL),(397,181,'PDBY-20180402-004',6,1,1966.00,1,1966.00,0.00,1,367,NULL,42,0,NULL,NULL,NULL),(398,181,'PDBY-20180402-004',7,1,1966.00,1,1966.00,0.00,-1,368,NULL,NULL,0,397,NULL,NULL),(399,181,'PDBY-20180402-005',6,1,50.00,21,1050.00,0.00,1,369,NULL,42,0,NULL,NULL,NULL),(400,181,'PDBY-20180402-005',6,1,50.00,42,2100.00,0.00,1,369,NULL,42,1,NULL,NULL,NULL),(401,182,'PDBY-20180330-008',7,1,994.00,1,994.00,0.00,-1,370,NULL,NULL,0,376,NULL,NULL),(402,83,'PDBY-20180321-001',7,1,50.00,14,700.00,0.00,-1,371,NULL,NULL,0,329,NULL,NULL),(403,83,'PDBY-20180402-006',6,1,1251.00,1,1251.00,0.00,1,372,NULL,42,0,NULL,NULL,NULL),(404,83,'PDBY-20180402-006',7,1,1251.00,1,1251.00,0.00,-1,373,NULL,NULL,0,403,NULL,NULL),(405,84,'PDBY-20180330-002',7,1,50.00,50,2500.00,0.00,-1,374,NULL,NULL,0,369,NULL,NULL),(406,181,'PDBY-20180402-005',7,1,50.00,42,2100.00,0.00,-1,375,NULL,NULL,0,400,NULL,NULL),(407,181,'PDBY-20180402-005',7,1,50.00,21,1050.00,0.00,-1,376,NULL,NULL,0,399,NULL,NULL),(408,181,'PDBY-20180321-003',7,1,50.00,26,1300.00,0.00,-1,377,NULL,NULL,0,334,NULL,NULL),(409,83,'PDBY-20180403-001',6,1,1270.00,1,1270.00,0.00,1,378,NULL,42,0,NULL,NULL,NULL),(410,83,'PDBY-20180403-001',7,1,1270.00,1,1270.00,0.00,-1,379,NULL,NULL,0,409,NULL,NULL),(411,81,'PDBY-20180404-001',6,1,3725.00,1,3725.00,0.00,1,380,NULL,42,0,NULL,NULL,NULL),(412,81,'PDBY-20180404-001',7,1,3725.00,1,3725.00,0.00,-1,381,NULL,NULL,0,411,NULL,NULL),(413,181,'PDBY-20180404-002',6,1,1690.00,1,1690.00,0.00,1,382,NULL,64,0,NULL,NULL,NULL),(414,83,'PDBY-20180406-001',6,1,1185.00,1,1185.00,0.00,1,383,NULL,42,0,NULL,NULL,NULL),(415,83,'PDBY-20180406-001',7,1,1185.00,1,1185.00,0.00,-1,384,NULL,NULL,0,414,NULL,NULL),(416,193,'PDBY-20180406-002',6,1,963.00,1,963.00,0.00,1,385,NULL,42,0,NULL,NULL,NULL),(417,193,'PDBY-20180406-002',7,1,963.00,1,963.00,0.00,-1,386,NULL,NULL,0,416,NULL,NULL),(418,81,'PDBY-20180406-003',6,1,1384.00,1,1384.00,0.00,1,387,NULL,42,0,NULL,NULL,NULL),(419,81,'PDBY-20180406-003',7,1,1384.00,1,1384.00,0.00,-1,388,NULL,NULL,0,418,NULL,NULL),(420,39,'CGDH-20180307-001',4,1,NULL,NULL,100.00,0.00,-1,NULL,33,NULL,0,190,NULL,NULL),(421,39,'CGDH-20180307-001',4,1,NULL,NULL,10.00,0.00,-1,NULL,34,NULL,0,190,NULL,NULL),(422,218,'CGDH-20180415-001',0,1,NULL,NULL,300.00,0.00,1,391,NULL,27,0,NULL,NULL,NULL),(423,218,'CGDH-20180415-001',4,1,NULL,NULL,300.00,0.00,-1,NULL,35,NULL,0,422,NULL,NULL),(424,218,'CGDH-20180415-002',0,1,NULL,NULL,250.00,0.00,1,394,NULL,27,0,NULL,NULL,NULL),(425,181,'PDBY-20180404-002',7,1,1690.00,1,1690.00,0.00,-1,395,NULL,NULL,0,413,NULL,NULL),(426,184,'PDBY-20180310-003',7,1,50.00,17,850.00,0.00,-1,396,NULL,NULL,0,213,NULL,NULL),(427,181,'PDBY-20180330-016',7,1,1864.00,1,1864.00,0.00,-1,397,NULL,NULL,0,387,NULL,NULL),(428,81,'PDBY-20180418-001',6,1,697.00,1,697.00,697.00,1,398,NULL,42,0,NULL,NULL,NULL),(429,188,'PDBY-20180418-002',6,1,946.00,1,946.00,946.00,1,399,NULL,42,0,NULL,NULL,NULL),(430,85,'PDBY-20180418-003',6,1,1575.00,1,1575.00,0.00,1,400,NULL,42,0,NULL,NULL,NULL),(431,188,'PDBY-20180418-004',6,1,1943.00,1,1943.00,1943.00,1,401,NULL,42,0,NULL,NULL,NULL),(432,181,'PDBY-20180418-005',6,1,1420.00,1,1420.00,1420.00,1,402,NULL,42,0,NULL,NULL,NULL),(433,82,'PDBY-20180418-006',6,1,1163.00,1,1163.00,0.00,1,403,NULL,42,0,NULL,NULL,NULL),(434,190,'PDBY-20180418-007',6,1,2298.00,1,2298.00,0.00,1,404,NULL,42,0,NULL,NULL,NULL),(435,85,'PDBY-20180418-003',7,1,1575.00,1,1575.00,0.00,-1,405,NULL,NULL,0,430,NULL,NULL),(436,84,'PDBY-20180324-001',7,1,50.00,41,2050.00,0.00,-1,406,NULL,NULL,0,338,NULL,NULL),(437,84,'PDBY-20180402-001',7,1,650.00,1,650.00,0.00,-1,407,NULL,NULL,0,391,NULL,NULL),(438,84,'PDBY-20180317-003',7,1,50.00,19,950.00,0.00,-1,408,NULL,NULL,0,276,NULL,NULL),(439,84,'PDBY-20180317-003',7,1,25.00,1,25.00,0.00,-1,408,NULL,NULL,1,277,NULL,NULL),(440,81,'PDBY-20180418-008',6,1,1055.00,1,1055.00,0.00,1,409,NULL,42,0,NULL,NULL,NULL),(441,81,'PDBY-20180418-008',7,1,1055.00,1,1055.00,0.00,-1,410,NULL,NULL,0,440,NULL,NULL),(442,82,'PDBY-20180419-001',6,1,2135.00,1,2135.00,0.00,1,411,NULL,42,0,NULL,NULL,NULL),(443,82,'PDBY-20180418-006',7,1,1163.00,1,1163.00,0.00,-1,412,NULL,NULL,0,433,NULL,NULL),(444,82,'PDBY-20180419-001',7,1,2135.00,1,2135.00,0.00,-1,412,NULL,NULL,1,442,NULL,NULL),(445,84,'PDBY-20180318-005',7,1,50.00,34,1700.00,0.00,-1,413,NULL,NULL,0,300,NULL,NULL),(446,84,'PDBY-20180317-002',7,1,50.00,20,1000.00,0.00,-1,414,NULL,NULL,0,275,NULL,NULL),(447,187,'PDBY-20180324-013',7,1,210.00,1,210.00,0.00,-1,415,NULL,NULL,0,361,NULL,NULL),(448,187,'PDBY-20180330-007',7,1,708.00,1,708.00,0.00,-1,415,NULL,NULL,1,375,NULL,NULL),(449,82,'PDBY-20180423-001',6,1,1130.00,1,1130.00,0.00,1,416,NULL,42,0,NULL,NULL,NULL),(450,82,'PDBY-20180423-001',7,1,1130.00,1,1130.00,0.00,-1,417,NULL,NULL,0,449,NULL,NULL),(451,184,'PDBY-20180308-001',7,1,50.00,37,1850.00,0.00,-1,418,NULL,NULL,0,202,NULL,NULL),(452,285,'PDBY-20180423-002',6,1,1659.00,1,1659.00,0.00,1,419,NULL,42,0,NULL,NULL,NULL),(453,285,'PDBY-20180423-002',7,1,1659.00,1,1659.00,0.00,-1,420,NULL,NULL,0,452,NULL,NULL),(454,254,'PDBY-20180424-001',6,1,747.00,1,747.00,0.00,1,421,NULL,42,0,NULL,NULL,NULL),(455,254,'PDBY-20180424-001',7,1,747.00,1,747.00,0.00,-1,422,NULL,NULL,0,454,NULL,NULL),(456,290,'PDBY-20180424-002',6,1,100.00,1,100.00,0.00,1,423,NULL,42,0,NULL,NULL,NULL),(457,81,'PDBY-20180426-001',6,1,689.00,1,689.00,0.00,1,424,NULL,42,0,NULL,NULL,NULL),(458,81,'PDBY-20180426-001',7,1,689.00,1,689.00,0.00,-1,425,NULL,NULL,0,457,NULL,NULL),(459,84,'PDBY-20180324-002',7,1,50.00,14,700.00,0.00,-1,426,NULL,NULL,0,339,NULL,NULL),(460,187,'PDBY-20180427-001',6,1,912.00,1,912.00,0.00,1,427,NULL,42,0,NULL,NULL,NULL),(461,187,'PDBY-20180427-001',7,1,912.00,1,912.00,0.00,-1,428,NULL,NULL,0,460,NULL,NULL),(462,190,'PDBY-20180324-007',7,1,906.00,1,906.00,0.00,-1,429,NULL,NULL,0,348,NULL,NULL),(463,190,'PDBY-20180330-014',7,1,1427.00,1,1427.00,0.00,-1,429,NULL,NULL,1,385,NULL,NULL),(464,190,'PDBY-20180418-007',7,1,2298.00,1,2298.00,0.00,-1,429,NULL,NULL,2,434,NULL,NULL),(465,190,'PDBY-20180427-002',6,1,2304.00,1,2304.00,0.00,1,430,NULL,42,0,NULL,NULL,NULL),(466,190,'PDBY-20180427-002',7,1,2304.00,1,2304.00,0.00,-1,431,NULL,NULL,0,465,NULL,NULL),(467,193,'PDBY-20180428-001',6,1,1443.00,1,1443.00,0.00,1,432,NULL,42,0,NULL,NULL,NULL),(468,193,'PDBY-20180428-001',7,1,1443.00,1,1443.00,0.00,-1,433,NULL,NULL,0,467,NULL,NULL),(469,81,'PDBY-20180428-002',6,1,800.00,1,800.00,0.00,1,434,NULL,42,0,NULL,NULL,NULL),(470,82,'PDBY-20180428-003',6,1,300.00,1,300.00,0.00,1,435,NULL,42,0,NULL,NULL,NULL),(471,81,'PDBY-20180428-002',7,1,800.00,1,800.00,0.00,-1,436,NULL,NULL,0,469,NULL,NULL),(472,82,'PDBY-20180428-003',7,1,300.00,1,300.00,0.00,-1,437,NULL,NULL,0,470,NULL,NULL),(473,218,'CGDH-20180415-002',4,1,NULL,NULL,250.00,0.00,-1,NULL,36,NULL,0,424,NULL,NULL),(474,298,'SCRW-20180429-001-1',5,1,100.00,1,100.00,0.00,1,NULL,36,39,1,NULL,NULL,NULL),(475,298,'SCRW-20180429-001-1',2,1,100.00,1,100.00,0.00,-1,438,NULL,NULL,0,474,NULL,234),(476,36,'SCRW-20180307-003-1',2,1,10.00,1,10.00,0.00,-1,439,NULL,NULL,0,192,NULL,36),(478,290,'PDBY-20180424-002',4,1,NULL,NULL,20.00,0.00,-1,NULL,37,NULL,0,456,NULL,NULL),(479,298,'SCRW-20180429-002-1',5,1,100.00,1,100.00,0.00,1,NULL,37,38,1,NULL,NULL,NULL),(480,298,'SCRW-20180429-002-1',2,1,100.00,1,100.00,0.00,-1,441,NULL,NULL,0,479,NULL,236),(481,36,'SCRW-20180307-003-1',2,1,20.00,1,20.00,0.00,-1,442,NULL,NULL,0,192,NULL,36),(482,214,'CGDH-20180429-001',0,1,NULL,NULL,100.00,0.00,1,443,NULL,47,0,NULL,NULL,239),(483,214,'CGDH-20180429-002',0,1,NULL,NULL,200.00,0.00,1,444,NULL,40,0,NULL,NULL,240),(484,214,'CGDH-20180429-001',4,1,NULL,NULL,100.00,0.00,-1,NULL,38,NULL,0,482,NULL,NULL),(485,55,'SCRW-20180429-003-1',5,1,100.00,1,100.00,0.00,1,NULL,38,42,1,NULL,7,NULL),(486,55,'SCRW-20180429-003-1',2,1,100.00,1,100.00,0.00,-1,449,NULL,NULL,0,485,NULL,238),(487,214,'CGDH-20180429-002',4,1,NULL,NULL,100.00,0.00,-1,NULL,39,NULL,0,483,NULL,NULL),(488,161,'SCRW-20180429-004-1',5,1,200.00,1,200.00,100.00,1,NULL,39,37,1,NULL,7,NULL),(489,161,'SCRW-20180429-004-1',2,0,200.00,1,200.00,0.00,-1,452,NULL,NULL,0,488,NULL,241),(491,161,'SCRW-20180429-004-1',2,1,100.00,1,100.00,0.00,-1,454,NULL,NULL,0,488,NULL,237),(492,214,'CGDH-20180429-002',4,1,NULL,NULL,100.00,0.00,-1,NULL,40,NULL,0,483,NULL,NULL),(493,161,'SCRW-20180429-005-1',5,1,200.00,1,200.00,200.00,1,NULL,40,40,1,NULL,NULL,NULL),(494,298,'SCRW-20180429-002-1',2,1,100.00,1,100.00,0.00,-1,455,NULL,NULL,0,479,NULL,236),(496,290,'PDBY-20180424-002',7,1,100.00,1,80.00,0.00,-1,457,NULL,NULL,0,456,NULL,NULL),(497,214,'PDBY-20180429-001',6,1,100.00,1,100.00,80.00,1,458,NULL,37,0,NULL,NULL,NULL),(498,214,'PDBY-20180429-001',7,1,20.00,1,20.00,0.00,-1,459,NULL,NULL,0,497,NULL,NULL),(499,213,'PDBY-20180429-002',6,1,NULL,NULL,100.00,80.00,1,460,NULL,45,0,NULL,NULL,NULL),(500,213,'PDBY-20180429-002',7,1,20.00,1,20.00,0.00,-1,461,NULL,NULL,0,499,NULL,NULL),(501,213,'PDBY-20180429-002',7,0,NULL,NULL,80.00,0.00,-1,462,NULL,NULL,0,499,NULL,NULL),(502,265,'PDBY-20180429-003',6,1,NULL,NULL,100.00,0.00,1,463,NULL,27,0,NULL,NULL,NULL),(503,265,'PDBY-20180429-003',7,1,20.00,1,20.00,0.00,-1,464,NULL,NULL,0,502,NULL,NULL),(504,265,'PDBY-20180429-003',7,1,NULL,NULL,80.00,0.00,-1,465,NULL,NULL,0,502,NULL,NULL);

#
# Source for table "raw_batch_flow"
#

DROP TABLE IF EXISTS `raw_batch_flow`;
CREATE TABLE `raw_batch_flow` (
  `Id` int(11) NOT NULL AUTO_INCREMENT,
  `serial` varchar(100) DEFAULT NULL,
  `type` tinyint(3) NOT NULL DEFAULT '0' COMMENT '0-生成半成品 1-委外送出 2-委外回收',
  `direct` tinyint(3) NOT NULL DEFAULT '1',
  `status` tinyint(3) NOT NULL DEFAULT '0' COMMENT '0-未审核 1-已审核 2-部分委外完成 3-已委外完成',
  `number` double(11,2) DEFAULT NULL,
  `left_number` double(11,2) DEFAULT NULL,
  `arrive_number` double(11,2) DEFAULT NULL,
  `parent_id` int(11) DEFAULT NULL,
  `material_id` int(11) NOT NULL DEFAULT '0',
  `cir_id` int(11) DEFAULT NULL,
  `plan_id` int(11) DEFAULT NULL,
  `priority` int(11) DEFAULT NULL,
  PRIMARY KEY (`Id`),
  KEY `fk_raw_flow_cir` (`cir_id`),
  KEY `fk_raw_flow_plan` (`plan_id`),
  KEY `fk_raw_flow_raw_flow` (`parent_id`),
  KEY `fk_raw_flow_material` (`material_id`),
  CONSTRAINT `fk_raw_flow_cir` FOREIGN KEY (`cir_id`) REFERENCES `cir` (`Id`),
  CONSTRAINT `fk_raw_flow_material` FOREIGN KEY (`material_id`) REFERENCES `material` (`id`),
  CONSTRAINT `fk_raw_flow_plan` FOREIGN KEY (`plan_id`) REFERENCES `plan` (`Id`),
  CONSTRAINT `fk_raw_flow_raw_flow` FOREIGN KEY (`parent_id`) REFERENCES `raw_batch_flow` (`Id`)
) ENGINE=InnoDB AUTO_INCREMENT=104 DEFAULT CHARSET=utf8;

#
# Data for table "raw_batch_flow"
#

INSERT INTO `raw_batch_flow` VALUES (75,'SCRW-20180127-001',0,1,3,2000.00,2000.00,0.00,NULL,35,NULL,22,NULL),(76,'SCRW-20180127-001',1,-1,3,1500.00,0.00,1500.00,75,35,135,NULL,0),(77,'SCRW-20180127-001',1,-1,3,400.00,0.00,400.00,75,35,136,NULL,0),(78,'SCRW-20180127-001',1,-1,3,100.00,0.00,100.00,75,35,137,NULL,0),(79,'SCRW-20180127-001',2,1,1,1600.00,0.00,0.00,75,35,138,NULL,0),(81,'SCRW-20180127-001',2,1,1,400.00,0.00,0.00,75,35,140,NULL,0),(82,'SCRW-20180127-001',1,-1,3,2000.00,0.00,2000.00,75,35,141,NULL,0),(83,'SCRW-20180127-001',2,1,1,1200.00,0.00,0.00,75,35,142,NULL,0),(84,'SCRW-20180127-001',2,1,1,800.00,0.00,0.00,75,35,142,NULL,1),(85,'SCRW-20180307-003',0,1,1,500.00,500.00,0.00,NULL,36,NULL,32,NULL),(86,'SCRW-20180415-001',0,1,1,100.00,100.00,0.00,NULL,36,NULL,33,NULL),(87,'SCRW-20180415-002',0,1,3,100.00,100.00,0.00,NULL,36,NULL,34,NULL),(88,'SCRW-20180415-002',1,-1,3,100.00,0.00,100.00,87,36,389,NULL,0),(89,'SCRW-20180415-002',2,1,1,100.00,0.00,0.00,87,36,390,NULL,0),(90,'SCRW-20180415-003',0,1,3,2000.00,2000.00,0.00,NULL,34,NULL,35,NULL),(91,'SCRW-20180415-003',1,-1,3,2000.00,0.00,2000.00,90,34,392,NULL,0),(92,'SCRW-20180415-003',2,1,1,2000.00,0.00,0.00,90,34,393,NULL,0),(93,'SCRW-20180429-001',0,1,1,100.00,100.00,0.00,NULL,298,NULL,36,NULL),(94,'SCRW-20180429-002',0,1,1,100.00,100.00,0.00,NULL,298,NULL,37,NULL),(95,'SCRW-20180429-003',0,1,3,100.00,100.00,0.00,NULL,55,NULL,38,NULL),(96,'SCRW-20180429-003',1,-1,3,100.00,0.00,100.00,95,55,445,NULL,0),(97,'SCRW-20180429-003',2,1,1,100.00,0.00,0.00,95,55,446,NULL,0),(98,'SCRW-20180429-003',1,-1,3,100.00,0.00,100.00,95,55,447,NULL,0),(99,'SCRW-20180429-003',2,1,1,100.00,0.00,0.00,95,55,448,NULL,0),(100,'SCRW-20180429-004',0,1,3,200.00,200.00,0.00,NULL,161,NULL,39,NULL),(101,'SCRW-20180429-004',1,-1,3,200.00,0.00,200.00,100,161,450,NULL,0),(102,'SCRW-20180429-004',2,1,1,200.00,0.00,0.00,100,161,451,NULL,0),(103,'SCRW-20180429-005',0,1,1,200.00,200.00,0.00,NULL,161,NULL,40,NULL);

#
# Source for table "user_role"
#

DROP TABLE IF EXISTS `user_role`;
CREATE TABLE `user_role` (
  `role_id` int(11) NOT NULL,
  `user_id` int(11) NOT NULL,
  PRIMARY KEY (`role_id`,`user_id`),
  KEY `fk_role_user` (`user_id`),
  CONSTRAINT `fk_role_user` FOREIGN KEY (`user_id`) REFERENCES `user` (`id`),
  CONSTRAINT `fk_user_role` FOREIGN KEY (`role_id`) REFERENCES `role` (`id`)
) ENGINE=InnoDB DEFAULT CHARSET=utf8 ROW_FORMAT=COMPACT COMMENT='CMS用户角色关联表';

#
# Data for table "user_role"
#

INSERT INTO `user_role` VALUES (1,2),(1,4),(2,2),(2,3),(3,1),(4,2),(4,5),(5,2),(5,6),(6,2);

/*!40014 SET FOREIGN_KEY_CHECKS=@OLD_FOREIGN_KEY_CHECKS */;
/*!40014 SET UNIQUE_CHECKS=@OLD_UNIQUE_CHECKS */;
/*!40111 SET SQL_NOTES=@OLD_SQL_NOTES */;
/*!40101 SET SQL_MODE=@OLD_SQL_MODE */;
/*!40101 SET CHARACTER_SET_CLIENT=@OLD_CHARACTER_SET_CLIENT */;
/*!40101 SET CHARACTER_SET_RESULTS=@OLD_CHARACTER_SET_RESULTS */;
/*!40101 SET COLLATION_CONNECTION=@OLD_COLLATION_CONNECTION */;
